#pragma once
#include <cstddef>
inline const unsigned char esp_icons_ttf[] = {
    0x00, 0x01, 0x00, 0x00, 0x00, 0x0A, 0x00, 0x80, 0x00, 0x03, 0x00, 0x20, 0x4F, 0x53, 0x2F, 0x32,
    0x12, 0x69, 0x24, 0x1D, 0x00, 0x00, 0x00, 0xAC, 0x00, 0x00, 0x00, 0x60, 0x63, 0x6D, 0x61, 0x70,
    0x6B, 0xB1, 0x40, 0x1E, 0x00, 0x00, 0x01, 0x0C, 0x00, 0x00, 0x01, 0x52, 0x67, 0x6C, 0x79, 0x66,
    0x34, 0x26, 0x57, 0xB4, 0x00, 0x00, 0x02, 0x60, 0x00, 0x01, 0x27, 0x34, 0x68, 0x65, 0x61, 0x64,
    0x28, 0x27, 0x13, 0x26, 0x00, 0x01, 0x29, 0x94, 0x00, 0x00, 0x00, 0x36, 0x68, 0x68, 0x65, 0x61,
    0x10, 0xF0, 0x09, 0x65, 0x00, 0x01, 0x29, 0xCC, 0x00, 0x00, 0x00, 0x24, 0x68, 0x6D, 0x74, 0x78,
    0xB1, 0x0C, 0x17, 0x00, 0x00, 0x01, 0x29, 0xF0, 0x00, 0x00, 0x01, 0x78, 0x6C, 0x6F, 0x63, 0x61,
    0x00, 0x35, 0x57, 0x04, 0x00, 0x01, 0x2B, 0x68, 0x00, 0x00, 0x01, 0x7C, 0x6D, 0x61, 0x78, 0x70,
    0x00, 0x78, 0x03, 0x1D, 0x00, 0x01, 0x2C, 0xE4, 0x00, 0x00, 0x00, 0x20, 0x6E, 0x61, 0x6D, 0x65,
    0x0C, 0x91, 0x04, 0x80, 0x00, 0x01, 0x2D, 0x04, 0x00, 0x00, 0x01, 0x92, 0x70, 0x6F, 0x73, 0x74,
    0x09, 0x01, 0x08, 0xCF, 0x00, 0x01, 0x2E, 0x98, 0x00, 0x00, 0x00, 0xDE, 0x00, 0x04, 0x07, 0x54,
    0x01, 0x90, 0x00, 0x05, 0x00, 0x00, 0x02, 0x99, 0x02, 0xCC, 0x00, 0x00, 0x00, 0x8F, 0x02, 0x99,
    0x02, 0xCC, 0x00, 0x00, 0x01, 0xEB, 0x00, 0x33, 0x01, 0x09, 0x00, 0x00, 0x00, 0x00, 0x00, 0x00,
    0x00, 0x00, 0x00, 0x00, 0x00, 0x00, 0x00, 0x00, 0x00, 0x01, 0x10, 0x00, 0x00, 0x00, 0x00, 0x00,
    0x00, 0x00, 0x00, 0x00, 0x00, 0x00, 0x00, 0x00, 0x00, 0x00, 0x00, 0x40, 0x00, 0x00, 0xFF, 0xFD,
    0x03, 0xC0, 0xFF, 0xC0, 0x00, 0x40, 0x03, 0xC0, 0x00, 0x40, 0x00, 0x00, 0x00, 0x01, 0x00, 0x00,
    0x00, 0x00, 0x03, 0xA2, 0x03, 0x56, 0x00, 0x00, 0x00, 0x20, 0x00, 0x00, 0x00, 0x00, 0x00, 0x03,
    0x00, 0x00, 0x00, 0x03, 0x00, 0x00, 0x00, 0x1C, 0x00, 0x01, 0x00, 0x00, 0x00, 0x00, 0x00, 0x4C,
    0x00, 0x03, 0x00, 0x01, 0x00, 0x00, 0x00, 0x1C, 0x00, 0x04, 0x00, 0x30, 0x00, 0x00, 0x00, 0x08,
    0x00, 0x08, 0x00, 0x02, 0x00, 0x00, 0x00, 0x01, 0x00, 0x7A, 0xFF, 0xFD, 0xFF, 0xFF, 0x00, 0x00,
    0x00, 0x00, 0x00, 0x20, 0xFF, 0xFD, 0xFF, 0xFF, 0x00, 0x01, 0xFF, 0xE3, 0x00, 0x03, 0x00, 0x01,
    0x00, 0x00, 0x00, 0x00, 0x00, 0x00, 0x00, 0x00, 0x00, 0x00, 0x01, 0x06, 0x00, 0x00, 0x01, 0x02,
    0x00, 0x00, 0x00, 0x00, 0x00, 0x00, 0x00, 0x00, 0x00, 0x00, 0x00, 0x00, 0x00, 0x00, 0x00, 0x00,
    0x00, 0x00, 0x00, 0x00, 0x00, 0x00, 0x00, 0x00, 0x00, 0x00, 0x00, 0x00, 0x00, 0x00, 0x03, 0x04,
    0x05, 0x06, 0x07, 0x08, 0x09, 0x0A, 0x0B, 0x0C, 0x0D, 0x0E, 0x0F, 0x10, 0x11, 0x12, 0x13, 0x14,
    0x15, 0x16, 0x17, 0x18, 0x19, 0x1A, 0x1B, 0x1C, 0x1D, 0x1E, 0x1F, 0x20, 0x21, 0x22, 0x23, 0x24,
    0x25, 0x26, 0x27, 0x28, 0x29, 0x2A, 0x2B, 0x2C, 0x2D, 0x2E, 0x2F, 0x30, 0x31, 0x32, 0x33, 0x34,
    0x35, 0x36, 0x37, 0x38, 0x39, 0x3A, 0x3B, 0x3C, 0x3D, 0x3E, 0x3F, 0x40, 0x41, 0x42, 0x43, 0x44,
    0x45, 0x46, 0x47, 0x48, 0x49, 0x4A, 0x4B, 0x4C, 0x4D, 0x4E, 0x4F, 0x50, 0x51, 0x52, 0x53, 0x54,
    0x55, 0x56, 0x57, 0x58, 0x59, 0x5A, 0x5B, 0x5C, 0x5D, 0x00, 0x00, 0x00, 0x00, 0x00, 0x00, 0x00,
    0x00, 0x00, 0x00, 0x00, 0x00, 0x00, 0x00, 0x00, 0x00, 0x00, 0x00, 0x00, 0x00, 0x00, 0x00, 0x00,
    0x00, 0x00, 0x00, 0x00, 0x00, 0x00, 0x00, 0x00, 0x00, 0x00, 0x00, 0x00, 0x00, 0x00, 0x00, 0x00,
    0x00, 0x00, 0x00, 0x00, 0x00, 0x00, 0x00, 0x00, 0x00, 0x00, 0x00, 0x00, 0x00, 0x00, 0x00, 0x00,
    0x00, 0x00, 0x00, 0x00, 0x00, 0x00, 0x00, 0x00, 0x00, 0x00, 0x00, 0x00, 0x00, 0x00, 0x00, 0x00,
    0x00, 0x00, 0x00, 0x00, 0x00, 0x00, 0x00, 0x00, 0x00, 0x00, 0x00, 0x00, 0x00, 0x00, 0x00, 0x00,
    0x00, 0x00, 0x00, 0x00, 0x00, 0x00, 0x00, 0x00, 0x00, 0x00, 0x00, 0x00, 0x00, 0x00, 0x00, 0x00,
    0x00, 0x00, 0x00, 0x00, 0x00, 0x00, 0x00, 0x00, 0x00, 0x00, 0x00, 0x00, 0x00, 0x00, 0x00, 0x00,
    0x00, 0x00, 0x00, 0x00, 0x00, 0x00, 0x00, 0x00, 0x00, 0x00, 0x00, 0x00, 0x00, 0x00, 0x00, 0x00,
    0x00, 0x00, 0x00, 0x00, 0x00, 0x00, 0x00, 0x00, 0x00, 0x00, 0x00, 0x00, 0x00, 0x01, 0x00, 0x00,
    0x00, 0x00, 0x00, 0x00, 0x00, 0x00, 0x00, 0x02, 0x00, 0x00, 0x37, 0x39, 0x01, 0x00, 0x00, 0x00,
    0x00, 0x01, 0x00, 0x00, 0x00, 0x00, 0x00, 0x00, 0x00, 0x00, 0x00, 0x02, 0x00, 0x00, 0x37, 0x39,
    0x01, 0x00, 0x00, 0x00, 0x00, 0x01, 0x00, 0x00, 0x00, 0x00, 0x00, 0x00, 0x00, 0x00, 0x00, 0x02,
    0x00, 0x00, 0x37, 0x39, 0x01, 0x00, 0x00, 0x00, 0x00, 0x04, 0x00, 0x00, 0x00, 0x44, 0x03, 0x6B,
    0x03, 0x4E, 0x00, 0xE9, 0x01, 0x01, 0x01, 0x19, 0x01, 0x31, 0x00, 0x00, 0x01, 0x15, 0x14, 0x06,
    0x07, 0x0E, 0x01, 0x07, 0x0E, 0x01, 0x07, 0x0E, 0x01, 0x27, 0x2E, 0x01, 0x27, 0x2E, 0x01, 0x27,
    0x2E, 0x01, 0x27, 0x26, 0x06, 0x07, 0x0E, 0x01, 0x07, 0x0E, 0x01, 0x23, 0x22, 0x06, 0x2B, 0x01,
    0x2E, 0x01, 0x27, 0x2E, 0x01, 0x27, 0x2E, 0x01, 0x27, 0x0E, 0x01, 0x07, 0x0E, 0x01, 0x07, 0x1E,
    0x01, 0x17, 0x1E, 0x01, 0x17, 0x06, 0x14, 0x17, 0x14, 0x16, 0x33, 0x17, 0x32, 0x14, 0x07, 0x0E,
    0x01, 0x23, 0x30, 0x26, 0x2F, 0x01, 0x1E, 0x01, 0x17, 0x1E, 0x01, 0x17, 0x1E, 0x01, 0x17, 0x1E,
    0x01, 0x17, 0x1E, 0x01, 0x17, 0x1C, 0x01, 0x1D, 0x01, 0x14, 0x06, 0x07, 0x0E, 0x01, 0x07, 0x14,
    0x06, 0x07, 0x0E, 0x01, 0x23, 0x06, 0x26, 0x2F, 0x01, 0x2E, 0x01, 0x27, 0x2E, 0x01, 0x27, 0x2E,
    0x01, 0x27, 0x2E, 0x01, 0x35, 0x2E, 0x01, 0x35, 0x2E, 0x01, 0x2F, 0x02, 0x2E, 0x01, 0x27, 0x2E,
    0x01, 0x27, 0x2E, 0x01, 0x35, 0x2E, 0x01, 0x27, 0x2E, 0x01, 0x27, 0x2E, 0x01, 0x2F, 0x02, 0x34,
    0x36, 0x33, 0x35, 0x34, 0x36, 0x33, 0x17, 0x1E, 0x01, 0x15, 0x16, 0x14, 0x15, 0x14, 0x16, 0x33,
    0x16, 0x32, 0x37, 0x3E, 0x01, 0x37, 0x35, 0x37, 0x36, 0x34, 0x27, 0x2E, 0x01, 0x23, 0x07, 0x2A,
    0x01, 0x23, 0x22, 0x26, 0x35, 0x27, 0x35, 0x33, 0x17, 0x33, 0x1E, 0x01, 0x17, 0x1E, 0x01, 0x17,
    0x1E, 0x01, 0x17, 0x1E, 0x01, 0x17, 0x1E, 0x01, 0x17, 0x1E, 0x01, 0x17, 0x1E, 0x01, 0x31, 0x32,
    0x36, 0x37, 0x3E, 0x01, 0x33, 0x32, 0x16, 0x17, 0x1E, 0x01, 0x17, 0x1E, 0x01, 0x17, 0x1E, 0x01,
    0x17, 0x1E, 0x01, 0x17, 0x05, 0x17, 0x32, 0x16, 0x15, 0x22, 0x06, 0x15, 0x06, 0x26, 0x2F, 0x01,
    0x22, 0x26, 0x27, 0x3C, 0x01, 0x35, 0x34, 0x36, 0x33, 0x36, 0x32, 0x33, 0x37, 0x34, 0x36, 0x33,
    0x3E, 0x01, 0x33, 0x17, 0x32, 0x16, 0x17, 0x1E, 0x01, 0x15, 0x14, 0x06, 0x07, 0x2A, 0x01, 0x23,
    0x27, 0x22, 0x26, 0x35, 0x17, 0x2A, 0x01, 0x07, 0x06, 0x26, 0x35, 0x27, 0x22, 0x26, 0x35, 0x32,
    0x36, 0x37, 0x34, 0x16, 0x1F, 0x01, 0x32, 0x16, 0x15, 0x1C, 0x01, 0x15, 0x03, 0x6B, 0x01, 0x01,
    0x01, 0x05, 0x03, 0x03, 0x07, 0x04, 0x04, 0x08, 0x04, 0x04, 0x0A, 0x05, 0x1E, 0x38, 0x1A, 0x19,
    0x30, 0x16, 0x15, 0x25, 0x10, 0x10, 0x1D, 0x0D, 0x09, 0x13, 0x09, 0x09, 0x12, 0x09, 0x05, 0x05,
    0x0B, 0x05, 0x04, 0x08, 0x05, 0x05, 0x07, 0x02, 0x03, 0x04, 0x02, 0x02, 0x05, 0x04, 0x02, 0x08,
    0x06, 0x06, 0x0C, 0x06, 0x01, 0x01, 0x02, 0x01, 0x1D, 0x05, 0x05, 0x02, 0x01, 0x01, 0x03, 0x03,
    0x0E, 0x04, 0x07, 0x01, 0x02, 0x04, 0x02, 0x07, 0x1A, 0x12, 0x12, 0x33, 0x1F, 0x05, 0x06, 0x02,
    0x01, 0x01, 0x02, 0x04, 0x02, 0x01, 0x02, 0x02, 0x08, 0x06, 0x04, 0x0E, 0x0A, 0x05, 0x26, 0x3D,
    0x17, 0x16, 0x20, 0x09, 0x02, 0x03, 0x01, 0x02, 0x02, 0x02, 0x03, 0x01, 0x01, 0x01, 0x0A, 0x13,
    0x05, 0x08, 0x02, 0x04, 0x05, 0x02, 0x03, 0x03, 0x01, 0x08, 0x07, 0x05, 0x0C, 0x06, 0x08, 0x10,
    0x09, 0x9B, 0x05, 0x02, 0x03, 0x04, 0x05, 0xA6, 0x01, 0x02, 0x01, 0x03, 0x02, 0x05, 0x07, 0x02,
    0x02, 0x03, 0x01, 0x12, 0x02, 0x01, 0x03, 0x04, 0x02, 0x05, 0x03, 0x05, 0x02, 0x03, 0x03, 0x69,
    0x0E, 0x8D, 0x05, 0x08, 0x0D, 0x06, 0x05, 0x09, 0x05, 0x05, 0x06, 0x01, 0x02, 0x0A, 0x07, 0x06,
    0x0F, 0x07, 0x08, 0x0F, 0x07, 0x07, 0x08, 0x05, 0x1D, 0x17, 0x17, 0x3D, 0x27, 0x17, 0x25, 0x0F,
    0x0E, 0x1D, 0x0E, 0x0E, 0x20, 0x12, 0x11, 0x2D, 0x1B, 0x03, 0x03, 0x01, 0xFE, 0x23, 0x27, 0x02,
    0x02, 0x02, 0x02, 0x01, 0x02, 0x02, 0x26, 0x02, 0x03, 0x01, 0x02, 0x02, 0x02, 0x02, 0x02, 0x05,
    0x01, 0x01, 0x01, 0x01, 0x01, 0x27, 0x02, 0x04, 0x01, 0x02, 0x01, 0x01, 0x02, 0x01, 0x04, 0x02,
    0x27, 0x02, 0x03, 0x14, 0x03, 0x04, 0x01, 0x01, 0x01, 0x22, 0x02, 0x03, 0x02, 0x02, 0x01, 0x03,
    0x03, 0x20, 0x03, 0x03, 0x02, 0x18, 0x1B, 0x01, 0x02, 0x01, 0x03, 0x05, 0x03, 0x02, 0x03, 0x01,
    0x02, 0x01, 0x01, 0x01, 0x04, 0x03, 0x15, 0x1E, 0x0A, 0x09, 0x0C, 0x02, 0x01, 0x01, 0x02, 0x03,
    0x04, 0x02, 0x02, 0x02, 0x01, 0x03, 0x04, 0x02, 0x02, 0x03, 0x01, 0x01, 0x02, 0x01, 0x03, 0x08,
    0x03, 0x03, 0x04, 0x02, 0x04, 0x0C, 0x0A, 0x08, 0x10, 0x08, 0x01, 0x01, 0x01, 0x01, 0x02, 0x17,
    0x05, 0x06, 0x01, 0x01, 0x01, 0x01, 0x0B, 0x0D, 0x1A, 0x0D, 0x0D, 0x1E, 0x11, 0x22, 0x3F, 0x1C,
    0x1D, 0x30, 0x15, 0x04, 0x06, 0x03, 0x03, 0x06, 0x02, 0x06, 0x04, 0x06, 0x03, 0x04, 0x04, 0x02,
    0x02, 0x05, 0x03, 0x02, 0x03, 0x04, 0x03, 0x07, 0x03, 0x18, 0x38, 0x1F, 0x20, 0x47, 0x26, 0x0F,
    0x1B, 0x0C, 0x0C, 0x16, 0x0A, 0x08, 0x0F, 0x08, 0x08, 0x0B, 0x03, 0x0B, 0x20, 0x04, 0x09, 0x05,
    0x04, 0x07, 0x03, 0x03, 0x03, 0x01, 0x01, 0x04, 0x02, 0x03, 0x05, 0x02, 0x03, 0x06, 0x04, 0x7E,
    0x07, 0x02, 0x02, 0x04, 0x03, 0x02, 0x3F, 0x02, 0x03, 0x02, 0x02, 0x03, 0x02, 0x07, 0x08, 0x01,
    0x02, 0x01, 0x02, 0x01, 0x05, 0x18, 0x03, 0x05, 0x02, 0x01, 0x01, 0x02, 0x03, 0x02, 0x8B, 0x0C,
    0x62, 0x0B, 0x12, 0x08, 0x07, 0x0E, 0x06, 0x05, 0x07, 0x01, 0x01, 0x03, 0x02, 0x02, 0x04, 0x02,
    0x03, 0x03, 0x02, 0x01, 0x02, 0x03, 0x02, 0x03, 0x02, 0x02, 0x01, 0x02, 0x07, 0x06, 0x06, 0x11,
    0x0B, 0x0B, 0x1F, 0x14, 0x01, 0x03, 0x02, 0x07, 0x0F, 0x05, 0x04, 0x01, 0x01, 0x01, 0x01, 0x02,
    0x09, 0x02, 0x01, 0x02, 0x03, 0x01, 0x03, 0x02, 0x01, 0x0E, 0x01, 0x03, 0x01, 0x01, 0x06, 0x02,
    0x01, 0x02, 0x03, 0x01, 0x02, 0x02, 0x01, 0x05, 0x04, 0x05, 0x3F, 0x01, 0x01, 0x01, 0x01, 0x14,
    0x05, 0x04, 0x01, 0x01, 0x01, 0x01, 0x02, 0x12, 0x01, 0x02, 0x02, 0x04, 0x02, 0x00, 0x00, 0x00,
    0x00, 0x02, 0x00, 0x43, 0xFF, 0xEF, 0x02, 0x37, 0x03, 0x91, 0x00, 0x10, 0x00, 0x14, 0x00, 0x00,
    0x01, 0x21, 0x22, 0x06, 0x15, 0x11, 0x14, 0x16, 0x33, 0x21, 0x32, 0x36, 0x35, 0x11, 0x34, 0x26,
    0x23, 0x07, 0x21, 0x35, 0x21, 0x01, 0xF7, 0xFE, 0x8C, 0x1A, 0x26, 0x26, 0x1A, 0x01, 0x74, 0x1B,
    0x25, 0x25, 0x1B, 0x1E, 0xFE, 0xDE, 0x01, 0x22, 0x03, 0x91, 0x25, 0x1B, 0xFC, 0xDE, 0x1B, 0x25,
    0x25, 0x1B, 0x03, 0x22, 0x1B, 0x25, 0xDF, 0x59, 0x00, 0x0A, 0x00, 0x26, 0xFF, 0xD6, 0x05, 0x8E,
    0x03, 0x9C, 0x00, 0x29, 0x00, 0x39, 0x00, 0x41, 0x00, 0x51, 0x00, 0x82, 0x00, 0x87, 0x00, 0x8C,
    0x00, 0x91, 0x00, 0x96, 0x00, 0x9E, 0x00, 0x00, 0x25, 0x0E, 0x01, 0x23, 0x21, 0x22, 0x26, 0x35,
    0x3E, 0x01, 0x37, 0x35, 0x36, 0x37, 0x36, 0x34, 0x27, 0x26, 0x27, 0x2E, 0x01, 0x27, 0x3E, 0x01,
    0x33, 0x21, 0x32, 0x16, 0x17, 0x0E, 0x01, 0x07, 0x06, 0x07, 0x06, 0x14, 0x17, 0x16, 0x17, 0x1E,
    0x01, 0x17, 0x03, 0x34, 0x26, 0x23, 0x21, 0x22, 0x06, 0x15, 0x11, 0x14, 0x16, 0x33, 0x21, 0x32,
    0x36, 0x35, 0x17, 0x26, 0x27, 0x26, 0x34, 0x37, 0x36, 0x37, 0x07, 0x11, 0x14, 0x06, 0x23, 0x21,
    0x22, 0x26, 0x35, 0x11, 0x34, 0x36, 0x33, 0x21, 0x32, 0x16, 0x05, 0x27, 0x2E, 0x01, 0x23, 0x2A,
    0x01, 0x0F, 0x01, 0x15, 0x23, 0x07, 0x0E, 0x01, 0x07, 0x0E, 0x01, 0x17, 0x1E, 0x01, 0x1F, 0x02,
    0x32, 0x16, 0x15, 0x17, 0x1E, 0x01, 0x33, 0x32, 0x36, 0x3F, 0x03, 0x3E, 0x01, 0x37, 0x36, 0x34,
    0x27, 0x2E, 0x01, 0x2F, 0x01, 0x2E, 0x01, 0x23, 0x0F, 0x01, 0x27, 0x37, 0x17, 0x07, 0x37, 0x17,
    0x07, 0x27, 0x17, 0x07, 0x27, 0x37, 0x17, 0x25, 0x37, 0x17, 0x07, 0x27, 0x01, 0x16, 0x17, 0x16,
    0x14, 0x07, 0x06, 0x07, 0x05, 0x8C, 0x05, 0x27, 0x22, 0xFB, 0x37, 0x27, 0x28, 0x03, 0x04, 0x02,
    0x18, 0x0B, 0x0C, 0x0C, 0x0B, 0x18, 0x02, 0x03, 0x03, 0x03, 0x27, 0x24, 0x04, 0xC9, 0x21, 0x27,
    0x06, 0x02, 0x04, 0x02, 0x1A, 0x0D, 0x0D, 0x0D, 0x0D, 0x1A, 0x02, 0x04, 0x02, 0x5F, 0x31, 0x32,
    0xFC, 0x17, 0x32, 0x32, 0x32, 0x32, 0x03, 0xE9, 0x32, 0x31, 0x61, 0x16, 0x0A, 0x0B, 0x0B, 0x0A,
    0x16, 0x87, 0x1F, 0x1E, 0xFC, 0x17, 0x1E, 0x1E, 0x1E, 0x1E, 0x03, 0xE9, 0x1E, 0x1F, 0xFE, 0x7B,
    0xAE, 0x02, 0x04, 0x02, 0x03, 0x04, 0x02, 0xB2, 0x03, 0xDD, 0x03, 0x05, 0x01, 0x01, 0x01, 0x01,
    0x01, 0x03, 0x03, 0xAC, 0x02, 0x01, 0x01, 0xE0, 0x03, 0x06, 0x03, 0x03, 0x06, 0x03, 0xE2, 0x03,
    0xAB, 0x03, 0x03, 0x01, 0x01, 0x02, 0x01, 0x05, 0x03, 0xDC, 0x02, 0x02, 0x01, 0x2B, 0x8B, 0x8D,
    0x8D, 0x8B, 0x65, 0x8D, 0xB6, 0x89, 0xBA, 0x98, 0xC0, 0xC0, 0xC2, 0xBE, 0xFD, 0xD5, 0xB6, 0x90,
    0xBD, 0x89, 0xFE, 0xC7, 0x12, 0x09, 0x09, 0x09, 0x09, 0x12, 0x0E, 0x1C, 0x1C, 0x26, 0x26, 0x0A,
    0x13, 0x0A, 0x01, 0x61, 0x5F, 0x5F, 0xBB, 0x5C, 0x5D, 0x5A, 0x0A, 0x11, 0x08, 0x21, 0x21, 0x1C,
    0x1C, 0x06, 0x0D, 0x07, 0x60, 0x62, 0x62, 0xC7, 0x66, 0x65, 0x67, 0x07, 0x10, 0x08, 0x02, 0xCB,
    0x32, 0x33, 0x33, 0x32, 0xFD, 0xDC, 0x32, 0x33, 0x33, 0x32, 0x5A, 0x5B, 0x5A, 0x5A, 0xB0, 0x57,
    0x57, 0x55, 0x44, 0xFD, 0xDC, 0x1E, 0x1E, 0x1E, 0x1E, 0x02, 0x24, 0x1E, 0x1E, 0x1E, 0x7F, 0x56,
    0x01, 0x01, 0x01, 0x58, 0x01, 0x69, 0x02, 0x04, 0x04, 0x03, 0x06, 0x04, 0x03, 0x05, 0x03, 0x83,
    0x02, 0x01, 0x01, 0xAC, 0x02, 0x02, 0x02, 0x02, 0xAE, 0x02, 0x83, 0x03, 0x05, 0x03, 0x04, 0x06,
    0x03, 0x04, 0x04, 0x02, 0x69, 0x01, 0x01, 0x15, 0x53, 0x52, 0x45, 0x44, 0x69, 0x54, 0x57, 0x6A,
    0x6D, 0x87, 0x93, 0x93, 0x70, 0x70, 0x84, 0x57, 0x55, 0x6C, 0x6A, 0x01, 0x12, 0x50, 0x50, 0x51,
    0xA4, 0x53, 0x53, 0x54, 0x00, 0x0F, 0x00, 0x81, 0xFF, 0xE2, 0x03, 0xBA, 0x03, 0xAA, 0x00, 0x5A,
    0x00, 0x5E, 0x00, 0x62, 0x00, 0x72, 0x00, 0x82, 0x00, 0x92, 0x00, 0xA2, 0x00, 0xB2, 0x00, 0xC2,
    0x00, 0xD2, 0x00, 0xE2, 0x00, 0xF2, 0x01, 0x02, 0x01, 0x12, 0x01, 0x22, 0x00, 0x00, 0x01, 0x2E,
    0x01, 0x27, 0x2E, 0x01, 0x23, 0x22, 0x06, 0x07, 0x0E, 0x01, 0x07, 0x06, 0x14, 0x31, 0x33, 0x34,
    0x36, 0x37, 0x3E, 0x01, 0x37, 0x36, 0x16, 0x17, 0x1E, 0x01, 0x17, 0x16, 0x06, 0x07, 0x0E, 0x01,
    0x07, 0x06, 0x22, 0x23, 0x11, 0x34, 0x26, 0x2B, 0x01, 0x35, 0x34, 0x26, 0x2B, 0x01, 0x22, 0x06,
    0x1D, 0x01, 0x21, 0x22, 0x06, 0x1D, 0x01, 0x23, 0x22, 0x06, 0x1D, 0x01, 0x14, 0x16, 0x3B, 0x01,
    0x11, 0x14, 0x16, 0x33, 0x21, 0x32, 0x36, 0x35, 0x11, 0x3A, 0x01, 0x33, 0x32, 0x36, 0x37, 0x3E,
    0x01, 0x37, 0x36, 0x35, 0x36, 0x26, 0x27, 0x26, 0x27, 0x01, 0x21, 0x11, 0x21, 0x37, 0x21, 0x35,
    0x21, 0x01, 0x14, 0x06, 0x2B, 0x01, 0x22, 0x26, 0x3D, 0x01, 0x34, 0x36, 0x3B, 0x01, 0x32, 0x16,
    0x15, 0x17, 0x14, 0x06, 0x2B, 0x01, 0x22, 0x26, 0x3D, 0x01, 0x34, 0x36, 0x3B, 0x01, 0x32, 0x16,
    0x15, 0x17, 0x14, 0x06, 0x2B, 0x01, 0x22, 0x26, 0x3D, 0x01, 0x34, 0x36, 0x3B, 0x01, 0x32, 0x16,
    0x15, 0x07, 0x14, 0x06, 0x2B, 0x01, 0x22, 0x26, 0x3D, 0x01, 0x34, 0x36, 0x3B, 0x01, 0x32, 0x16,
    0x15, 0x17, 0x14, 0x06, 0x2B, 0x01, 0x22, 0x26, 0x3D, 0x01, 0x34, 0x36, 0x3B, 0x01, 0x32, 0x16,
    0x15, 0x17, 0x14, 0x06, 0x2B, 0x01, 0x22, 0x26, 0x3D, 0x01, 0x34, 0x36, 0x3B, 0x01, 0x32, 0x16,
    0x15, 0x07, 0x14, 0x06, 0x2B, 0x01, 0x22, 0x26, 0x3D, 0x01, 0x34, 0x36, 0x3B, 0x01, 0x32, 0x16,
    0x15, 0x17, 0x14, 0x06, 0x2B, 0x01, 0x22, 0x26, 0x3D, 0x01, 0x34, 0x36, 0x3B, 0x01, 0x32, 0x16,
    0x15, 0x17, 0x14, 0x06, 0x2B, 0x01, 0x22, 0x26, 0x3D, 0x01, 0x34, 0x36, 0x3B, 0x01, 0x32, 0x16,
    0x15, 0x07, 0x14, 0x06, 0x2B, 0x01, 0x22, 0x26, 0x3D, 0x01, 0x34, 0x36, 0x3B, 0x01, 0x32, 0x16,
    0x15, 0x17, 0x14, 0x06, 0x2B, 0x01, 0x22, 0x26, 0x3D, 0x01, 0x34, 0x36, 0x3B, 0x01, 0x32, 0x16,
    0x15, 0x17, 0x14, 0x06, 0x2B, 0x01, 0x22, 0x26, 0x3D, 0x01, 0x34, 0x36, 0x3B, 0x01, 0x32, 0x16,
    0x15, 0x03, 0xB1, 0x0A, 0x3B, 0x15, 0x0D, 0x44, 0x22, 0x32, 0x48, 0x09, 0x1F, 0x1D, 0x01, 0x01,
    0x14, 0x0B, 0x09, 0x10, 0x33, 0x44, 0x47, 0x43, 0x0F, 0x27, 0x12, 0x02, 0x02, 0x11, 0x07, 0x08,
    0x1D, 0x18, 0x08, 0x1B, 0x0D, 0x12, 0x0C, 0xCC, 0x04, 0x03, 0x0C, 0x03, 0x04, 0xFE, 0xAA, 0x0D,
    0x12, 0x19, 0x07, 0x09, 0x09, 0x07, 0x19, 0x12, 0x0D, 0x02, 0x3C, 0x0C, 0x12, 0x07, 0x13, 0x0B,
    0x21, 0x20, 0x0A, 0x0D, 0x15, 0x03, 0x02, 0x01, 0x02, 0x02, 0x03, 0x03, 0xFE, 0xB3, 0xFE, 0xB6,
    0x01, 0x4A, 0x5A, 0xFE, 0x5C, 0x01, 0xA4, 0xFE, 0xBC, 0x03, 0x02, 0x2D, 0x02, 0x03, 0x03, 0x02,
    0x2D, 0x02, 0x03, 0x59, 0x03, 0x03, 0x2C, 0x02, 0x03, 0x03, 0x02, 0x2C, 0x03, 0x03, 0x58, 0x03,
    0x02, 0x2C, 0x02, 0x03, 0x03, 0x02, 0x2C, 0x02, 0x03, 0xB1, 0x03, 0x02, 0x2D, 0x02, 0x03, 0x03,
    0x02, 0x2D, 0x02, 0x03, 0x59, 0x03, 0x03, 0x2C, 0x02, 0x03, 0x03, 0x02, 0x2C, 0x03, 0x03, 0x58,
    0x03, 0x02, 0x2C, 0x02, 0x03, 0x03, 0x02, 0x2C, 0x02, 0x03, 0xB1, 0x03, 0x02, 0x2D, 0x02, 0x03,
    0x03, 0x02, 0x2D, 0x02, 0x03, 0x59, 0x03, 0x03, 0x2C, 0x02, 0x03, 0x03, 0x02, 0x2C, 0x03, 0x03,
    0x58, 0x03, 0x02, 0x2C, 0x02, 0x03, 0x03, 0x02, 0x2C, 0x02, 0x03, 0xB1, 0x03, 0x02, 0x2D, 0x02,
    0x03, 0x03, 0x02, 0x2D, 0x02, 0x03, 0x59, 0x03, 0x03, 0x2C, 0x02, 0x03, 0x03, 0x02, 0x2C, 0x03,
    0x03, 0x58, 0x03, 0x02, 0x2C, 0x02, 0x03, 0x03, 0x02, 0x2C, 0x02, 0x03, 0x02, 0xFE, 0x47, 0x42,
    0x0B, 0x07, 0x11, 0x0B, 0x03, 0x08, 0x16, 0x0B, 0x0D, 0x0A, 0x14, 0x0C, 0x04, 0x06, 0x0D, 0x02,
    0x02, 0x1C, 0x10, 0x29, 0x74, 0x88, 0x82, 0x5B, 0x16, 0x19, 0x1E, 0x02, 0x01, 0x02, 0x00, 0x0C,
    0x12, 0x18, 0x03, 0x04, 0x04, 0x03, 0x18, 0x12, 0x0C, 0x9D, 0x09, 0x07, 0xCB, 0x07, 0x08, 0xFE,
    0x6E, 0x0D, 0x11, 0x11, 0x0D, 0x01, 0x02, 0x19, 0x0E, 0x12, 0x4E, 0x2D, 0x29, 0x30, 0x30, 0x5C,
    0x27, 0x26, 0x16, 0xFD, 0x69, 0x01, 0x87, 0x77, 0x7F, 0xFE, 0xB7, 0x02, 0x03, 0x03, 0x02, 0x22,
    0x02, 0x03, 0x03, 0x02, 0x22, 0x02, 0x03, 0x03, 0x02, 0x22, 0x02, 0x03, 0x03, 0x02, 0x22, 0x02,
    0x03, 0x03, 0x02, 0x22, 0x02, 0x03, 0x03, 0x02, 0x76, 0x02, 0x03, 0x03, 0x02, 0x22, 0x02, 0x03,
    0x03, 0x02, 0x22, 0x02, 0x03, 0x03, 0x02, 0x22, 0x02, 0x03, 0x03, 0x02, 0x22, 0x02, 0x03, 0x03,
    0x02, 0x22, 0x02, 0x03, 0x03, 0x02, 0x75, 0x03, 0x03, 0x03, 0x03, 0x21, 0x02, 0x03, 0x03, 0x02,
    0x21, 0x03, 0x03, 0x03, 0x03, 0x21, 0x02, 0x03, 0x03, 0x02, 0x21, 0x03, 0x03, 0x03, 0x03, 0x21,
    0x02, 0x03, 0x03, 0x02, 0x75, 0x02, 0x03, 0x03, 0x02, 0x21, 0x03, 0x03, 0x03, 0x03, 0x21, 0x02,
    0x03, 0x03, 0x02, 0x21, 0x03, 0x03, 0x03, 0x03, 0x21, 0x02, 0x03, 0x03, 0x02, 0x21, 0x03, 0x03,
    0x03, 0x03, 0x00, 0x00, 0x00, 0x03, 0x00, 0x5C, 0x00, 0x5A, 0x01, 0xA1, 0x03, 0x26, 0x00, 0x86,
    0x00, 0xAA, 0x00, 0xD4, 0x00, 0x00, 0x01, 0x34, 0x07, 0x06, 0x27, 0x26, 0x37, 0x36, 0x27, 0x26,
    0x2B, 0x01, 0x06, 0x07, 0x06, 0x07, 0x36, 0x07, 0x22, 0x23, 0x06, 0x23, 0x06, 0x2B, 0x01, 0x22,
    0x27, 0x26, 0x07, 0x06, 0x07, 0x06, 0x3B, 0x01, 0x32, 0x1D, 0x01, 0x14, 0x07, 0x06, 0x15, 0x14,
    0x07, 0x06, 0x07, 0x06, 0x07, 0x06, 0x17, 0x11, 0x14, 0x17, 0x16, 0x17, 0x16, 0x37, 0x36, 0x37,
    0x36, 0x37, 0x36, 0x37, 0x36, 0x33, 0x36, 0x35, 0x11, 0x16, 0x17, 0x16, 0x17, 0x16, 0x17, 0x16,
    0x17, 0x16, 0x1F, 0x01, 0x16, 0x07, 0x06, 0x15, 0x11, 0x14, 0x07, 0x06, 0x15, 0x14, 0x17, 0x14,
    0x33, 0x32, 0x37, 0x32, 0x37, 0x36, 0x37, 0x11, 0x34, 0x37, 0x34, 0x27, 0x26, 0x27, 0x26, 0x27,
    0x26, 0x35, 0x26, 0x35, 0x34, 0x27, 0x26, 0x35, 0x26, 0x27, 0x26, 0x27, 0x26, 0x35, 0x26, 0x27,
    0x26, 0x35, 0x34, 0x27, 0x26, 0x27, 0x26, 0x27, 0x26, 0x35, 0x26, 0x27, 0x26, 0x07, 0x37, 0x06,
    0x17, 0x16, 0x17, 0x16, 0x17, 0x16, 0x07, 0x06, 0x07, 0x06, 0x27, 0x36, 0x27, 0x26, 0x2F, 0x01,
    0x31, 0x27, 0x26, 0x27, 0x26, 0x37, 0x06, 0x07, 0x06, 0x17, 0x26, 0x27, 0x26, 0x27, 0x26, 0x37,
    0x36, 0x13, 0x15, 0x14, 0x07, 0x06, 0x07, 0x06, 0x07, 0x06, 0x23, 0x06, 0x07, 0x06, 0x23, 0x22,
    0x07, 0x06, 0x27, 0x26, 0x27, 0x26, 0x27, 0x26, 0x27, 0x22, 0x3D, 0x01, 0x16, 0x17, 0x16, 0x17,
    0x16, 0x17, 0x16, 0x17, 0x16, 0x37, 0x36, 0x37, 0x36, 0x3F, 0x01, 0x01, 0x4D, 0x03, 0x03, 0x02,
    0x01, 0x02, 0x01, 0x02, 0x01, 0x04, 0x05, 0x06, 0x05, 0x06, 0x03, 0x02, 0x1B, 0x08, 0x07, 0x08,
    0x04, 0x04, 0x01, 0x33, 0x06, 0x04, 0x06, 0x06, 0x09, 0x05, 0x06, 0x03, 0x0F, 0x0C, 0x03, 0x04,
    0x0B, 0x0C, 0x04, 0x0B, 0x18, 0x19, 0x0B, 0x11, 0x11, 0x05, 0x2A, 0x28, 0x2A, 0x27, 0x0C, 0x12,
    0x0C, 0x0F, 0x03, 0x02, 0x01, 0x06, 0x03, 0x03, 0x04, 0x01, 0x06, 0x01, 0x04, 0x01, 0x06, 0x06,
    0x04, 0x02, 0x02, 0x03, 0x03, 0x01, 0x06, 0x05, 0x01, 0x02, 0x01, 0x06, 0x02, 0x01, 0x03, 0x02,
    0x04, 0x04, 0x03, 0x02, 0x01, 0x03, 0x04, 0x02, 0x02, 0x01, 0x04, 0x08, 0x02, 0x06, 0x04, 0x03,
    0x05, 0x01, 0x01, 0x02, 0x02, 0x04, 0x03, 0x07, 0x8B, 0x3C, 0x21, 0x1B, 0x11, 0x21, 0x0E, 0x06,
    0x06, 0x04, 0x03, 0x10, 0x10, 0x16, 0x0E, 0x12, 0x05, 0x06, 0x09, 0x05, 0x0C, 0x07, 0x07, 0x06,
    0x1E, 0x01, 0x02, 0x22, 0x2F, 0x11, 0x10, 0x02, 0x01, 0x0F, 0x0E, 0xB8, 0x02, 0x01, 0x0D, 0x06,
    0x0C, 0x0C, 0x05, 0x0E, 0x15, 0x03, 0x05, 0x05, 0x03, 0x0C, 0x05, 0x09, 0x14, 0x14, 0x0A, 0x28,
    0x13, 0x06, 0x0B, 0x14, 0x14, 0x0B, 0x0A, 0x15, 0x15, 0x0A, 0x0F, 0x0E, 0x14, 0x09, 0x14, 0x0B,
    0x1E, 0x03, 0x12, 0x06, 0x01, 0x02, 0x05, 0x01, 0x05, 0x03, 0x02, 0x01, 0x01, 0x09, 0x0A, 0x06,
    0x0A, 0x02, 0x01, 0x01, 0x01, 0x01, 0x02, 0x03, 0x14, 0x15, 0x01, 0x28, 0x07, 0x05, 0x05, 0x0A,
    0x03, 0x02, 0x02, 0x01, 0x02, 0x01, 0x03, 0x15, 0xFE, 0x01, 0x08, 0x06, 0x08, 0x01, 0x10, 0x01,
    0x02, 0x08, 0x01, 0x07, 0x04, 0x09, 0x03, 0x01, 0x02, 0x01, 0xFF, 0x06, 0x04, 0x06, 0x04, 0x01,
    0x09, 0x06, 0x05, 0x02, 0x06, 0x09, 0x09, 0x13, 0x18, 0x06, 0xFE, 0xB7, 0x05, 0x01, 0x03, 0x07,
    0x07, 0x01, 0x01, 0x01, 0x01, 0x04, 0x0A, 0x01, 0x5A, 0x13, 0x0A, 0x0F, 0x0C, 0x0A, 0x04, 0x04,
    0x08, 0x06, 0x02, 0x03, 0x07, 0x02, 0x04, 0x04, 0x01, 0x03, 0x09, 0x04, 0x06, 0x08, 0x0C, 0x0E,
    0x06, 0x03, 0x08, 0x08, 0x04, 0x03, 0x07, 0x02, 0x03, 0x03, 0x01, 0x0E, 0x07, 0x10, 0xD0, 0x30,
    0x28, 0x2D, 0x1D, 0x32, 0x14, 0x17, 0x19, 0x18, 0x10, 0x19, 0x1C, 0x08, 0x09, 0x18, 0x06, 0x07,
    0x0A, 0x06, 0x0D, 0x10, 0x10, 0x11, 0x16, 0x2A, 0x2C, 0x14, 0x03, 0x26, 0x26, 0x28, 0x27, 0x2D,
    0x29, 0xFE, 0xEA, 0x16, 0x0C, 0x02, 0x01, 0x02, 0x01, 0x01, 0x02, 0x01, 0x04, 0x01, 0x01, 0x02,
    0x01, 0x01, 0x02, 0x03, 0x02, 0x04, 0x03, 0x04, 0x23, 0x01, 0x02, 0x02, 0x01, 0x01, 0x02, 0x02,
    0x01, 0x02, 0x03, 0x04, 0x01, 0x02, 0x01, 0x03, 0x00, 0x04, 0x00, 0x61, 0x00, 0x5A, 0x03, 0x1D,
    0x03, 0x8C, 0x00, 0x11, 0x00, 0x23, 0x00, 0x35, 0x00, 0x80, 0x00, 0x00, 0x13, 0x37, 0x27, 0x07,
    0x35, 0x23, 0x15, 0x27, 0x07, 0x17, 0x07, 0x17, 0x37, 0x15, 0x33, 0x35, 0x17, 0x37, 0x13, 0x17,
    0x07, 0x27, 0x15, 0x23, 0x35, 0x07, 0x27, 0x37, 0x27, 0x37, 0x17, 0x35, 0x33, 0x15, 0x37, 0x17,
    0x05, 0x17, 0x07, 0x27, 0x15, 0x23, 0x35, 0x07, 0x27, 0x37, 0x27, 0x37, 0x17, 0x35, 0x33, 0x15,
    0x37, 0x17, 0x05, 0x35, 0x26, 0x27, 0x26, 0x35, 0x34, 0x37, 0x36, 0x3F, 0x01, 0x33, 0x17, 0x11,
    0x07, 0x27, 0x26, 0x37, 0x36, 0x37, 0x36, 0x37, 0x36, 0x3F, 0x01, 0x11, 0x27, 0x15, 0x07, 0x15,
    0x23, 0x15, 0x33, 0x15, 0x23, 0x15, 0x33, 0x15, 0x23, 0x15, 0x33, 0x15, 0x17, 0x15, 0x14, 0x07,
    0x06, 0x2B, 0x01, 0x22, 0x27, 0x26, 0x3D, 0x01, 0x37, 0x35, 0x33, 0x35, 0x23, 0x35, 0x33, 0x35,
    0x23, 0x35, 0x33, 0x35, 0x23, 0x35, 0x27, 0x35, 0x34, 0x37, 0x36, 0x3B, 0x01, 0xDA, 0x2D, 0x12,
    0x2D, 0x25, 0x2E, 0x14, 0x2F, 0x2F, 0x12, 0x30, 0x25, 0x2D, 0x13, 0x20, 0x37, 0x16, 0x35, 0x2D,
    0x38, 0x16, 0x38, 0x38, 0x16, 0x38, 0x2D, 0x35, 0x16, 0x01, 0x90, 0x2E, 0x13, 0x2D, 0x25, 0x2F,
    0x12, 0x2D, 0x2D, 0x13, 0x2E, 0x25, 0x2D, 0x12, 0xFE, 0x7C, 0x0C, 0x08, 0x07, 0x03, 0x02, 0x05,
    0x17, 0x7C, 0x69, 0x35, 0x11, 0x03, 0x02, 0x02, 0x04, 0x06, 0x05, 0x0A, 0x06, 0x10, 0x2E, 0x1B,
    0x0B, 0x0B, 0x0B, 0x0B, 0x0B, 0x0B, 0x1B, 0x03, 0x04, 0x08, 0xC9, 0x08, 0x04, 0x04, 0x1A, 0x0C,
    0x0C, 0x0C, 0x0C, 0x0C, 0x0C, 0x1A, 0x04, 0x04, 0x08, 0x10, 0x02, 0x00, 0x1B, 0x21, 0x1A, 0x35,
    0x36, 0x1B, 0x21, 0x1B, 0x1A, 0x20, 0x1B, 0x35, 0x34, 0x1A, 0x20, 0x01, 0x41, 0x20, 0x26, 0x1E,
    0x3E, 0x40, 0x20, 0x26, 0x20, 0x20, 0x26, 0x21, 0x40, 0x3E, 0x1F, 0x26, 0x4B, 0x1A, 0x20, 0x1A,
    0x34, 0x35, 0x1B, 0x20, 0x1A, 0x1B, 0x21, 0x1B, 0x36, 0x35, 0x1A, 0x21, 0x4E, 0x2D, 0x01, 0x07,
    0x06, 0x0C, 0x08, 0x04, 0x05, 0x02, 0x03, 0xA8, 0xFE, 0x9D, 0x1A, 0x03, 0x04, 0x06, 0x04, 0x05,
    0x06, 0x03, 0x06, 0x03, 0x08, 0x01, 0x3D, 0x1A, 0x35, 0x19, 0x35, 0x36, 0x38, 0x36, 0x39, 0x36,
    0x34, 0x2E, 0x27, 0x07, 0x04, 0x04, 0x04, 0x04, 0x07, 0x27, 0x2E, 0x34, 0x36, 0x39, 0x36, 0x38,
    0x36, 0x35, 0x19, 0x49, 0x07, 0x04, 0x04, 0x00, 0x00, 0x07, 0x00, 0x11, 0x00, 0x5B, 0x03, 0xEB,
    0x03, 0x2F, 0x00, 0x03, 0x00, 0x08, 0x00, 0x10, 0x00, 0x1D, 0x00, 0x22, 0x00, 0x27, 0x00, 0x2B,
    0x00, 0x00, 0x01, 0x21, 0x15, 0x05, 0x25, 0x33, 0x15, 0x23, 0x35, 0x25, 0x33, 0x15, 0x33, 0x35,
    0x21, 0x15, 0x33, 0x21, 0x27, 0x39, 0x01, 0x27, 0x23, 0x15, 0x33, 0x15, 0x23, 0x15, 0x33, 0x11,
    0x05, 0x11, 0x05, 0x03, 0x25, 0x17, 0x21, 0x15, 0x21, 0x35, 0x05, 0x21, 0x35, 0x21, 0x03, 0x9F,
    0xFC, 0x72, 0x03, 0x8E, 0xFC, 0x7F, 0x62, 0x62, 0x01, 0x2F, 0xFD, 0x4D, 0xFE, 0x73, 0x43, 0x02,
    0x9E, 0x01, 0x25, 0x69, 0x66, 0x23, 0x4B, 0xFC, 0x37, 0x03, 0x6B, 0x02, 0xFC, 0x97, 0x54, 0x01,
    0x2C, 0xFE, 0xD4, 0x01, 0x2D, 0xFE, 0xD4, 0x01, 0x2C, 0x02, 0x9E, 0x40, 0x64, 0xFC, 0x30, 0x30,
    0x0A, 0x35, 0x64, 0x64, 0x01, 0x30, 0x31, 0xFB, 0xA7, 0x01, 0xA2, 0x9E, 0xFE, 0x33, 0x05, 0x01,
    0x78, 0x5A, 0xE8, 0x31, 0x31, 0x81, 0x32, 0x00, 0x00, 0x01, 0x00, 0x0C, 0x00, 0x02, 0x03, 0xF4,
    0x03, 0x7E, 0x00, 0x3D, 0x00, 0x00, 0x13, 0x37, 0x1F, 0x01, 0x37, 0x1F, 0x03, 0x37, 0x33, 0x37,
    0x33, 0x17, 0x33, 0x17, 0x3F, 0x03, 0x17, 0x3F, 0x01, 0x17, 0x03, 0x07, 0x27, 0x0F, 0x01, 0x27,
    0x37, 0x27, 0x0F, 0x03, 0x15, 0x17, 0x37, 0x07, 0x2F, 0x01, 0x0F, 0x01, 0x2F, 0x01, 0x07, 0x27,
    0x37, 0x33, 0x35, 0x2F, 0x03, 0x0F, 0x02, 0x2F, 0x01, 0x07, 0x27, 0x0C, 0x6E, 0x16, 0x22, 0x42,
    0x0E, 0x03, 0x27, 0x43, 0x06, 0x4E, 0x06, 0x71, 0x03, 0x4C, 0x07, 0x3F, 0x25, 0x04, 0x0F, 0x46,
    0x23, 0x1D, 0x67, 0x58, 0x16, 0x1E, 0x05, 0x16, 0x60, 0x02, 0x5E, 0x01, 0x48, 0x04, 0x29, 0xAD,
    0x2E, 0x07, 0x20, 0x61, 0x09, 0xC7, 0x0B, 0x5F, 0x1C, 0x0A, 0x03, 0xD1, 0x22, 0x02, 0x4D, 0x04,
    0x5F, 0x01, 0x5C, 0x15, 0x03, 0x18, 0x1A, 0x03, 0x6D, 0x11, 0x2F, 0xED, 0x03, 0x3F, 0x8A, 0x32,
    0x16, 0x5F, 0x17, 0x17, 0x5F, 0x12, 0x2F, 0x8E, 0x3E, 0x01, 0xE4, 0x39, 0x14, 0xFD, 0x82, 0x0D,
    0x09, 0x31, 0x30, 0x07, 0x4E, 0x1B, 0x3A, 0x06, 0x1E, 0x03, 0x13, 0x09, 0x09, 0x7F, 0x4F, 0x01,
    0x0B, 0x02, 0x0F, 0x01, 0x54, 0x56, 0x2A, 0x16, 0x03, 0x1B, 0x07, 0x39, 0x1B, 0x4C, 0x0A, 0x2B,
    0x36, 0x02, 0x0B, 0x00, 0x00, 0x03, 0x00, 0x30, 0xFF, 0xDD, 0x04, 0xAB, 0x03, 0x70, 0x00, 0x9F,
    0x00, 0xB2, 0x00, 0xB6, 0x00, 0x00, 0x01, 0x33, 0x07, 0x17, 0x33, 0x15, 0x23, 0x17, 0x33, 0x17,
    0x23, 0x15, 0x07, 0x23, 0x07, 0x1F, 0x01, 0x33, 0x17, 0x33, 0x15, 0x23, 0x1F, 0x03, 0x07, 0x17,
    0x07, 0x1F, 0x06, 0x07, 0x23, 0x27, 0x07, 0x23, 0x35, 0x07, 0x35, 0x3F, 0x02, 0x33, 0x35, 0x17,
    0x2F, 0x01, 0x03, 0x23, 0x07, 0x23, 0x1F, 0x02, 0x15, 0x0F, 0x01, 0x23, 0x15, 0x17, 0x33, 0x1F,
    0x01, 0x15, 0x27, 0x07, 0x23, 0x15, 0x23, 0x35, 0x23, 0x35, 0x07, 0x35, 0x37, 0x33, 0x37, 0x35,
    0x23, 0x2F, 0x01, 0x35, 0x37, 0x33, 0x35, 0x23, 0x03, 0x0F, 0x01, 0x33, 0x15, 0x33, 0x15, 0x17,
    0x15, 0x23, 0x15, 0x23, 0x27, 0x23, 0x35, 0x37, 0x35, 0x33, 0x35, 0x33, 0x3F, 0x01, 0x27, 0x37,
    0x27, 0x37, 0x33, 0x37, 0x35, 0x23, 0x35, 0x33, 0x37, 0x35, 0x33, 0x35, 0x23, 0x27, 0x23, 0x15,
    0x23, 0x35, 0x23, 0x15, 0x0E, 0x01, 0x2F, 0x01, 0x35, 0x27, 0x17, 0x23, 0x27, 0x37, 0x17, 0x37,
    0x33, 0x35, 0x3F, 0x01, 0x17, 0x15, 0x33, 0x3F, 0x01, 0x21, 0x17, 0x37, 0x35, 0x17, 0x37, 0x07,
    0x17, 0x07, 0x17, 0x07, 0x17, 0x07, 0x17, 0x27, 0x07, 0x2E, 0x01, 0x27, 0x3E, 0x01, 0x37, 0x17,
    0x05, 0x23, 0x16, 0x32, 0x03, 0x19, 0x11, 0x02, 0x04, 0x6C, 0x68, 0x03, 0x11, 0x01, 0x0B, 0x40,
    0x7E, 0x2F, 0x01, 0x07, 0x15, 0x07, 0x4A, 0x06, 0x02, 0x1E, 0x11, 0x3F, 0x05, 0x0D, 0x06, 0x05,
    0x08, 0x20, 0x09, 0x02, 0x15, 0x18, 0x01, 0x33, 0x06, 0x0A, 0x58, 0x25, 0x1B, 0x01, 0x1D, 0x1C,
    0x0C, 0x1C, 0x18, 0x70, 0x15, 0x01, 0x48, 0x02, 0x07, 0x06, 0x05, 0x10, 0x0D, 0x03, 0x16, 0x0F,
    0x28, 0x26, 0x0B, 0x06, 0x44, 0x0F, 0x29, 0x38, 0x16, 0x04, 0x0E, 0x0E, 0x05, 0x07, 0x06, 0x58,
    0x6C, 0x17, 0x1A, 0x0D, 0x39, 0x1C, 0x23, 0x5B, 0x0C, 0x39, 0x1C, 0x14, 0x09, 0x1E, 0x0D, 0x06,
    0x0E, 0x06, 0x3E, 0x10, 0x21, 0x08, 0x63, 0x0B, 0x0E, 0x1F, 0x15, 0x0D, 0x55, 0x10, 0x1D, 0x3D,
    0x1F, 0x11, 0x4B, 0x0B, 0x11, 0x34, 0x0F, 0x08, 0x28, 0x2F, 0x08, 0x15, 0x31, 0x60, 0x0D, 0x0B,
    0x01, 0x86, 0x29, 0x06, 0xA9, 0x1D, 0x07, 0x4C, 0x23, 0xAA, 0xB4, 0x2E, 0x51, 0x0C, 0x21, 0x07,
    0x0A, 0x0B, 0x01, 0x01, 0x0B, 0x09, 0x0B, 0xFD, 0x73, 0x65, 0x1A, 0x32, 0x03, 0x45, 0x2A, 0x15,
    0x15, 0x08, 0x23, 0x0B, 0x2E, 0x1D, 0x27, 0x0E, 0x05, 0x69, 0x1B, 0x4E, 0x01, 0x96, 0x0E, 0x1D,
    0x0B, 0x0C, 0x2A, 0x4C, 0x01, 0x17, 0x06, 0x09, 0x07, 0x04, 0x0C, 0x0D, 0x06, 0x09, 0x07, 0x06,
    0x04, 0x17, 0x01, 0x46, 0x22, 0x01, 0x07, 0x0F, 0x08, 0x01, 0x0C, 0x69, 0x76, 0x20, 0x2F, 0x17,
    0x09, 0x0B, 0x09, 0x09, 0x05, 0x08, 0x0A, 0x04, 0x0C, 0x09, 0x15, 0x18, 0x30, 0x1F, 0x7A, 0x67,
    0x0C, 0x13, 0xFE, 0xF9, 0x22, 0x45, 0x17, 0x06, 0x0A, 0x07, 0x09, 0x08, 0x09, 0x09, 0x06, 0x18,
    0x4B, 0x38, 0x09, 0x20, 0x0A, 0x9A, 0x4C, 0x1A, 0x69, 0x0C, 0x32, 0x0C, 0x0B, 0x28, 0x43, 0x1C,
    0x94, 0x04, 0x90, 0x0A, 0x29, 0x09, 0x36, 0x9F, 0x09, 0x09, 0x0C, 0x10, 0x0C, 0x08, 0x13, 0x12,
    0x04, 0x13, 0x1F, 0x07, 0x16, 0x1C, 0x23, 0x35, 0x0B, 0x06, 0x0C, 0x08, 0x07, 0x08, 0x38, 0x28,
    0x4C, 0x1A, 0x3B, 0x23, 0x22, 0x39, 0x16, 0x47, 0xA9, 0x84, 0x00, 0x00, 0x00, 0x01, 0x00, 0x00,
    0x00, 0xA7, 0x09, 0x92, 0x02, 0xD9, 0x01, 0x00, 0x00, 0x00, 0x01, 0x21, 0x17, 0x1E, 0x01, 0x17,
    0x0E, 0x01, 0x07, 0x0E, 0x01, 0x07, 0x21, 0x2E, 0x01, 0x23, 0x22, 0x06, 0x07, 0x23, 0x2E, 0x01,
    0x23, 0x22, 0x06, 0x07, 0x23, 0x2E, 0x01, 0x23, 0x22, 0x06, 0x07, 0x23, 0x2E, 0x01, 0x23, 0x22,
    0x06, 0x07, 0x23, 0x2E, 0x01, 0x23, 0x22, 0x06, 0x07, 0x23, 0x2E, 0x01, 0x23, 0x22, 0x06, 0x07,
    0x23, 0x2E, 0x01, 0x23, 0x22, 0x06, 0x07, 0x23, 0x2E, 0x01, 0x23, 0x22, 0x06, 0x07, 0x23, 0x2E,
    0x01, 0x23, 0x22, 0x06, 0x07, 0x23, 0x2E, 0x01, 0x23, 0x22, 0x06, 0x07, 0x23, 0x2E, 0x01, 0x23,
    0x22, 0x06, 0x07, 0x23, 0x2E, 0x01, 0x07, 0x0E, 0x01, 0x0F, 0x01, 0x15, 0x07, 0x27, 0x3E, 0x01,
    0x37, 0x36, 0x26, 0x27, 0x26, 0x06, 0x07, 0x0E, 0x01, 0x27, 0x2E, 0x01, 0x27, 0x26, 0x06, 0x0F,
    0x01, 0x0E, 0x01, 0x23, 0x22, 0x26, 0x27, 0x2E, 0x01, 0x27, 0x23, 0x22, 0x26, 0x35, 0x34, 0x36,
    0x3B, 0x01, 0x3E, 0x01, 0x37, 0x3E, 0x01, 0x37, 0x3E, 0x01, 0x33, 0x1E, 0x01, 0x17, 0x1E, 0x01,
    0x17, 0x16, 0x36, 0x37, 0x3E, 0x01, 0x17, 0x16, 0x17, 0x1E, 0x01, 0x33, 0x16, 0x37, 0x3E, 0x01,
    0x37, 0x3E, 0x01, 0x37, 0x1F, 0x01, 0x0F, 0x01, 0x17, 0x1E, 0x01, 0x33, 0x32, 0x36, 0x37, 0x33,
    0x1E, 0x01, 0x33, 0x32, 0x36, 0x37, 0x33, 0x1E, 0x01, 0x33, 0x32, 0x36, 0x37, 0x33, 0x1E, 0x01,
    0x33, 0x32, 0x36, 0x37, 0x33, 0x1E, 0x01, 0x33, 0x32, 0x36, 0x37, 0x33, 0x1E, 0x01, 0x33, 0x32,
    0x36, 0x37, 0x33, 0x1E, 0x01, 0x33, 0x32, 0x36, 0x37, 0x33, 0x1E, 0x01, 0x33, 0x32, 0x36, 0x37,
    0x33, 0x1E, 0x01, 0x33, 0x32, 0x36, 0x37, 0x33, 0x1E, 0x01, 0x33, 0x32, 0x36, 0x37, 0x33, 0x1E,
    0x01, 0x33, 0x32, 0x36, 0x37, 0x33, 0x1E, 0x01, 0x33, 0x32, 0x36, 0x06, 0x53, 0x01, 0x5F, 0xC6,
    0x69, 0x8D, 0x24, 0x28, 0x86, 0x5F, 0x27, 0x66, 0x3E, 0xFE, 0x99, 0x02, 0x05, 0x04, 0x04, 0x06,
    0x01, 0x02, 0x02, 0x05, 0x04, 0x04, 0x05, 0x02, 0x0A, 0x04, 0x0B, 0x08, 0x07, 0x0B, 0x04, 0x0A,
    0x02, 0x05, 0x04, 0x04, 0x06, 0x01, 0x02, 0x01, 0x06, 0x04, 0x04, 0x05, 0x02, 0x0A, 0x03, 0x0B,
    0x08, 0x08, 0x0B, 0x04, 0x09, 0x03, 0x06, 0x03, 0x04, 0x05, 0x02, 0x01, 0x01, 0x06, 0x04, 0x03,
    0x06, 0x03, 0x0A, 0x03, 0x0B, 0x07, 0x09, 0x0B, 0x03, 0x0A, 0x02, 0x05, 0x04, 0x04, 0x06, 0x01,
    0x02, 0x01, 0x06, 0x04, 0x04, 0x05, 0x02, 0x54, 0x07, 0x0C, 0x05, 0x09, 0x0D, 0x04, 0x12, 0x35,
    0x3B, 0x07, 0x09, 0x02, 0x03, 0x1B, 0x1D, 0x37, 0x55, 0x1E, 0x0D, 0x86, 0x7A, 0x7F, 0x8A, 0x0B,
    0x08, 0x0D, 0x05, 0x08, 0x1F, 0x26, 0x07, 0x20, 0x2A, 0x0A, 0x08, 0x09, 0x01, 0x02, 0x07, 0x06,
    0x06, 0x07, 0x02, 0x01, 0x0C, 0x0B, 0x0C, 0x14, 0x08, 0x07, 0x14, 0x0D, 0x0A, 0x14, 0x08, 0x01,
    0x11, 0x0F, 0x03, 0x49, 0x47, 0x48, 0x74, 0x2C, 0x4A, 0x3B, 0x3A, 0x57, 0x1B, 0x1B, 0x0C, 0x25,
    0x33, 0x0E, 0x0F, 0x16, 0x08, 0x37, 0x02, 0x18, 0x03, 0x12, 0x09, 0x0C, 0x03, 0x05, 0x0F, 0x0A,
    0x4F, 0x02, 0x06, 0x03, 0x04, 0x06, 0x01, 0x02, 0x02, 0x06, 0x03, 0x03, 0x05, 0x03, 0x0A, 0x04,
    0x0C, 0x07, 0x06, 0x0B, 0x04, 0x0B, 0x02, 0x06, 0x03, 0x03, 0x06, 0x02, 0x01, 0x03, 0x05, 0x03,
    0x04, 0x05, 0x02, 0x0B, 0x04, 0x0B, 0x07, 0x07, 0x0B, 0x04, 0x0A, 0x03, 0x05, 0x03, 0x04, 0x06,
    0x01, 0x02, 0x02, 0x06, 0x03, 0x04, 0x06, 0x01, 0x0B, 0x03, 0x0B, 0x08, 0x07, 0x0B, 0x04, 0x0A,
    0x02, 0x06, 0x03, 0x04, 0x06, 0x01, 0x02, 0x02, 0x06, 0x03, 0x03, 0x05, 0x02, 0x31, 0x13, 0x10,
    0x2E, 0x1F, 0x23, 0x31, 0x0D, 0x06, 0x06, 0x02, 0x0A, 0x0B, 0x0B, 0x0A, 0x0A, 0x0B, 0x0B, 0x0A,
    0x0A, 0x0B, 0x0B, 0x0A, 0x0A, 0x0B, 0x0B, 0x0A, 0x0A, 0x0B, 0x0B, 0x0A, 0x0A, 0x0B, 0x0B, 0x0A,
    0x0A, 0x0B, 0x0B, 0x0A, 0x0A, 0x0B, 0x0B, 0x0A, 0x0A, 0x0B, 0x0B, 0x0A, 0x0A, 0x0B, 0x0B, 0x0A,
    0x0A, 0x0B, 0x0B, 0x0A, 0x04, 0x04, 0x01, 0x04, 0x05, 0x02, 0x02, 0x0E, 0x97, 0x10, 0x0B, 0x19,
    0x0E, 0x1C, 0x2C, 0x10, 0x07, 0x01, 0x09, 0x04, 0x02, 0x01, 0x02, 0x0A, 0x09, 0x02, 0x01, 0x02,
    0x06, 0x1C, 0x1B, 0x1B, 0x1C, 0x13, 0x2E, 0x1C, 0x0C, 0x0B, 0x0B, 0x0C, 0x1E, 0x2A, 0x0B, 0x0D,
    0x11, 0x04, 0x03, 0x02, 0x01, 0x04, 0x04, 0x01, 0x0A, 0x09, 0x01, 0x07, 0x08, 0x07, 0x05, 0x02,
    0x04, 0x02, 0x03, 0x03, 0x01, 0x01, 0x07, 0x18, 0x10, 0x10, 0x38, 0x27, 0x0C, 0x20, 0x49, 0x31,
    0x08, 0x04, 0x03, 0x06, 0x07, 0x0B, 0x0A, 0x0B, 0x0A, 0x0B, 0x0A, 0x0B, 0x0A, 0x0B, 0x0A, 0x0B,
    0x0A, 0x0B, 0x0A, 0x0B, 0x0A, 0x0B, 0x0A, 0x0B, 0x0A, 0x0B, 0x0A, 0x0B, 0x0A, 0x0B, 0x0A, 0x0B,
    0x0A, 0x0B, 0x0A, 0x0B, 0x0A, 0x0B, 0x0A, 0x0B, 0x0A, 0x0B, 0x0A, 0x0B, 0x0A, 0x0B, 0x0A, 0x0B,
    0x00, 0x01, 0x00, 0x07, 0x00, 0x6D, 0x0C, 0x88, 0x02, 0xF3, 0x00, 0xEF, 0x00, 0x00, 0x01, 0x0E,
    0x01, 0x07, 0x0E, 0x01, 0x07, 0x0E, 0x01, 0x07, 0x0E, 0x01, 0x07, 0x06, 0x26, 0x27, 0x2E, 0x01,
    0x27, 0x2E, 0x01, 0x27, 0x2E, 0x01, 0x27, 0x26, 0x22, 0x0F, 0x02, 0x27, 0x2E, 0x01, 0x27, 0x2E,
    0x01, 0x27, 0x2E, 0x01, 0x2F, 0x01, 0x0F, 0x01, 0x0E, 0x01, 0x07, 0x0E, 0x01, 0x07, 0x0E, 0x01,
    0x07, 0x23, 0x34, 0x36, 0x37, 0x3E, 0x01, 0x37, 0x3E, 0x01, 0x3F, 0x01, 0x2E, 0x01, 0x27, 0x2E,
    0x01, 0x27, 0x2E, 0x01, 0x2F, 0x01, 0x2E, 0x01, 0x27, 0x26, 0x06, 0x07, 0x0E, 0x01, 0x07, 0x0E,
    0x01, 0x07, 0x0E, 0x01, 0x27, 0x2E, 0x01, 0x27, 0x2E, 0x01, 0x27, 0x2E, 0x01, 0x27, 0x26, 0x06,
    0x07, 0x0E, 0x01, 0x0F, 0x02, 0x0E, 0x01, 0x07, 0x0E, 0x01, 0x07, 0x27, 0x2E, 0x01, 0x27, 0x2E,
    0x01, 0x27, 0x2E, 0x01, 0x3F, 0x01, 0x27, 0x35, 0x37, 0x3C, 0x01, 0x37, 0x3E, 0x01, 0x37, 0x3E,
    0x01, 0x37, 0x3E, 0x01, 0x37, 0x36, 0x16, 0x17, 0x1E, 0x01, 0x15, 0x3E, 0x01, 0x37, 0x36, 0x37,
    0x3E, 0x01, 0x37, 0x32, 0x17, 0x32, 0x16, 0x17, 0x1E, 0x01, 0x33, 0x3E, 0x01, 0x37, 0x3E, 0x01,
    0x37, 0x36, 0x16, 0x17, 0x1E, 0x01, 0x15, 0x3E, 0x01, 0x37, 0x3E, 0x01, 0x37, 0x3E, 0x01, 0x3F,
    0x01, 0x33, 0x15, 0x0E, 0x01, 0x07, 0x0E, 0x01, 0x07, 0x0E, 0x01, 0x07, 0x05, 0x27, 0x1F, 0x01,
    0x27, 0x17, 0x33, 0x27, 0x17, 0x33, 0x27, 0x1F, 0x01, 0x27, 0x1F, 0x01, 0x27, 0x1F, 0x01, 0x27,
    0x17, 0x37, 0x27, 0x1F, 0x01, 0x32, 0x36, 0x37, 0x3E, 0x01, 0x37, 0x17, 0x1E, 0x01, 0x17, 0x1E,
    0x01, 0x17, 0x1E, 0x01, 0x17, 0x1E, 0x01, 0x33, 0x1E, 0x01, 0x33, 0x07, 0x0C, 0x69, 0x11, 0x23,
    0x12, 0x02, 0x05, 0x02, 0x42, 0x75, 0x34, 0x3F, 0x7F, 0x41, 0x42, 0x81, 0x3F, 0x18, 0x34, 0x1B,
    0x1F, 0x25, 0x06, 0x24, 0x55, 0x30, 0x32, 0x90, 0x5D, 0xA7, 0x0B, 0x64, 0x01, 0x04, 0x03, 0x06,
    0x0F, 0x09, 0x09, 0x14, 0x0B, 0x11, 0x06, 0x17, 0x0D, 0x13, 0x06, 0x05, 0x0C, 0x06, 0x03, 0x06,
    0x02, 0x36, 0x01, 0x01, 0x02, 0x07, 0x04, 0x05, 0x0A, 0x06, 0x0B, 0x04, 0x08, 0x06, 0x0A, 0x12,
    0x08, 0x09, 0x11, 0x08, 0x0D, 0x08, 0x15, 0x0B, 0x18, 0x2B, 0x12, 0x04, 0x27, 0x23, 0x18, 0x2E,
    0x16, 0x1A, 0x49, 0x2F, 0x28, 0x50, 0x29, 0x2B, 0x3D, 0x11, 0x1D, 0x2E, 0x12, 0x11, 0x27, 0x15,
    0x0B, 0x12, 0x07, 0x24, 0x07, 0x05, 0x08, 0x05, 0x06, 0x11, 0x0B, 0x19, 0x05, 0x09, 0x06, 0x0A,
    0x0E, 0x05, 0x05, 0x03, 0x01, 0x05, 0x1C, 0x16, 0x01, 0x02, 0x07, 0x04, 0x05, 0x0C, 0x06, 0x05,
    0x10, 0x0B, 0x08, 0x0C, 0x04, 0x02, 0x03, 0x2D, 0x65, 0x38, 0x38, 0x31, 0x30, 0x53, 0x22, 0x22,
    0x1B, 0x30, 0x8D, 0x5D, 0x56, 0x5F, 0x0A, 0x10, 0x1D, 0x0C, 0x08, 0x13, 0x0C, 0x08, 0x0C, 0x04,
    0x03, 0x03, 0x05, 0x0B, 0x07, 0x0D, 0x12, 0x06, 0x06, 0x0A, 0x04, 0x05, 0x2E, 0x01, 0x05, 0x04,
    0x04, 0x0C, 0x07, 0x04, 0x08, 0x03, 0x01, 0x10, 0x11, 0x40, 0x2D, 0x15, 0x47, 0x2D, 0x15, 0x47,
    0x2A, 0x16, 0x46, 0x2B, 0x12, 0x43, 0x2E, 0x13, 0x42, 0x31, 0x18, 0x3D, 0x32, 0x10, 0x43, 0x23,
    0x19, 0x35, 0x1D, 0x2F, 0x59, 0x2A, 0x14, 0x0C, 0x19, 0x0E, 0x2B, 0x51, 0x27, 0x27, 0x6C, 0x46,
    0x06, 0x0B, 0x06, 0x1C, 0x32, 0x17, 0x1F, 0x01, 0xC5, 0x0E, 0x1A, 0x0C, 0x02, 0x03, 0x01, 0x2B,
    0x38, 0x0D, 0x11, 0x12, 0x02, 0x02, 0x0A, 0x0D, 0x06, 0x0C, 0x07, 0x07, 0x09, 0x01, 0x08, 0x0B,
    0x02, 0x03, 0x02, 0x05, 0x17, 0x02, 0x02, 0x06, 0x04, 0x06, 0x0B, 0x05, 0x04, 0x07, 0x02, 0x03,
    0x53, 0x16, 0x0D, 0x18, 0x0A, 0x0A, 0x1E, 0x14, 0x0A, 0x11, 0x07, 0x06, 0x0D, 0x08, 0x10, 0x1B,
    0x0B, 0x0B, 0x16, 0x0B, 0x11, 0x06, 0x0E, 0x08, 0x0F, 0x16, 0x06, 0x07, 0x11, 0x0A, 0x13, 0x04,
    0x09, 0x04, 0x07, 0x01, 0x07, 0x01, 0x13, 0x11, 0x0B, 0x10, 0x05, 0x05, 0x02, 0x05, 0x03, 0x0D,
    0x09, 0x0A, 0x0E, 0x04, 0x06, 0x07, 0x01, 0x01, 0x02, 0x03, 0x01, 0x02, 0x02, 0x1D, 0x22, 0x12,
    0x14, 0x03, 0x04, 0x0B, 0x06, 0x02, 0x02, 0x07, 0x05, 0x09, 0x15, 0x0B, 0x0B, 0x23, 0x18, 0x2D,
    0x12, 0x2D, 0x0A, 0x08, 0x13, 0x0A, 0x14, 0x1D, 0x08, 0x0A, 0x0D, 0x03, 0x03, 0x05, 0x02, 0x01,
    0x03, 0x05, 0x03, 0x04, 0x03, 0x03, 0x06, 0x03, 0x03, 0x02, 0x02, 0x03, 0x01, 0x01, 0x07, 0x07,
    0x07, 0x06, 0x01, 0x05, 0x04, 0x02, 0x07, 0x05, 0x02, 0x01, 0x02, 0x02, 0x04, 0x02, 0x04, 0x0B,
    0x06, 0x0C, 0x16, 0x0A, 0x0A, 0x17, 0x0D, 0x17, 0x18, 0x0E, 0x19, 0x0A, 0x0B, 0x15, 0x0B, 0x06,
    0x09, 0x03, 0x04, 0x1B, 0x1B, 0x02, 0x1F, 0x1F, 0x1F, 0x21, 0x1B, 0x1D, 0x03, 0x20, 0x20, 0x02,
    0x20, 0x20, 0x02, 0x1F, 0x1F, 0x04, 0x19, 0x1D, 0x01, 0x03, 0x02, 0x05, 0x09, 0x06, 0x0F, 0x08,
    0x10, 0x08, 0x19, 0x22, 0x09, 0x0A, 0x0E, 0x05, 0x01, 0x01, 0x02, 0x03, 0x18, 0x00, 0x00, 0x00,
    0x00, 0x0A, 0x00, 0x14, 0x00, 0xD3, 0x09, 0xEE, 0x02, 0x87, 0x01, 0x8E, 0x01, 0xA6, 0x01, 0xBE,
    0x01, 0xC2, 0x01, 0xDA, 0x01, 0xF2, 0x02, 0x0A, 0x02, 0x23, 0x02, 0x3C, 0x02, 0x54, 0x00, 0x00,
    0x01, 0x3E, 0x01, 0x37, 0x3E, 0x01, 0x37, 0x36, 0x32, 0x17, 0x32, 0x16, 0x17, 0x1E, 0x01, 0x17,
    0x1E, 0x01, 0x17, 0x16, 0x32, 0x37, 0x32, 0x16, 0x33, 0x16, 0x36, 0x37, 0x3E, 0x01, 0x37, 0x3E,
    0x01, 0x33, 0x36, 0x16, 0x17, 0x1E, 0x01, 0x17, 0x1E, 0x01, 0x17, 0x1E, 0x01, 0x17, 0x1E, 0x01,
    0x37, 0x3E, 0x01, 0x37, 0x32, 0x36, 0x37, 0x3E, 0x01, 0x37, 0x32, 0x16, 0x17, 0x1E, 0x01, 0x17,
    0x1E, 0x01, 0x17, 0x1E, 0x01, 0x17, 0x16, 0x36, 0x37, 0x3E, 0x01, 0x37, 0x17, 0x1E, 0x01, 0x17,
    0x1E, 0x01, 0x17, 0x1E, 0x01, 0x17, 0x32, 0x16, 0x17, 0x16, 0x36, 0x37, 0x3E, 0x01, 0x37, 0x0E,
    0x01, 0x07, 0x0E, 0x01, 0x07, 0x0E, 0x01, 0x07, 0x0E, 0x01, 0x07, 0x22, 0x06, 0x07, 0x0E, 0x01,
    0x27, 0x2E, 0x01, 0x27, 0x2E, 0x01, 0x2F, 0x01, 0x0F, 0x01, 0x2E, 0x01, 0x27, 0x2E, 0x01, 0x27,
    0x26, 0x22, 0x07, 0x0E, 0x01, 0x0F, 0x01, 0x37, 0x36, 0x26, 0x27, 0x26, 0x06, 0x07, 0x0E, 0x01,
    0x15, 0x06, 0x14, 0x15, 0x0E, 0x01, 0x07, 0x0E, 0x01, 0x07, 0x0E, 0x01, 0x07, 0x22, 0x26, 0x27,
    0x22, 0x26, 0x2F, 0x01, 0x17, 0x1E, 0x01, 0x15, 0x1C, 0x01, 0x07, 0x14, 0x06, 0x07, 0x0E, 0x01,
    0x07, 0x0E, 0x01, 0x07, 0x0E, 0x01, 0x27, 0x2E, 0x01, 0x35, 0x32, 0x36, 0x37, 0x3E, 0x01, 0x37,
    0x3E, 0x01, 0x35, 0x2E, 0x01, 0x27, 0x2E, 0x01, 0x27, 0x2E, 0x01, 0x23, 0x2A, 0x01, 0x23, 0x2E,
    0x01, 0x23, 0x22, 0x26, 0x27, 0x2E, 0x01, 0x27, 0x26, 0x06, 0x07, 0x0E, 0x01, 0x07, 0x0E, 0x01,
    0x07, 0x0E, 0x01, 0x07, 0x0E, 0x01, 0x07, 0x0E, 0x01, 0x07, 0x0E, 0x01, 0x07, 0x0E, 0x01, 0x07,
    0x0E, 0x01, 0x15, 0x0E, 0x01, 0x07, 0x0E, 0x01, 0x27, 0x2E, 0x01, 0x27, 0x2E, 0x01, 0x27, 0x2E,
    0x01, 0x27, 0x2E, 0x01, 0x37, 0x34, 0x36, 0x37, 0x3E, 0x01, 0x37, 0x3E, 0x01, 0x37, 0x3E, 0x01,
    0x37, 0x3E, 0x01, 0x37, 0x3E, 0x01, 0x37, 0x3E, 0x01, 0x37, 0x3E, 0x01, 0x37, 0x3E, 0x01, 0x37,
    0x3E, 0x01, 0x33, 0x3E, 0x01, 0x33, 0x36, 0x32, 0x17, 0x1E, 0x01, 0x17, 0x1E, 0x01, 0x17, 0x32,
    0x16, 0x17, 0x1E, 0x01, 0x17, 0x1E, 0x01, 0x17, 0x16, 0x32, 0x33, 0x27, 0x2E, 0x01, 0x27, 0x2E,
    0x01, 0x35, 0x3C, 0x01, 0x2B, 0x01, 0x22, 0x26, 0x27, 0x2E, 0x01, 0x27, 0x2E, 0x01, 0x23, 0x22,
    0x06, 0x07, 0x22, 0x06, 0x07, 0x0E, 0x01, 0x07, 0x0E, 0x01, 0x07, 0x0E, 0x01, 0x07, 0x0E, 0x01,
    0x07, 0x0E, 0x01, 0x07, 0x0E, 0x01, 0x07, 0x06, 0x26, 0x27, 0x22, 0x26, 0x23, 0x27, 0x2E, 0x01,
    0x27, 0x2E, 0x01, 0x27, 0x2E, 0x01, 0x27, 0x26, 0x34, 0x37, 0x3E, 0x01, 0x37, 0x3E, 0x01, 0x37,
    0x3E, 0x01, 0x37, 0x3E, 0x01, 0x37, 0x3E, 0x01, 0x37, 0x3E, 0x01, 0x37, 0x3E, 0x01, 0x37, 0x05,
    0x22, 0x06, 0x07, 0x0E, 0x01, 0x15, 0x14, 0x16, 0x17, 0x1E, 0x01, 0x33, 0x32, 0x36, 0x37, 0x3E,
    0x01, 0x35, 0x34, 0x26, 0x27, 0x2E, 0x01, 0x17, 0x0E, 0x01, 0x15, 0x14, 0x16, 0x17, 0x1E, 0x01,
    0x33, 0x32, 0x36, 0x37, 0x3E, 0x01, 0x35, 0x34, 0x26, 0x27, 0x2E, 0x01, 0x23, 0x22, 0x06, 0x05,
    0x25, 0x17, 0x0D, 0x01, 0x34, 0x26, 0x27, 0x2E, 0x01, 0x23, 0x22, 0x06, 0x07, 0x0E, 0x01, 0x15,
    0x14, 0x16, 0x17, 0x1E, 0x01, 0x33, 0x32, 0x36, 0x37, 0x3E, 0x01, 0x37, 0x0E, 0x01, 0x15, 0x14,
    0x16, 0x17, 0x1E, 0x01, 0x33, 0x32, 0x36, 0x37, 0x3E, 0x01, 0x35, 0x34, 0x26, 0x27, 0x2E, 0x01,
    0x23, 0x22, 0x06, 0x05, 0x0E, 0x01, 0x15, 0x14, 0x16, 0x17, 0x1E, 0x01, 0x33, 0x32, 0x36, 0x37,
    0x3E, 0x01, 0x35, 0x34, 0x26, 0x27, 0x2E, 0x01, 0x23, 0x22, 0x06, 0x27, 0x32, 0x36, 0x37, 0x3E,
    0x01, 0x35, 0x34, 0x26, 0x27, 0x2E, 0x01, 0x23, 0x22, 0x06, 0x07, 0x0E, 0x01, 0x15, 0x14, 0x16,
    0x17, 0x1E, 0x01, 0x33, 0x37, 0x14, 0x16, 0x17, 0x1E, 0x01, 0x33, 0x32, 0x36, 0x37, 0x3E, 0x01,
    0x35, 0x34, 0x26, 0x27, 0x2E, 0x01, 0x23, 0x22, 0x06, 0x07, 0x0E, 0x01, 0x15, 0x17, 0x0E, 0x01,
    0x15, 0x14, 0x16, 0x17, 0x1E, 0x01, 0x33, 0x32, 0x36, 0x37, 0x3E, 0x01, 0x35, 0x34, 0x26, 0x27,
    0x2E, 0x01, 0x23, 0x22, 0x06, 0x02, 0x13, 0x26, 0x3B, 0x15, 0x11, 0x3B, 0x2B, 0x2B, 0x41, 0x16,
    0x12, 0x27, 0x15, 0x0B, 0x11, 0x07, 0x19, 0x36, 0x1D, 0x06, 0x11, 0x0B, 0x07, 0x08, 0x01, 0x02,
    0x11, 0x0E, 0x0D, 0x19, 0x0D, 0x0B, 0x10, 0x04, 0x05, 0x0D, 0x08, 0x08, 0x0D, 0x05, 0x02, 0x04,
    0x02, 0x02, 0x04, 0x02, 0x03, 0x11, 0x0E, 0x07, 0x0E, 0x06, 0x07, 0x0F, 0x09, 0x04, 0x06, 0x03,
    0x01, 0x0C, 0x0C, 0x0E, 0x1F, 0x0F, 0x06, 0x0B, 0x05, 0x2D, 0x59, 0x2C, 0x32, 0x6D, 0x3B, 0x1E,
    0x31, 0x13, 0x08, 0x07, 0x13, 0x0D, 0x1E, 0x3C, 0x1E, 0x10, 0x26, 0x16, 0x09, 0x13, 0x0B, 0x18,
    0x42, 0x28, 0x15, 0x24, 0x0F, 0x05, 0x0C, 0x07, 0x10, 0x1B, 0x0B, 0x0D, 0x29, 0x1D, 0x15, 0x28,
    0x13, 0x03, 0x04, 0x03, 0x10, 0x34, 0x24, 0x1D, 0x37, 0x1A, 0x11, 0x82, 0x72, 0xDD, 0x03, 0x3C,
    0x02, 0x05, 0x03, 0x01, 0x08, 0x05, 0x04, 0x08, 0x04, 0x02, 0x06, 0x03, 0x05, 0x01, 0x01, 0x07,
    0x08, 0x03, 0x08, 0x05, 0x06, 0x06, 0x01, 0x01, 0x05, 0x04, 0x04, 0x0D, 0x09, 0x08, 0x0F, 0x06,
    0x05, 0x09, 0x04, 0x01, 0x02, 0x01, 0x01, 0x04, 0x02, 0x02, 0x01, 0x06, 0x05, 0x04, 0x08, 0x04,
    0x03, 0x07, 0x05, 0x04, 0x06, 0x02, 0x01, 0x01, 0x01, 0x04, 0x04, 0x03, 0x06, 0x02, 0x02, 0x02,
    0x01, 0x06, 0x06, 0x02, 0x04, 0x02, 0x02, 0x03, 0x01, 0x02, 0x0A, 0x08, 0x0A, 0x11, 0x06, 0x05,
    0x33, 0x2D, 0x30, 0x37, 0x07, 0x0C, 0x5D, 0x52, 0x52, 0x63, 0x11, 0x0F, 0x38, 0x29, 0x1E, 0x36,
    0x17, 0x0F, 0x32, 0x23, 0x23, 0x2B, 0x08, 0x09, 0x0C, 0x04, 0x04, 0x06, 0x01, 0x02, 0x02, 0x01,
    0x02, 0x01, 0x01, 0x07, 0x05, 0x05, 0x0A, 0x05, 0x05, 0x14, 0x10, 0x06, 0x0A, 0x05, 0x04, 0x05,
    0x01, 0x06, 0x05, 0x05, 0x19, 0x13, 0x0F, 0x2C, 0x1E, 0x06, 0x14, 0x0E, 0x0A, 0x0D, 0x03, 0x0B,
    0x19, 0x0E, 0x16, 0x36, 0x20, 0x1F, 0x56, 0x37, 0x13, 0x25, 0x11, 0x0F, 0x12, 0x04, 0x0A, 0x24,
    0x1B, 0x21, 0x29, 0x08, 0x16, 0x30, 0x1B, 0x27, 0x29, 0x02, 0x02, 0x0C, 0x0A, 0x0A, 0x12, 0x07,
    0x07, 0x0D, 0x05, 0x03, 0x05, 0x01, 0x08, 0x02, 0x04, 0x01, 0x01, 0x01, 0x01, 0x02, 0x0D, 0x18,
    0x0C, 0x07, 0x2D, 0x26, 0x27, 0x33, 0x0B, 0x0D, 0x1E, 0x12, 0x11, 0x32, 0x20, 0x1E, 0x4B, 0x2D,
    0x2A, 0x49, 0x21, 0x19, 0x47, 0x2D, 0x18, 0x35, 0x1D, 0x0B, 0x1E, 0x13, 0x07, 0x14, 0x0D, 0x03,
    0x06, 0x03, 0x02, 0x02, 0x01, 0x02, 0x04, 0x0E, 0x0A, 0x0B, 0x0F, 0x03, 0x05, 0x07, 0x02, 0x02,
    0x02, 0x01, 0x06, 0x05, 0x06, 0x08, 0x03, 0x04, 0x1C, 0x18, 0x0C, 0x17, 0x0C, 0x0F, 0x43, 0x35,
    0x29, 0x41, 0x19, 0x0D, 0x39, 0x2B, 0x01, 0x31, 0x05, 0x08, 0x03, 0x03, 0x04, 0x04, 0x03, 0x03,
    0x08, 0x05, 0x05, 0x08, 0x03, 0x03, 0x04, 0x04, 0x03, 0x03, 0x08, 0x43, 0x03, 0x04, 0x04, 0x03,
    0x03, 0x08, 0x05, 0x05, 0x08, 0x03, 0x04, 0x03, 0x03, 0x04, 0x03, 0x08, 0x05, 0x05, 0x08, 0x04,
    0xB9, 0xFE, 0x2E, 0x12, 0x01, 0xCD, 0xFB, 0xAC, 0x03, 0x03, 0x04, 0x07, 0x04, 0x05, 0x08, 0x03,
    0x04, 0x03, 0x03, 0x04, 0x03, 0x08, 0x05, 0x04, 0x07, 0x04, 0x03, 0x03, 0x29, 0x03, 0x03, 0x03,
    0x03, 0x04, 0x08, 0x04, 0x05, 0x07, 0x03, 0x04, 0x03, 0x03, 0x04, 0x03, 0x07, 0x05, 0x04, 0x08,
    0xFD, 0x22, 0x04, 0x03, 0x03, 0x04, 0x03, 0x09, 0x04, 0x05, 0x08, 0x03, 0x04, 0x04, 0x04, 0x04,
    0x03, 0x08, 0x05, 0x04, 0x09, 0xE0, 0x04, 0x07, 0x04, 0x03, 0x03, 0x03, 0x03, 0x04, 0x07, 0x04,
    0x05, 0x08, 0x04, 0x02, 0x03, 0x03, 0x02, 0x04, 0x08, 0x05, 0x41, 0x03, 0x04, 0x03, 0x08, 0x04,
    0x05, 0x08, 0x03, 0x03, 0x04, 0x04, 0x03, 0x03, 0x08, 0x05, 0x04, 0x08, 0x03, 0x04, 0x03, 0x55,
    0x03, 0x03, 0x03, 0x03, 0x03, 0x09, 0x04, 0x05, 0x08, 0x03, 0x04, 0x03, 0x03, 0x04, 0x03, 0x08,
    0x05, 0x04, 0x09, 0x02, 0x71, 0x05, 0x08, 0x03, 0x02, 0x03, 0x01, 0x01, 0x01, 0x04, 0x04, 0x02,
    0x04, 0x01, 0x0E, 0x0F, 0x01, 0x01, 0x01, 0x01, 0x03, 0x02, 0x05, 0x03, 0x08, 0x06, 0x04, 0x05,
    0x01, 0x02, 0x03, 0x02, 0x08, 0x06, 0x02, 0x06, 0x03, 0x02, 0x06, 0x03, 0x05, 0x03, 0x03, 0x01,
    0x03, 0x02, 0x08, 0x08, 0x03, 0x08, 0x04, 0x03, 0x03, 0x03, 0x05, 0x03, 0x01, 0x02, 0x01, 0x08,
    0x09, 0x02, 0x02, 0x07, 0x09, 0x05, 0x0A, 0x05, 0x05, 0x03, 0x0C, 0x08, 0x12, 0x19, 0x08, 0x03,
    0x06, 0x02, 0x01, 0x01, 0x01, 0x06, 0x07, 0x02, 0x07, 0x03, 0x07, 0x10, 0x09, 0x13, 0x1F, 0x0D,
    0x0E, 0x1B, 0x0E, 0x0A, 0x0F, 0x05, 0x01, 0x01, 0x04, 0x03, 0x02, 0x02, 0x05, 0x04, 0x03, 0x10,
    0x0D, 0x1B, 0x0D, 0x04, 0x02, 0x06, 0x02, 0x02, 0x03, 0x02, 0x01, 0x01, 0x01, 0x03, 0x02, 0x04,
    0x06, 0x04, 0x05, 0x02, 0x01, 0x03, 0x03, 0x03, 0x05, 0x01, 0x02, 0x05, 0x03, 0x05, 0x09, 0x04,
    0x06, 0x09, 0x04, 0x04, 0x04, 0x01, 0x02, 0x02, 0x01, 0x01, 0x01, 0x09, 0x04, 0x08, 0x05, 0x05,
    0x0D, 0x07, 0x08, 0x0F, 0x09, 0x06, 0x0B, 0x05, 0x02, 0x06, 0x02, 0x02, 0x01, 0x01, 0x02, 0x02,
    0x02, 0x06, 0x05, 0x04, 0x10, 0x0B, 0x0C, 0x13, 0x07, 0x07, 0x11, 0x0A, 0x05, 0x07, 0x04, 0x02,
    0x03, 0x01, 0x01, 0x06, 0x06, 0x06, 0x07, 0x01, 0x01, 0x05, 0x05, 0x05, 0x09, 0x03, 0x03, 0x0E,
    0x0C, 0x09, 0x11, 0x07, 0x05, 0x13, 0x10, 0x0F, 0x15, 0x05, 0x05, 0x08, 0x03, 0x03, 0x06, 0x03,
    0x04, 0x04, 0x02, 0x01, 0x03, 0x02, 0x02, 0x01, 0x01, 0x01, 0x03, 0x02, 0x02, 0x15, 0x12, 0x08,
    0x0D, 0x07, 0x06, 0x07, 0x01, 0x02, 0x07, 0x04, 0x03, 0x10, 0x0D, 0x0A, 0x17, 0x0E, 0x02, 0x08,
    0x07, 0x04, 0x07, 0x01, 0x05, 0x0B, 0x06, 0x08, 0x11, 0x0A, 0x08, 0x11, 0x08, 0x02, 0x05, 0x01,
    0x02, 0x02, 0x01, 0x01, 0x01, 0x01, 0x01, 0x04, 0x02, 0x04, 0x04, 0x01, 0x06, 0x05, 0x05, 0x07,
    0x03, 0x01, 0x04, 0x01, 0x01, 0x0A, 0x04, 0x0A, 0x06, 0x04, 0x08, 0x03, 0x02, 0x03, 0x02, 0x02,
    0x01, 0x03, 0x02, 0x02, 0x02, 0x01, 0x01, 0x04, 0x02, 0x02, 0x0A, 0x09, 0x08, 0x0F, 0x08, 0x07,
    0x19, 0x12, 0x0B, 0x17, 0x0D, 0x05, 0x12, 0x0C, 0x05, 0x0D, 0x09, 0x02, 0x01, 0x02, 0x02, 0x01,
    0x02, 0x0D, 0x0B, 0x0D, 0x10, 0x03, 0x06, 0x08, 0x03, 0x04, 0x05, 0x02, 0x01, 0x07, 0x06, 0x07,
    0x0A, 0x04, 0x03, 0x13, 0x0F, 0x07, 0x0D, 0x06, 0x09, 0x1B, 0x11, 0x0E, 0x15, 0x07, 0x03, 0x0B,
    0x07, 0x02, 0x03, 0x03, 0x03, 0x08, 0x05, 0x05, 0x08, 0x03, 0x04, 0x03, 0x03, 0x04, 0x03, 0x08,
    0x05, 0x05, 0x08, 0x03, 0x03, 0x03, 0x0D, 0x03, 0x07, 0x05, 0x05, 0x08, 0x03, 0x03, 0x04, 0x04,
    0x03, 0x03, 0x08, 0x05, 0x05, 0x07, 0x03, 0x04, 0x03, 0x03, 0x58, 0x0B, 0x09, 0x0C, 0x2A, 0x04,
    0x08, 0x03, 0x03, 0x03, 0x03, 0x03, 0x03, 0x08, 0x04, 0x04, 0x08, 0x03, 0x04, 0x03, 0x03, 0x04,
    0x03, 0x08, 0x0B, 0x03, 0x08, 0x05, 0x04, 0x08, 0x03, 0x03, 0x03, 0x03, 0x03, 0x03, 0x08, 0x04,
    0x05, 0x08, 0x03, 0x03, 0x03, 0x03, 0x60, 0x04, 0x07, 0x04, 0x05, 0x08, 0x03, 0x04, 0x03, 0x03,
    0x04, 0x03, 0x08, 0x05, 0x04, 0x07, 0x04, 0x03, 0x03, 0x03, 0x03, 0x04, 0x03, 0x03, 0x08, 0x04,
    0x05, 0x08, 0x02, 0x04, 0x03, 0x03, 0x04, 0x02, 0x08, 0x05, 0x04, 0x08, 0x03, 0x03, 0x04, 0x36,
    0x04, 0x08, 0x04, 0x03, 0x03, 0x03, 0x03, 0x04, 0x08, 0x04, 0x05, 0x07, 0x04, 0x03, 0x03, 0x03,
    0x03, 0x04, 0x07, 0x05, 0x5A, 0x04, 0x07, 0x05, 0x04, 0x08, 0x04, 0x03, 0x03, 0x03, 0x03, 0x04,
    0x08, 0x04, 0x05, 0x07, 0x04, 0x03, 0x03, 0x03, 0x00, 0x05, 0x00, 0x09, 0x00, 0xB1, 0x0B, 0x62,
    0x02, 0x9B, 0x00, 0x17, 0x00, 0x30, 0x00, 0x49, 0x00, 0x64, 0x01, 0x98, 0x00, 0x00, 0x13, 0x1E,
    0x01, 0x33, 0x32, 0x36, 0x37, 0x3E, 0x01, 0x35, 0x34, 0x26, 0x27, 0x2E, 0x01, 0x23, 0x22, 0x06,
    0x07, 0x0E, 0x01, 0x15, 0x1E, 0x01, 0x27, 0x2E, 0x01, 0x23, 0x22, 0x06, 0x07, 0x0E, 0x01, 0x15,
    0x14, 0x16, 0x17, 0x1E, 0x01, 0x33, 0x32, 0x36, 0x37, 0x3E, 0x01, 0x35, 0x34, 0x26, 0x27, 0x05,
    0x2E, 0x01, 0x23, 0x22, 0x06, 0x07, 0x0E, 0x01, 0x15, 0x14, 0x16, 0x17, 0x1E, 0x01, 0x33, 0x32,
    0x36, 0x37, 0x3E, 0x01, 0x35, 0x34, 0x26, 0x27, 0x25, 0x3E, 0x01, 0x35, 0x34, 0x26, 0x27, 0x2E,
    0x01, 0x27, 0x25, 0x0E, 0x01, 0x07, 0x0E, 0x01, 0x15, 0x14, 0x16, 0x17, 0x1E, 0x01, 0x33, 0x25,
    0x3E, 0x01, 0x37, 0x25, 0x01, 0x06, 0x07, 0x0E, 0x01, 0x27, 0x26, 0x27, 0x2E, 0x01, 0x27, 0x2E,
    0x01, 0x23, 0x22, 0x06, 0x07, 0x0E, 0x01, 0x07, 0x34, 0x26, 0x27, 0x2E, 0x01, 0x23, 0x22, 0x06,
    0x07, 0x14, 0x06, 0x07, 0x34, 0x26, 0x27, 0x2E, 0x01, 0x23, 0x22, 0x06, 0x07, 0x0E, 0x01, 0x15,
    0x2E, 0x01, 0x27, 0x2E, 0x01, 0x23, 0x22, 0x06, 0x07, 0x0E, 0x01, 0x15, 0x2E, 0x01, 0x27, 0x2E,
    0x01, 0x23, 0x22, 0x06, 0x07, 0x06, 0x14, 0x15, 0x2E, 0x01, 0x27, 0x2E, 0x01, 0x23, 0x22, 0x06,
    0x07, 0x0E, 0x01, 0x15, 0x2E, 0x01, 0x27, 0x2E, 0x01, 0x23, 0x0E, 0x01, 0x07, 0x0E, 0x01, 0x07,
    0x34, 0x26, 0x27, 0x2E, 0x01, 0x07, 0x22, 0x06, 0x07, 0x14, 0x06, 0x15, 0x2E, 0x01, 0x27, 0x2E,
    0x01, 0x07, 0x0E, 0x01, 0x07, 0x1C, 0x01, 0x15, 0x2E, 0x01, 0x27, 0x26, 0x06, 0x07, 0x0E, 0x01,
    0x07, 0x0E, 0x01, 0x17, 0x07, 0x2E, 0x01, 0x27, 0x2E, 0x01, 0x07, 0x0E, 0x01, 0x07, 0x0E, 0x01,
    0x15, 0x23, 0x2E, 0x01, 0x07, 0x27, 0x2E, 0x01, 0x07, 0x27, 0x2E, 0x01, 0x07, 0x27, 0x2E, 0x01,
    0x07, 0x2E, 0x01, 0x27, 0x2E, 0x01, 0x07, 0x0E, 0x01, 0x07, 0x0E, 0x01, 0x23, 0x06, 0x26, 0x27,
    0x2E, 0x01, 0x27, 0x2E, 0x01, 0x07, 0x0E, 0x01, 0x07, 0x0E, 0x01, 0x07, 0x0E, 0x01, 0x23, 0x2F,
    0x02, 0x2E, 0x01, 0x27, 0x2E, 0x01, 0x37, 0x34, 0x36, 0x37, 0x3E, 0x01, 0x37, 0x34, 0x36, 0x37,
    0x3E, 0x01, 0x37, 0x3E, 0x01, 0x37, 0x3E, 0x01, 0x33, 0x36, 0x16, 0x17, 0x1E, 0x01, 0x17, 0x1E,
    0x01, 0x1F, 0x02, 0x1E, 0x01, 0x17, 0x32, 0x36, 0x3F, 0x01, 0x1F, 0x01, 0x1E, 0x01, 0x33, 0x32,
    0x36, 0x3F, 0x01, 0x33, 0x17, 0x1E, 0x01, 0x33, 0x3E, 0x01, 0x3F, 0x02, 0x17, 0x1E, 0x01, 0x37,
    0x3E, 0x01, 0x37, 0x35, 0x37, 0x17, 0x1E, 0x01, 0x37, 0x3E, 0x01, 0x35, 0x27, 0x37, 0x17, 0x16,
    0x32, 0x37, 0x3E, 0x01, 0x35, 0x27, 0x37, 0x17, 0x1E, 0x01, 0x17, 0x1E, 0x01, 0x17, 0x1E, 0x01,
    0x33, 0x25, 0x17, 0x1E, 0x01, 0x17, 0x16, 0x36, 0x37, 0x36, 0x26, 0x2F, 0x01, 0x16, 0x17, 0x1E,
    0x01, 0x17, 0x16, 0x17, 0x8C, 0x07, 0x10, 0x09, 0x0A, 0x0F, 0x07, 0x06, 0x07, 0x07, 0x06, 0x07,
    0x0F, 0x0A, 0x09, 0x10, 0x07, 0x06, 0x07, 0x01, 0x06, 0x4B, 0x02, 0x06, 0x04, 0x03, 0x07, 0x02,
    0x03, 0x02, 0x02, 0x03, 0x02, 0x07, 0x03, 0x04, 0x06, 0x02, 0x02, 0x03, 0x03, 0x02, 0x04, 0x52,
    0x07, 0x10, 0x09, 0x0A, 0x0F, 0x07, 0x06, 0x07, 0x07, 0x06, 0x07, 0x0F, 0x0A, 0x09, 0x10, 0x07,
    0x06, 0x06, 0x06, 0x06, 0x04, 0x04, 0x03, 0x02, 0x02, 0x03, 0x03, 0x07, 0x04, 0xFD, 0xE8, 0x07,
    0x0C, 0x05, 0x06, 0x06, 0x06, 0x06, 0x05, 0x0C, 0x07, 0x02, 0x18, 0x04, 0x07, 0x03, 0x02, 0xD1,
    0xFE, 0xF2, 0x58, 0x5B, 0x5A, 0xBA, 0x60, 0x60, 0x62, 0x01, 0x04, 0x02, 0x04, 0x08, 0x04, 0x04,
    0x08, 0x03, 0x02, 0x04, 0x02, 0x02, 0x02, 0x03, 0x06, 0x03, 0x03, 0x04, 0x02, 0x01, 0x01, 0x02,
    0x01, 0x02, 0x05, 0x03, 0x03, 0x04, 0x02, 0x01, 0x01, 0x01, 0x04, 0x03, 0x05, 0x0A, 0x04, 0x04,
    0x06, 0x02, 0x02, 0x01, 0x01, 0x03, 0x02, 0x02, 0x06, 0x03, 0x03, 0x03, 0x01, 0x01, 0x01, 0x01,
    0x01, 0x03, 0x04, 0x03, 0x02, 0x04, 0x01, 0x01, 0x01, 0x01, 0x03, 0x01, 0x05, 0x08, 0x05, 0x05,
    0x07, 0x03, 0x01, 0x02, 0x01, 0x02, 0x01, 0x03, 0x05, 0x02, 0x03, 0x03, 0x01, 0x01, 0x01, 0x02,
    0x01, 0x03, 0x05, 0x02, 0x02, 0x03, 0x01, 0x01, 0x04, 0x03, 0x05, 0x09, 0x05, 0x04, 0x05, 0x01,
    0x01, 0x01, 0x01, 0x09, 0x06, 0x0C, 0x06, 0x0E, 0x18, 0x09, 0x0A, 0x0E, 0x04, 0x02, 0x03, 0x29,
    0x03, 0x0E, 0x0B, 0x10, 0x01, 0x0F, 0x0E, 0x0E, 0x02, 0x0F, 0x0D, 0x10, 0x01, 0x0F, 0x0E, 0x0D,
    0x1F, 0x12, 0x25, 0x3F, 0x19, 0x1B, 0x40, 0x25, 0x21, 0x25, 0x03, 0x08, 0x18, 0x10, 0x22, 0x26,
    0x04, 0x3C, 0x78, 0x3E, 0x27, 0x79, 0x53, 0x4C, 0x51, 0x05, 0x06, 0x0F, 0x08, 0x0F, 0x19, 0x06,
    0x04, 0x08, 0x05, 0x08, 0x07, 0x01, 0x17, 0x17, 0x0B, 0x15, 0x0B, 0x04, 0x04, 0x05, 0x37, 0x32,
    0x39, 0x80, 0x46, 0x40, 0x88, 0x48, 0x24, 0x3B, 0x18, 0x22, 0x3E, 0x1C, 0x0E, 0x15, 0x06, 0x3B,
    0x03, 0x03, 0x07, 0x04, 0x05, 0x07, 0x02, 0x02, 0x14, 0x04, 0x02, 0x06, 0x05, 0x04, 0x06, 0x02,
    0x02, 0x14, 0x05, 0x04, 0x08, 0x04, 0x03, 0x06, 0x02, 0x02, 0x13, 0x07, 0x04, 0x07, 0x04, 0x03,
    0x04, 0x01, 0x0F, 0x08, 0x05, 0x08, 0x03, 0x02, 0x04, 0x01, 0x0F, 0x09, 0x05, 0x08, 0x03, 0x02,
    0x02, 0x02, 0x22, 0x05, 0x05, 0x0B, 0x06, 0x07, 0x10, 0x09, 0x05, 0x08, 0x04, 0x02, 0x68, 0x34,
    0x1E, 0x36, 0x16, 0x2D, 0x37, 0x0B, 0x04, 0x09, 0x0D, 0x1C, 0x4B, 0x4C, 0x4C, 0x97, 0x4C, 0x4C,
    0x4C, 0x01, 0x59, 0x06, 0x06, 0x06, 0x06, 0x07, 0x10, 0x0A, 0x09, 0x10, 0x06, 0x07, 0x06, 0x06,
    0x07, 0x06, 0x10, 0x09, 0x0A, 0x10, 0x7B, 0x02, 0x03, 0x03, 0x02, 0x03, 0x06, 0x04, 0x04, 0x06,
    0x02, 0x03, 0x03, 0x03, 0x03, 0x02, 0x06, 0x04, 0x04, 0x06, 0x03, 0x09, 0x07, 0x07, 0x07, 0x07,
    0x06, 0x10, 0x09, 0x09, 0x11, 0x06, 0x07, 0x06, 0x06, 0x07, 0x06, 0x11, 0x09, 0x09, 0x10, 0x06,
    0x0B, 0x03, 0x07, 0x03, 0x04, 0x08, 0x03, 0x02, 0x03, 0x01, 0x11, 0x01, 0x06, 0x05, 0x06, 0x0E,
    0x08, 0x08, 0x0D, 0x06, 0x05, 0x06, 0x14, 0x01, 0x03, 0x03, 0x5F, 0xFE, 0xF4, 0x21, 0x15, 0x15,
    0x12, 0x02, 0x03, 0x0F, 0x01, 0x03, 0x02, 0x04, 0x04, 0x02, 0x02, 0x01, 0x02, 0x01, 0x02, 0x02,
    0x01, 0x03, 0x03, 0x02, 0x02, 0x01, 0x02, 0x01, 0x02, 0x02, 0x01, 0x03, 0x04, 0x03, 0x02, 0x01,
    0x02, 0x01, 0x02, 0x03, 0x01, 0x04, 0x04, 0x03, 0x02, 0x02, 0x02, 0x02, 0x01, 0x03, 0x02, 0x02,
    0x03, 0x03, 0x02, 0x02, 0x03, 0x01, 0x01, 0x03, 0x02, 0x02, 0x03, 0x03, 0x02, 0x02, 0x03, 0x01,
    0x01, 0x03, 0x01, 0x02, 0x03, 0x01, 0x03, 0x04, 0x01, 0x03, 0x02, 0x01, 0x02, 0x01, 0x03, 0x01,
    0x01, 0x04, 0x03, 0x01, 0x03, 0x02, 0x01, 0x02, 0x01, 0x01, 0x01, 0x01, 0x01, 0x04, 0x03, 0x02,
    0x03, 0x01, 0x01, 0x01, 0x01, 0x01, 0x01, 0x02, 0x02, 0x07, 0x04, 0x02, 0x05, 0x01, 0x05, 0x06,
    0x0D, 0x07, 0x0D, 0x09, 0x05, 0x03, 0x14, 0x0F, 0x08, 0x0F, 0x07, 0x11, 0x07, 0x0B, 0x06, 0x12,
    0x07, 0x0A, 0x06, 0x10, 0x07, 0x09, 0x04, 0x10, 0x06, 0x09, 0x06, 0x0C, 0x05, 0x0B, 0x0A, 0x02,
    0x01, 0x0F, 0x0D, 0x0D, 0x0D, 0x01, 0x05, 0x05, 0x0B, 0x0B, 0x01, 0x10, 0x0B, 0x06, 0x03, 0x19,
    0x16, 0x15, 0x16, 0x01, 0x01, 0x01, 0x01, 0x26, 0x6A, 0x08, 0x13, 0x0A, 0x16, 0x26, 0x10, 0x12,
    0x1A, 0x09, 0x04, 0x05, 0x01, 0x02, 0x05, 0x05, 0x06, 0x12, 0x0C, 0x0D, 0x16, 0x08, 0x07, 0x09,
    0x01, 0x01, 0x01, 0x01, 0x09, 0x06, 0x04, 0x06, 0x03, 0x04, 0x08, 0x05, 0x04, 0x01, 0x04, 0x05,
    0x07, 0x02, 0x07, 0x04, 0x04, 0x03, 0x03, 0x08, 0x08, 0x03, 0x03, 0x01, 0x04, 0x04, 0x08, 0x03,
    0x05, 0x03, 0x01, 0x01, 0x01, 0x06, 0x05, 0x08, 0x06, 0x04, 0x02, 0x01, 0x01, 0x02, 0x06, 0x05,
    0x08, 0x09, 0x02, 0x01, 0x02, 0x01, 0x06, 0x05, 0x0A, 0x11, 0x0B, 0x07, 0x0B, 0x04, 0x04, 0x07,
    0x02, 0x01, 0x01, 0x0E, 0x1D, 0x10, 0x1A, 0x09, 0x12, 0x03, 0x15, 0x06, 0x16, 0x0F, 0x1C, 0x02,
    0x05, 0x05, 0x0E, 0x0A, 0x09, 0x0D, 0x00, 0x00, 0x00, 0x05, 0x00, 0x1A, 0x01, 0x1A, 0x0A, 0xE4,
    0x02, 0x66, 0x00, 0x20, 0x02, 0x5E, 0x02, 0x78, 0x02, 0x92, 0x02, 0xAA, 0x00, 0x00, 0x01, 0x30,
    0x32, 0x31, 0x32, 0x36, 0x37, 0x3E, 0x01, 0x35, 0x34, 0x26, 0x27, 0x2E, 0x01, 0x23, 0x30, 0x22,
    0x31, 0x21, 0x22, 0x06, 0x07, 0x0E, 0x01, 0x15, 0x14, 0x16, 0x17, 0x1E, 0x01, 0x33, 0x21, 0x05,
    0x21, 0x27, 0x23, 0x15, 0x07, 0x23, 0x27, 0x35, 0x27, 0x14, 0x06, 0x07, 0x0E, 0x01, 0x23, 0x22,
    0x26, 0x27, 0x2E, 0x01, 0x35, 0x0E, 0x01, 0x07, 0x0E, 0x01, 0x23, 0x22, 0x26, 0x27, 0x2E, 0x01,
    0x35, 0x0E, 0x01, 0x07, 0x0E, 0x01, 0x23, 0x22, 0x26, 0x27, 0x2E, 0x01, 0x35, 0x14, 0x06, 0x07,
    0x0E, 0x01, 0x23, 0x22, 0x26, 0x27, 0x2E, 0x01, 0x35, 0x14, 0x06, 0x07, 0x0E, 0x01, 0x23, 0x22,
    0x26, 0x27, 0x2E, 0x01, 0x35, 0x14, 0x06, 0x07, 0x0E, 0x01, 0x23, 0x22, 0x26, 0x27, 0x2E, 0x01,
    0x27, 0x14, 0x06, 0x07, 0x0E, 0x01, 0x23, 0x22, 0x26, 0x27, 0x2E, 0x01, 0x35, 0x14, 0x06, 0x07,
    0x0E, 0x01, 0x23, 0x22, 0x26, 0x27, 0x2E, 0x01, 0x35, 0x14, 0x06, 0x07, 0x0E, 0x01, 0x23, 0x22,
    0x26, 0x27, 0x2E, 0x01, 0x35, 0x14, 0x06, 0x07, 0x0E, 0x01, 0x23, 0x22, 0x26, 0x27, 0x2E, 0x01,
    0x35, 0x14, 0x06, 0x07, 0x0E, 0x01, 0x23, 0x22, 0x26, 0x27, 0x2E, 0x01, 0x35, 0x14, 0x06, 0x07,
    0x0E, 0x01, 0x23, 0x22, 0x26, 0x27, 0x2E, 0x01, 0x35, 0x14, 0x06, 0x07, 0x0E, 0x01, 0x23, 0x22,
    0x26, 0x27, 0x2E, 0x01, 0x35, 0x14, 0x06, 0x07, 0x0E, 0x01, 0x23, 0x22, 0x26, 0x27, 0x2E, 0x01,
    0x35, 0x14, 0x06, 0x07, 0x0E, 0x01, 0x23, 0x22, 0x26, 0x27, 0x2E, 0x01, 0x35, 0x14, 0x06, 0x07,
    0x0E, 0x01, 0x23, 0x22, 0x26, 0x27, 0x2E, 0x01, 0x35, 0x14, 0x06, 0x07, 0x0E, 0x01, 0x23, 0x22,
    0x26, 0x27, 0x2E, 0x01, 0x27, 0x14, 0x06, 0x07, 0x0E, 0x01, 0x23, 0x22, 0x26, 0x27, 0x2E, 0x01,
    0x27, 0x14, 0x06, 0x07, 0x0E, 0x01, 0x23, 0x22, 0x26, 0x27, 0x2E, 0x01, 0x35, 0x0E, 0x01, 0x07,
    0x0E, 0x01, 0x23, 0x22, 0x26, 0x27, 0x2E, 0x01, 0x35, 0x0E, 0x01, 0x07, 0x0E, 0x01, 0x23, 0x22,
    0x26, 0x27, 0x2E, 0x01, 0x35, 0x14, 0x06, 0x07, 0x0E, 0x01, 0x23, 0x22, 0x26, 0x27, 0x2E, 0x01,
    0x35, 0x14, 0x06, 0x07, 0x0E, 0x01, 0x23, 0x22, 0x26, 0x27, 0x2E, 0x01, 0x35, 0x2F, 0x01, 0x35,
    0x3F, 0x01, 0x34, 0x36, 0x37, 0x3E, 0x01, 0x33, 0x32, 0x16, 0x17, 0x1E, 0x01, 0x17, 0x34, 0x36,
    0x37, 0x3E, 0x01, 0x33, 0x32, 0x16, 0x17, 0x1E, 0x01, 0x15, 0x34, 0x36, 0x37, 0x3E, 0x01, 0x33,
    0x32, 0x16, 0x17, 0x1E, 0x01, 0x15, 0x34, 0x36, 0x37, 0x3E, 0x01, 0x33, 0x32, 0x16, 0x17, 0x1E,
    0x01, 0x15, 0x34, 0x36, 0x37, 0x3E, 0x01, 0x33, 0x32, 0x16, 0x17, 0x1E, 0x01, 0x15, 0x34, 0x36,
    0x37, 0x3E, 0x01, 0x33, 0x32, 0x16, 0x17, 0x1E, 0x01, 0x15, 0x34, 0x36, 0x37, 0x3E, 0x01, 0x33,
    0x32, 0x16, 0x17, 0x1E, 0x01, 0x15, 0x34, 0x36, 0x37, 0x3E, 0x01, 0x33, 0x32, 0x16, 0x17, 0x1E,
    0x01, 0x15, 0x34, 0x36, 0x37, 0x3E, 0x01, 0x33, 0x32, 0x16, 0x17, 0x1E, 0x01, 0x17, 0x34, 0x36,
    0x37, 0x3E, 0x01, 0x33, 0x32, 0x16, 0x17, 0x1E, 0x01, 0x15, 0x34, 0x36, 0x37, 0x3E, 0x01, 0x33,
    0x32, 0x16, 0x17, 0x1E, 0x01, 0x15, 0x3E, 0x01, 0x37, 0x3E, 0x01, 0x33, 0x32, 0x16, 0x17, 0x1E,
    0x01, 0x15, 0x3E, 0x01, 0x37, 0x3E, 0x01, 0x33, 0x32, 0x16, 0x17, 0x1E, 0x01, 0x15, 0x34, 0x36,
    0x37, 0x3E, 0x01, 0x33, 0x32, 0x16, 0x17, 0x1E, 0x01, 0x15, 0x34, 0x36, 0x37, 0x3E, 0x01, 0x33,
    0x32, 0x16, 0x17, 0x1E, 0x01, 0x15, 0x34, 0x36, 0x37, 0x3E, 0x01, 0x33, 0x32, 0x16, 0x17, 0x1E,
    0x01, 0x15, 0x34, 0x36, 0x37, 0x3E, 0x01, 0x33, 0x32, 0x16, 0x17, 0x1E, 0x01, 0x15, 0x3E, 0x01,
    0x37, 0x3E, 0x01, 0x33, 0x32, 0x16, 0x17, 0x1E, 0x01, 0x15, 0x34, 0x36, 0x37, 0x3E, 0x01, 0x33,
    0x32, 0x16, 0x17, 0x1E, 0x01, 0x15, 0x34, 0x36, 0x37, 0x3E, 0x01, 0x33, 0x32, 0x16, 0x17, 0x1E,
    0x01, 0x15, 0x34, 0x36, 0x37, 0x3E, 0x01, 0x33, 0x32, 0x16, 0x17, 0x1E, 0x01, 0x15, 0x34, 0x36,
    0x37, 0x3E, 0x01, 0x33, 0x32, 0x16, 0x17, 0x1E, 0x01, 0x15, 0x34, 0x36, 0x37, 0x3E, 0x01, 0x33,
    0x32, 0x16, 0x17, 0x1E, 0x01, 0x15, 0x17, 0x37, 0x21, 0x17, 0x21, 0x0D, 0x01, 0x01, 0x23, 0x22,
    0x06, 0x07, 0x0E, 0x01, 0x15, 0x14, 0x16, 0x17, 0x1E, 0x01, 0x3B, 0x01, 0x32, 0x36, 0x37, 0x3E,
    0x01, 0x35, 0x34, 0x26, 0x27, 0x2E, 0x01, 0x05, 0x34, 0x26, 0x27, 0x2E, 0x01, 0x2B, 0x01, 0x22,
    0x06, 0x07, 0x0E, 0x01, 0x15, 0x14, 0x16, 0x17, 0x1E, 0x01, 0x3B, 0x01, 0x32, 0x36, 0x37, 0x3E,
    0x01, 0x17, 0x32, 0x36, 0x37, 0x3E, 0x01, 0x35, 0x34, 0x26, 0x27, 0x2E, 0x01, 0x23, 0x22, 0x06,
    0x07, 0x0E, 0x01, 0x15, 0x14, 0x16, 0x17, 0x1E, 0x01, 0x07, 0xCE, 0x01, 0x04, 0x07, 0x02, 0x03,
    0x03, 0x03, 0x03, 0x02, 0x07, 0x04, 0x01, 0xFD, 0x4C, 0x04, 0x05, 0x03, 0x03, 0x03, 0x03, 0x03,
    0x03, 0x06, 0x03, 0x02, 0xB4, 0x01, 0x5F, 0xFB, 0x33, 0x12, 0x41, 0x04, 0x1A, 0x0A, 0x05, 0x03,
    0x02, 0x03, 0x07, 0x04, 0x04, 0x07, 0x02, 0x03, 0x02, 0x01, 0x03, 0x02, 0x03, 0x07, 0x04, 0x04,
    0x06, 0x03, 0x03, 0x02, 0x01, 0x03, 0x02, 0x03, 0x07, 0x04, 0x03, 0x07, 0x03, 0x02, 0x03, 0x03,
    0x03, 0x03, 0x06, 0x04, 0x04, 0x07, 0x03, 0x02, 0x03, 0x03, 0x03, 0x03, 0x06, 0x04, 0x04, 0x06,
    0x03, 0x03, 0x03, 0x03, 0x03, 0x02, 0x06, 0x04, 0x05, 0x06, 0x03, 0x03, 0x02, 0x01, 0x02, 0x03,
    0x03, 0x06, 0x04, 0x04, 0x07, 0x03, 0x02, 0x03, 0x03, 0x03, 0x03, 0x06, 0x04, 0x04, 0x07, 0x02,
    0x03, 0x03, 0x03, 0x02, 0x03, 0x07, 0x04, 0x04, 0x06, 0x03, 0x03, 0x03, 0x02, 0x03, 0x03, 0x07,
    0x03, 0x04, 0x07, 0x03, 0x02, 0x03, 0x03, 0x03, 0x03, 0x06, 0x04, 0x04, 0x07, 0x03, 0x02, 0x03,
    0x03, 0x03, 0x02, 0x07, 0x04, 0x04, 0x07, 0x03, 0x02, 0x03, 0x03, 0x02, 0x03, 0x07, 0x04, 0x04,
    0x07, 0x03, 0x02, 0x02, 0x03, 0x03, 0x03, 0x07, 0x04, 0x04, 0x06, 0x02, 0x03, 0x03, 0x03, 0x03,
    0x03, 0x06, 0x04, 0x04, 0x07, 0x02, 0x03, 0x03, 0x03, 0x03, 0x02, 0x07, 0x04, 0x03, 0x07, 0x03,
    0x03, 0x03, 0x03, 0x03, 0x02, 0x07, 0x03, 0x04, 0x07, 0x03, 0x02, 0x03, 0x01, 0x02, 0x03, 0x03,
    0x06, 0x04, 0x04, 0x07, 0x03, 0x02, 0x03, 0x01, 0x02, 0x03, 0x02, 0x07, 0x04, 0x04, 0x07, 0x03,
    0x02, 0x02, 0x01, 0x03, 0x02, 0x03, 0x07, 0x04, 0x04, 0x07, 0x02, 0x03, 0x02, 0x01, 0x03, 0x02,
    0x03, 0x07, 0x04, 0x04, 0x06, 0x03, 0x03, 0x02, 0x03, 0x03, 0x03, 0x07, 0x04, 0x03, 0x07, 0x03,
    0x03, 0x02, 0x03, 0x03, 0x03, 0x07, 0x03, 0x04, 0x07, 0x02, 0x03, 0x03, 0x0A, 0x58, 0x65, 0x08,
    0x02, 0x03, 0x03, 0x07, 0x03, 0x04, 0x07, 0x03, 0x02, 0x03, 0x01, 0x02, 0x03, 0x03, 0x06, 0x04,
    0x04, 0x07, 0x03, 0x02, 0x03, 0x03, 0x03, 0x02, 0x07, 0x04, 0x04, 0x07, 0x03, 0x02, 0x03, 0x03,
    0x02, 0x03, 0x07, 0x04, 0x04, 0x06, 0x03, 0x03, 0x02, 0x03, 0x03, 0x03, 0x07, 0x04, 0x04, 0x06,
    0x02, 0x03, 0x03, 0x03, 0x03, 0x03, 0x06, 0x05, 0x04, 0x06, 0x02, 0x03, 0x03, 0x03, 0x03, 0x02,
    0x07, 0x04, 0x03, 0x07, 0x03, 0x03, 0x03, 0x02, 0x03, 0x03, 0x07, 0x03, 0x04, 0x07, 0x03, 0x03,
    0x03, 0x02, 0x03, 0x03, 0x06, 0x04, 0x04, 0x07, 0x03, 0x02, 0x03, 0x01, 0x02, 0x03, 0x02, 0x07,
    0x04, 0x04, 0x07, 0x03, 0x02, 0x03, 0x03, 0x02, 0x03, 0x07, 0x04, 0x04, 0x07, 0x03, 0x02, 0x02,
    0x01, 0x03, 0x02, 0x03, 0x07, 0x04, 0x04, 0x06, 0x03, 0x03, 0x02, 0x01, 0x03, 0x02, 0x03, 0x07,
    0x04, 0x04, 0x06, 0x02, 0x03, 0x03, 0x03, 0x03, 0x03, 0x07, 0x03, 0x04, 0x07, 0x02, 0x03, 0x03,
    0x03, 0x03, 0x02, 0x07, 0x04, 0x04, 0x06, 0x03, 0x03, 0x03, 0x03, 0x03, 0x02, 0x06, 0x04, 0x05,
    0x06, 0x03, 0x03, 0x03, 0x02, 0x03, 0x02, 0x07, 0x04, 0x04, 0x07, 0x03, 0x02, 0x03, 0x01, 0x02,
    0x02, 0x03, 0x07, 0x04, 0x04, 0x07, 0x02, 0x03, 0x03, 0x03, 0x02, 0x03, 0x07, 0x04, 0x04, 0x06,
    0x03, 0x03, 0x03, 0x03, 0x02, 0x03, 0x07, 0x04, 0x03, 0x07, 0x03, 0x03, 0x02, 0x03, 0x03, 0x03,
    0x07, 0x03, 0x04, 0x07, 0x03, 0x02, 0x03, 0x03, 0x03, 0x03, 0x06, 0x04, 0x04, 0x06, 0x03, 0x03,
    0x03, 0x03, 0x03, 0x02, 0x07, 0x04, 0x04, 0x06, 0x03, 0x03, 0x03, 0x07, 0x5A, 0x01, 0x87, 0x59,
    0x02, 0x1C, 0x02, 0x9C, 0xFE, 0x49, 0xFB, 0x39, 0x01, 0x03, 0x07, 0x03, 0x03, 0x02, 0x02, 0x03,
    0x03, 0x07, 0x03, 0x01, 0x04, 0x06, 0x03, 0x03, 0x03, 0x03, 0x03, 0x03, 0x06, 0x01, 0x24, 0x03,
    0x03, 0x02, 0x06, 0x04, 0xC7, 0x03, 0x06, 0x03, 0x03, 0x02, 0x02, 0x03, 0x03, 0x06, 0x03, 0xC7,
    0x04, 0x06, 0x02, 0x03, 0x03, 0x26, 0x04, 0x06, 0x03, 0x03, 0x03, 0x03, 0x03, 0x03, 0x06, 0x04,
    0x04, 0x07, 0x02, 0x03, 0x03, 0x03, 0x03, 0x02, 0x07, 0x01, 0xEA, 0x03, 0x03, 0x02, 0x07, 0x04,
    0x04, 0x07, 0x03, 0x02, 0x03, 0x03, 0x02, 0x03, 0x07, 0x04, 0x04, 0x07, 0x02, 0x03, 0x03, 0xBD,
    0x31, 0x3F, 0x05, 0x10, 0x1A, 0x0A, 0x04, 0x06, 0x03, 0x03, 0x03, 0x03, 0x03, 0x03, 0x06, 0x04,
    0x04, 0x06, 0x03, 0x03, 0x03, 0x03, 0x03, 0x03, 0x06, 0x04, 0x04, 0x06, 0x03, 0x03, 0x03, 0x03,
    0x03, 0x03, 0x06, 0x04, 0x04, 0x06, 0x03, 0x03, 0x03, 0x03, 0x03, 0x03, 0x06, 0x04, 0x04, 0x06,
    0x03, 0x03, 0x03, 0x03, 0x03, 0x03, 0x06, 0x04, 0x04, 0x06, 0x03, 0x03, 0x03, 0x03, 0x03, 0x03,
    0x06, 0x04, 0x04, 0x06, 0x03, 0x03, 0x03, 0x03, 0x03, 0x03, 0x06, 0x04, 0x04, 0x06, 0x03, 0x03,
    0x03, 0x03, 0x03, 0x03, 0x06, 0x04, 0x04, 0x06, 0x03, 0x03, 0x03, 0x03, 0x03, 0x03, 0x06, 0x04,
    0x04, 0x06, 0x03, 0x03, 0x03, 0x03, 0x03, 0x03, 0x06, 0x04, 0x04, 0x06, 0x03, 0x03, 0x03, 0x03,
    0x03, 0x03, 0x06, 0x04, 0x04, 0x06, 0x03, 0x03, 0x03, 0x03, 0x03, 0x03, 0x06, 0x04, 0x04, 0x06,
    0x03, 0x03, 0x03, 0x03, 0x03, 0x03, 0x06, 0x04, 0x04, 0x06, 0x03, 0x03, 0x03, 0x03, 0x03, 0x03,
    0x06, 0x04, 0x04, 0x06, 0x03, 0x03, 0x03, 0x03, 0x03, 0x03, 0x06, 0x04, 0x04, 0x06, 0x03, 0x03,
    0x03, 0x03, 0x03, 0x03, 0x06, 0x04, 0x04, 0x06, 0x03, 0x03, 0x03, 0x03, 0x03, 0x03, 0x06, 0x04,
    0x04, 0x06, 0x03, 0x03, 0x03, 0x03, 0x03, 0x03, 0x06, 0x04, 0x04, 0x06, 0x03, 0x03, 0x03, 0x03,
    0x03, 0x03, 0x06, 0x04, 0x04, 0x06, 0x03, 0x03, 0x03, 0x03, 0x03, 0x03, 0x06, 0x04, 0x04, 0x06,
    0x03, 0x03, 0x03, 0x03, 0x03, 0x03, 0x06, 0x04, 0x04, 0x06, 0x03, 0x03, 0x03, 0x03, 0x03, 0x03,
    0x06, 0x04, 0x04, 0x06, 0x03, 0x03, 0x03, 0x03, 0x03, 0x03, 0x06, 0x04, 0x1B, 0x41, 0x4A, 0x3F,
    0x0E, 0x04, 0x06, 0x03, 0x03, 0x02, 0x02, 0x03, 0x03, 0x06, 0x04, 0x04, 0x06, 0x03, 0x03, 0x02,
    0x02, 0x03, 0x03, 0x06, 0x04, 0x04, 0x06, 0x03, 0x03, 0x02, 0x02, 0x03, 0x03, 0x06, 0x04, 0x04,
    0x06, 0x03, 0x03, 0x02, 0x02, 0x03, 0x03, 0x06, 0x04, 0x04, 0x06, 0x03, 0x03, 0x02, 0x02, 0x03,
    0x03, 0x06, 0x04, 0x04, 0x06, 0x03, 0x03, 0x02, 0x02, 0x03, 0x03, 0x06, 0x04, 0x04, 0x06, 0x03,
    0x03, 0x02, 0x02, 0x03, 0x03, 0x06, 0x04, 0x04, 0x06, 0x03, 0x03, 0x02, 0x02, 0x03, 0x03, 0x06,
    0x04, 0x04, 0x06, 0x03, 0x03, 0x02, 0x02, 0x03, 0x03, 0x06, 0x04, 0x04, 0x06, 0x03, 0x03, 0x02,
    0x02, 0x03, 0x03, 0x06, 0x04, 0x04, 0x06, 0x03, 0x03, 0x02, 0x02, 0x03, 0x03, 0x06, 0x04, 0x04,
    0x06, 0x03, 0x03, 0x02, 0x02, 0x03, 0x03, 0x06, 0x04, 0x04, 0x06, 0x03, 0x03, 0x02, 0x02, 0x03,
    0x03, 0x06, 0x04, 0x04, 0x06, 0x03, 0x03, 0x02, 0x02, 0x03, 0x03, 0x06, 0x04, 0x04, 0x06, 0x03,
    0x03, 0x02, 0x02, 0x03, 0x03, 0x06, 0x04, 0x04, 0x06, 0x03, 0x03, 0x02, 0x02, 0x03, 0x03, 0x06,
    0x04, 0x04, 0x06, 0x03, 0x03, 0x02, 0x02, 0x03, 0x03, 0x06, 0x04, 0x04, 0x06, 0x03, 0x03, 0x02,
    0x02, 0x03, 0x03, 0x06, 0x04, 0x04, 0x06, 0x03, 0x03, 0x02, 0x02, 0x03, 0x03, 0x06, 0x04, 0x04,
    0x06, 0x03, 0x03, 0x02, 0x02, 0x03, 0x03, 0x06, 0x04, 0x04, 0x06, 0x03, 0x03, 0x02, 0x02, 0x03,
    0x03, 0x06, 0x04, 0x04, 0x06, 0x03, 0x03, 0x02, 0x02, 0x03, 0x03, 0x06, 0x04, 0x04, 0x06, 0x03,
    0x03, 0x02, 0x02, 0x03, 0x03, 0x06, 0x04, 0x08, 0x2D, 0x2A, 0x3C, 0xD3, 0x01, 0x26, 0x02, 0x03,
    0x03, 0x07, 0x04, 0x04, 0x06, 0x03, 0x02, 0x03, 0x03, 0x02, 0x03, 0x06, 0x04, 0x04, 0x07, 0x03,
    0x03, 0x02, 0x13, 0x04, 0x07, 0x03, 0x03, 0x02, 0x03, 0x02, 0x03, 0x07, 0x04, 0x04, 0x06, 0x03,
    0x02, 0x03, 0x03, 0x02, 0x03, 0x06, 0x0E, 0x03, 0x02, 0x03, 0x06, 0x04, 0x04, 0x07, 0x03, 0x02,
    0x03, 0x03, 0x02, 0x03, 0x07, 0x04, 0x04, 0x06, 0x03, 0x02, 0x03, 0x00, 0x00, 0x02, 0x00, 0x44,
    0x01, 0x09, 0x0A, 0x73, 0x02, 0xBE, 0x00, 0x85, 0x00, 0x91, 0x00, 0x00, 0x01, 0x26, 0x27, 0x26,
    0x24, 0x07, 0x06, 0x31, 0x30, 0x06, 0x23, 0x22, 0x26, 0x31, 0x07, 0x30, 0x06, 0x23, 0x22, 0x26,
    0x31, 0x07, 0x30, 0x06, 0x23, 0x06, 0x26, 0x31, 0x23, 0x30, 0x06, 0x23, 0x22, 0x26, 0x31, 0x23,
    0x30, 0x06, 0x23, 0x06, 0x26, 0x31, 0x07, 0x30, 0x06, 0x23, 0x22, 0x26, 0x31, 0x07, 0x37, 0x35,
    0x27, 0x0F, 0x06, 0x35, 0x27, 0x05, 0x07, 0x15, 0x23, 0x07, 0x15, 0x23, 0x07, 0x15, 0x23, 0x07,
    0x15, 0x27, 0x07, 0x15, 0x23, 0x07, 0x17, 0x37, 0x25, 0x30, 0x36, 0x37, 0x32, 0x36, 0x33, 0x32,
    0x16, 0x31, 0x30, 0x16, 0x17, 0x16, 0x06, 0x31, 0x17, 0x30, 0x36, 0x37, 0x3E, 0x01, 0x31, 0x30,
    0x36, 0x17, 0x1E, 0x01, 0x31, 0x30, 0x37, 0x3E, 0x01, 0x37, 0x36, 0x37, 0x36, 0x17, 0x1E, 0x01,
    0x17, 0x16, 0x33, 0x36, 0x37, 0x3E, 0x01, 0x37, 0x36, 0x31, 0x30, 0x26, 0x27, 0x05, 0x22, 0x26,
    0x35, 0x34, 0x36, 0x33, 0x32, 0x16, 0x15, 0x14, 0x06, 0x09, 0x1E, 0x8C, 0xA0, 0x9F, 0xFE, 0xF2,
    0x59, 0x59, 0x05, 0x07, 0x06, 0x06, 0x0E, 0x06, 0x06, 0x06, 0x05, 0x0F, 0x06, 0x07, 0x06, 0x04,
    0x10, 0x03, 0x08, 0x08, 0x03, 0x11, 0x04, 0x07, 0x07, 0x04, 0x0F, 0x06, 0x07, 0x07, 0x05, 0x96,
    0x16, 0x1E, 0x08, 0x19, 0x19, 0x1D, 0x36, 0x07, 0x0B, 0x06, 0xFD, 0x5C, 0x13, 0x0A, 0x0D, 0x0D,
    0x0D, 0x0D, 0x0C, 0x0A, 0x0E, 0x0C, 0x0F, 0x24, 0xA2, 0x02, 0x0A, 0x3C, 0x02, 0x03, 0x06, 0x03,
    0x04, 0x07, 0x35, 0x08, 0x06, 0x0E, 0x1D, 0x0E, 0x09, 0x08, 0x06, 0x45, 0x38, 0x3D, 0x14, 0x18,
    0x18, 0x5C, 0x43, 0x43, 0x57, 0x57, 0x43, 0x43, 0x89, 0x4F, 0x4E, 0x6E, 0x6E, 0x5A, 0x5A, 0x82,
    0x23, 0x24, 0x87, 0xCE, 0xF7, 0x72, 0x0C, 0x11, 0x11, 0x0C, 0x0B, 0x11, 0x11, 0x02, 0x35, 0x1A,
    0x0A, 0x09, 0x03, 0x03, 0x03, 0x0C, 0x0C, 0x01, 0x0C, 0x0B, 0x01, 0x0B, 0x01, 0x0C, 0x0C, 0x0B,
    0x0B, 0x01, 0x0C, 0x01, 0x0C, 0x0D, 0x03, 0x48, 0x08, 0x16, 0x04, 0x40, 0x16, 0x0B, 0x03, 0x0B,
    0x07, 0x07, 0x08, 0x10, 0x13, 0x10, 0x0C, 0x0E, 0x0C, 0x0E, 0x0B, 0x0E, 0x01, 0x0C, 0x0D, 0x12,
    0x5A, 0x19, 0x3A, 0x02, 0x01, 0x0C, 0x09, 0x15, 0x25, 0x1C, 0x38, 0x11, 0x19, 0x11, 0x11, 0x1A,
    0x31, 0x13, 0x15, 0x5E, 0x0A, 0x0A, 0x1A, 0x0B, 0x0C, 0x02, 0x03, 0x04, 0x04, 0x0B, 0x05, 0x05,
    0x01, 0x18, 0x18, 0x3B, 0x18, 0x18, 0x3D, 0x26, 0xC3, 0x12, 0x0D, 0x0C, 0x12, 0x12, 0x0C, 0x0D,
    0x12, 0x00, 0x00, 0x00, 0x00, 0x02, 0x00, 0x09, 0x00, 0x75, 0x0B, 0x0D, 0x02, 0xEB, 0x00, 0xF6,
    0x00, 0xFD, 0x00, 0x00, 0x01, 0x0E, 0x01, 0x07, 0x0E, 0x01, 0x07, 0x0E, 0x01, 0x07, 0x0E, 0x01,
    0x23, 0x2A, 0x01, 0x23, 0x06, 0x26, 0x27, 0x2E, 0x01, 0x27, 0x2E, 0x01, 0x27, 0x2E, 0x01, 0x23,
    0x2F, 0x01, 0x0E, 0x01, 0x07, 0x0E, 0x01, 0x07, 0x0E, 0x01, 0x27, 0x2E, 0x01, 0x27, 0x2E, 0x01,
    0x27, 0x2E, 0x01, 0x27, 0x2E, 0x01, 0x27, 0x2E, 0x01, 0x27, 0x2E, 0x01, 0x23, 0x22, 0x06, 0x07,
    0x0E, 0x01, 0x07, 0x0E, 0x01, 0x07, 0x0E, 0x01, 0x07, 0x0E, 0x01, 0x23, 0x22, 0x26, 0x27, 0x2E,
    0x01, 0x27, 0x2E, 0x01, 0x07, 0x22, 0x06, 0x23, 0x22, 0x06, 0x07, 0x0E, 0x01, 0x07, 0x0E, 0x01,
    0x23, 0x22, 0x26, 0x23, 0x2E, 0x01, 0x27, 0x2E, 0x01, 0x27, 0x26, 0x06, 0x07, 0x0E, 0x01, 0x07,
    0x0E, 0x01, 0x07, 0x0E, 0x01, 0x07, 0x0E, 0x01, 0x07, 0x0E, 0x01, 0x23, 0x06, 0x26, 0x27, 0x2E,
    0x01, 0x27, 0x2E, 0x01, 0x27, 0x2E, 0x01, 0x07, 0x0E, 0x01, 0x07, 0x0E, 0x01, 0x07, 0x0E, 0x01,
    0x07, 0x0E, 0x01, 0x07, 0x0E, 0x01, 0x23, 0x22, 0x26, 0x27, 0x26, 0x36, 0x37, 0x3E, 0x01, 0x37,
    0x3E, 0x01, 0x37, 0x3E, 0x01, 0x37, 0x3E, 0x01, 0x37, 0x3E, 0x01, 0x37, 0x3E, 0x01, 0x37, 0x3E,
    0x01, 0x37, 0x3E, 0x01, 0x33, 0x32, 0x16, 0x17, 0x1E, 0x01, 0x17, 0x32, 0x16, 0x17, 0x1E, 0x01,
    0x17, 0x37, 0x33, 0x05, 0x17, 0x1E, 0x01, 0x17, 0x14, 0x16, 0x37, 0x3C, 0x01, 0x37, 0x27, 0x17,
    0x15, 0x23, 0x17, 0x1E, 0x01, 0x17, 0x16, 0x36, 0x37, 0x3E, 0x01, 0x3F, 0x01, 0x17, 0x1E, 0x01,
    0x17, 0x1E, 0x01, 0x17, 0x16, 0x17, 0x1E, 0x01, 0x17, 0x16, 0x37, 0x32, 0x36, 0x37, 0x3E, 0x01,
    0x37, 0x07, 0x0E, 0x01, 0x07, 0x0E, 0x01, 0x07, 0x0E, 0x01, 0x07, 0x05, 0x22, 0x26, 0x27, 0x22,
    0x16, 0x17, 0x0A, 0x2B, 0x23, 0x3F, 0x1C, 0x2B, 0x43, 0x17, 0x28, 0x49, 0x22, 0x2B, 0x38, 0x0E,
    0x05, 0x06, 0x01, 0x1C, 0x34, 0x18, 0x19, 0x55, 0x3C, 0x37, 0x3D, 0x08, 0x02, 0x03, 0x01, 0x96,
    0x0A, 0x04, 0x0A, 0x07, 0x0B, 0x2B, 0x21, 0x26, 0x29, 0x03, 0x04, 0x05, 0x02, 0x03, 0x04, 0x01,
    0x03, 0x0A, 0x09, 0x0B, 0x11, 0x07, 0x08, 0x11, 0x0A, 0x0B, 0x14, 0x09, 0x0D, 0x17, 0x0C, 0x0F,
    0x16, 0x07, 0x05, 0x0B, 0x05, 0x04, 0x04, 0x02, 0x02, 0x07, 0x05, 0x04, 0x0B, 0x07, 0x15, 0x29,
    0x12, 0x23, 0x34, 0x11, 0x15, 0x1D, 0x07, 0x0A, 0x19, 0x0F, 0x03, 0x1A, 0x17, 0x09, 0x0E, 0x04,
    0x06, 0x06, 0x02, 0x02, 0x0B, 0x07, 0x0A, 0x11, 0x07, 0x0A, 0x11, 0x07, 0x0B, 0x10, 0x06, 0x09,
    0x0D, 0x05, 0x02, 0x09, 0x08, 0x04, 0x07, 0x04, 0x05, 0x0C, 0x06, 0x06, 0x0B, 0x03, 0x08, 0x0D,
    0x06, 0x0A, 0x10, 0x06, 0x09, 0x0E, 0x05, 0x0A, 0x17, 0x0D, 0x0D, 0x27, 0x1B, 0x01, 0x20, 0x1F,
    0x0F, 0x18, 0x0A, 0x11, 0x16, 0x04, 0x07, 0x0B, 0x04, 0x01, 0x01, 0x01, 0x03, 0x07, 0x05, 0x09,
    0x11, 0x09, 0x0F, 0x26, 0x18, 0x1A, 0x3F, 0x24, 0x20, 0x38, 0x18, 0x23, 0x57, 0x34, 0x23, 0x3C,
    0x18, 0x72, 0x78, 0x07, 0x05, 0x09, 0x03, 0x01, 0x03, 0x02, 0x01, 0x30, 0x2F, 0x17, 0x2F, 0x17,
    0x09, 0x41, 0x01, 0x4F, 0x09, 0x05, 0x06, 0x01, 0x01, 0x01, 0x01, 0x03, 0x70, 0x21, 0x07, 0x05,
    0x0B, 0x05, 0x05, 0x42, 0x3C, 0x1D, 0x3B, 0x1C, 0x2D, 0x60, 0x0A, 0x14, 0x09, 0x2B, 0x4C, 0x20,
    0x3F, 0x34, 0x34, 0x51, 0x1D, 0x1E, 0x12, 0x0E, 0x45, 0x37, 0x32, 0x42, 0x0F, 0x03, 0x0A, 0x17,
    0x0C, 0x1A, 0x28, 0x0E, 0x23, 0x31, 0x0E, 0xFC, 0x5C, 0x01, 0x02, 0x01, 0x01, 0x01, 0x01, 0x01,
    0x99, 0x12, 0x18, 0x06, 0x09, 0x0E, 0x04, 0x05, 0x07, 0x01, 0x01, 0x02, 0x01, 0x02, 0x02, 0x02,
    0x0E, 0x0C, 0x0B, 0x0E, 0x04, 0x01, 0x01, 0x02, 0x0E, 0x02, 0x06, 0x03, 0x06, 0x10, 0x0A, 0x0E,
    0x0B, 0x03, 0x04, 0x08, 0x05, 0x04, 0x0A, 0x06, 0x08, 0x1C, 0x14, 0x17, 0x1F, 0x09, 0x09, 0x0F,
    0x07, 0x06, 0x06, 0x02, 0x02, 0x04, 0x0E, 0x0A, 0x08, 0x11, 0x0A, 0x08, 0x09, 0x02, 0x01, 0x02,
    0x01, 0x01, 0x04, 0x08, 0x03, 0x06, 0x05, 0x02, 0x01, 0x05, 0x03, 0x01, 0x05, 0x06, 0x02, 0x03,
    0x01, 0x01, 0x04, 0x04, 0x04, 0x06, 0x01, 0x01, 0x02, 0x04, 0x06, 0x0C, 0x05, 0x08, 0x12, 0x0B,
    0x02, 0x16, 0x14, 0x0C, 0x0D, 0x02, 0x02, 0x03, 0x01, 0x02, 0x03, 0x09, 0x0E, 0x06, 0x0B, 0x0C,
    0x02, 0x02, 0x02, 0x01, 0x01, 0x09, 0x09, 0x08, 0x27, 0x1F, 0x01, 0x25, 0x25, 0x12, 0x1C, 0x0A,
    0x12, 0x13, 0x18, 0x18, 0x07, 0x1B, 0x15, 0x18, 0x28, 0x0F, 0x1C, 0x2B, 0x11, 0x1E, 0x35, 0x18,
    0x19, 0x31, 0x18, 0x15, 0x1F, 0x08, 0x0D, 0x18, 0x0B, 0x07, 0x0B, 0x03, 0x0D, 0x0D, 0x01, 0x02,
    0x01, 0x02, 0x01, 0x02, 0x01, 0x01, 0x02, 0x01, 0x06, 0x1A, 0x05, 0x03, 0x07, 0x04, 0x04, 0x02,
    0x02, 0x01, 0x01, 0x02, 0x10, 0x01, 0x12, 0x0F, 0x08, 0x09, 0x01, 0x02, 0x02, 0x03, 0x01, 0x04,
    0x02, 0x06, 0x1F, 0x03, 0x06, 0x02, 0x0D, 0x11, 0x04, 0x09, 0x06, 0x06, 0x07, 0x02, 0x01, 0x01,
    0x04, 0x02, 0x03, 0x06, 0x05, 0x08, 0x0B, 0x18, 0x0C, 0x1A, 0x22, 0x08, 0x15, 0x1B, 0x08, 0x1D,
    0x01, 0x01, 0x01, 0x01, 0x00, 0x02, 0x00, 0x08, 0x00, 0xD5, 0x09, 0xE2, 0x02, 0xAB, 0x00, 0x04,
    0x01, 0x04, 0x00, 0x00, 0x01, 0x27, 0x37, 0x23, 0x15, 0x25, 0x0E, 0x01, 0x07, 0x0E, 0x01, 0x07,
    0x0E, 0x01, 0x07, 0x0E, 0x01, 0x07, 0x0E, 0x01, 0x0F, 0x01, 0x2E, 0x01, 0x27, 0x2E, 0x01, 0x07,
    0x0E, 0x01, 0x0F, 0x01, 0x2E, 0x01, 0x27, 0x2E, 0x01, 0x07, 0x0E, 0x01, 0x0F, 0x01, 0x2E, 0x01,
    0x27, 0x2E, 0x01, 0x23, 0x22, 0x06, 0x0F, 0x01, 0x2E, 0x01, 0x27, 0x2E, 0x01, 0x23, 0x22, 0x06,
    0x0F, 0x01, 0x2E, 0x01, 0x27, 0x2E, 0x01, 0x23, 0x22, 0x06, 0x07, 0x0E, 0x01, 0x0F, 0x01, 0x2E,
    0x01, 0x27, 0x2E, 0x01, 0x23, 0x22, 0x06, 0x0F, 0x01, 0x23, 0x27, 0x07, 0x06, 0x22, 0x23, 0x06,
    0x22, 0x27, 0x22, 0x26, 0x2F, 0x01, 0x2E, 0x01, 0x27, 0x2E, 0x01, 0x27, 0x26, 0x06, 0x07, 0x0E,
    0x01, 0x0F, 0x02, 0x2E, 0x01, 0x27, 0x2E, 0x01, 0x07, 0x0E, 0x01, 0x07, 0x0E, 0x01, 0x0F, 0x01,
    0x2E, 0x01, 0x27, 0x2E, 0x01, 0x07, 0x0E, 0x01, 0x07, 0x0E, 0x01, 0x07, 0x0E, 0x01, 0x07, 0x0E,
    0x01, 0x0F, 0x01, 0x2A, 0x01, 0x23, 0x2E, 0x01, 0x27, 0x2E, 0x01, 0x2F, 0x03, 0x2E, 0x01, 0x27,
    0x2E, 0x01, 0x35, 0x3C, 0x01, 0x37, 0x35, 0x3E, 0x01, 0x37, 0x3E, 0x01, 0x37, 0x3E, 0x01, 0x37,
    0x3E, 0x01, 0x37, 0x3E, 0x01, 0x37, 0x3E, 0x01, 0x37, 0x3E, 0x01, 0x37, 0x3A, 0x01, 0x33, 0x3E,
    0x01, 0x37, 0x3A, 0x01, 0x33, 0x32, 0x36, 0x33, 0x3A, 0x01, 0x33, 0x3A, 0x01, 0x33, 0x1E, 0x01,
    0x17, 0x1E, 0x01, 0x17, 0x37, 0x17, 0x37, 0x17, 0x37, 0x17, 0x37, 0x17, 0x37, 0x17, 0x37, 0x17,
    0x37, 0x17, 0x35, 0x17, 0x35, 0x33, 0x37, 0x17, 0x1E, 0x01, 0x17, 0x1E, 0x01, 0x17, 0x1E, 0x01,
    0x33, 0x32, 0x36, 0x37, 0x32, 0x36, 0x37, 0x3E, 0x01, 0x37, 0x3E, 0x01, 0x37, 0x3E, 0x01, 0x37,
    0x3E, 0x01, 0x37, 0x0E, 0x01, 0x07, 0x04, 0x05, 0x02, 0x01, 0x4E, 0x05, 0xC8, 0x36, 0x4A, 0x14,
    0x1E, 0x3F, 0x22, 0x2D, 0x53, 0x27, 0x26, 0x61, 0x3A, 0x12, 0x24, 0x12, 0x1D, 0x01, 0x05, 0x04,
    0x06, 0x0B, 0x06, 0x05, 0x0D, 0x07, 0x0D, 0x02, 0x06, 0x03, 0x07, 0x0C, 0x05, 0x06, 0x0C, 0x07,
    0x0C, 0x02, 0x05, 0x03, 0x07, 0x0B, 0x04, 0x05, 0x0B, 0x07, 0x0B, 0x02, 0x06, 0x04, 0x07, 0x0D,
    0x05, 0x03, 0x0A, 0x06, 0x0A, 0x02, 0x05, 0x04, 0x06, 0x0C, 0x05, 0x05, 0x0C, 0x07, 0x02, 0x03,
    0x02, 0x03, 0x03, 0x08, 0x04, 0x08, 0x0E, 0x05, 0x04, 0x0B, 0x06, 0x0B, 0x5D, 0x09, 0x33, 0x01,
    0x02, 0x03, 0x03, 0x09, 0x05, 0x05, 0x09, 0x03, 0x04, 0x04, 0x0D, 0x09, 0x10, 0x22, 0x11, 0x16,
    0x2A, 0x15, 0x07, 0x0C, 0x05, 0x09, 0x0D, 0x07, 0x11, 0x0B, 0x16, 0x2A, 0x14, 0x14, 0x28, 0x13,
    0x0A, 0x0F, 0x06, 0x0D, 0x0D, 0x21, 0x14, 0x29, 0x4D, 0x23, 0x11, 0x18, 0x07, 0x0E, 0x1C, 0x0E,
    0x0F, 0x25, 0x16, 0x0B, 0x14, 0x08, 0x36, 0x02, 0x06, 0x03, 0x06, 0x0B, 0x06, 0x05, 0x0B, 0x05,
    0x0A, 0x06, 0x1F, 0x02, 0x04, 0x01, 0x04, 0x03, 0x01, 0x06, 0x0D, 0x08, 0x11, 0x20, 0x11, 0x13,
    0x20, 0x0D, 0x0A, 0x19, 0x0E, 0x2E, 0x50, 0x22, 0x1C, 0x3B, 0x1E, 0x1D, 0x52, 0x35, 0x01, 0x01,
    0x01, 0x23, 0x44, 0x21, 0x07, 0x0C, 0x05, 0x26, 0x41, 0x1A, 0x27, 0x34, 0x0E, 0x01, 0x02, 0x01,
    0x13, 0x20, 0x0E, 0x07, 0x0C, 0x03, 0x08, 0x07, 0x07, 0x09, 0x04, 0x08, 0x03, 0x08, 0x05, 0x08,
    0x04, 0x0B, 0x02, 0x0A, 0x0B, 0x0C, 0x12, 0x10, 0x0B, 0x18, 0x0E, 0x2B, 0x5B, 0x31, 0x31, 0x58,
    0x26, 0x0E, 0x20, 0x13, 0x0A, 0x20, 0x17, 0x22, 0x54, 0x31, 0x31, 0x57, 0x26, 0x29, 0x71, 0x49,
    0x25, 0x41, 0x1C, 0x17, 0x32, 0x1B, 0x01, 0xE9, 0x09, 0x09, 0x13, 0x75, 0x2B, 0x36, 0x0C, 0x12,
    0x23, 0x10, 0x16, 0x21, 0x0B, 0x0B, 0x16, 0x0A, 0x02, 0x06, 0x03, 0x05, 0x03, 0x04, 0x02, 0x04,
    0x04, 0x01, 0x01, 0x06, 0x05, 0x0A, 0x02, 0x03, 0x01, 0x04, 0x02, 0x01, 0x01, 0x05, 0x04, 0x08,
    0x01, 0x03, 0x02, 0x03, 0x02, 0x04, 0x05, 0x08, 0x02, 0x04, 0x01, 0x04, 0x02, 0x05, 0x03, 0x08,
    0x02, 0x03, 0x02, 0x03, 0x04, 0x04, 0x04, 0x01, 0x02, 0x02, 0x02, 0x02, 0x04, 0x02, 0x04, 0x04,
    0x05, 0x04, 0x09, 0x25, 0x33, 0x01, 0x01, 0x01, 0x02, 0x01, 0x02, 0x0A, 0x14, 0x0B, 0x14, 0x18,
    0x03, 0x03, 0x07, 0x0A, 0x03, 0x07, 0x04, 0x07, 0x01, 0x05, 0x08, 0x04, 0x08, 0x05, 0x03, 0x03,
    0x0E, 0x0B, 0x05, 0x0B, 0x05, 0x02, 0x06, 0x0A, 0x05, 0x0B, 0x07, 0x02, 0x01, 0x03, 0x02, 0x02,
    0x09, 0x06, 0x07, 0x17, 0x11, 0x09, 0x0F, 0x07, 0x12, 0x01, 0x01, 0x01, 0x02, 0x04, 0x03, 0x04,
    0x1D, 0x10, 0x01, 0x03, 0x01, 0x04, 0x08, 0x04, 0x03, 0x07, 0x03, 0x05, 0x08, 0x14, 0x0C, 0x17,
    0x26, 0x0F, 0x11, 0x19, 0x08, 0x06, 0x0C, 0x05, 0x11, 0x19, 0x09, 0x06, 0x09, 0x03, 0x03, 0x06,
    0x01, 0x01, 0x02, 0x01, 0x01, 0x01, 0x06, 0x06, 0x03, 0x06, 0x03, 0x09, 0x07, 0x07, 0x06, 0x04,
    0x02, 0x07, 0x05, 0x07, 0x06, 0x09, 0x04, 0x08, 0x04, 0x0B, 0x04, 0x08, 0x0D, 0x05, 0x02, 0x06,
    0x03, 0x09, 0x0D, 0x04, 0x04, 0x04, 0x01, 0x01, 0x02, 0x01, 0x01, 0x07, 0x04, 0x05, 0x0B, 0x06,
    0x06, 0x1A, 0x14, 0x0A, 0x12, 0x08, 0x12, 0x28, 0x14, 0x00, 0x00, 0x00, 0x00, 0x02, 0x00, 0x00,
    0x00, 0xE9, 0x08, 0xE7, 0x02, 0x96, 0x00, 0x24, 0x01, 0x03, 0x00, 0x00, 0x13, 0x2E, 0x01, 0x23,
    0x22, 0x06, 0x07, 0x0E, 0x01, 0x07, 0x0E, 0x01, 0x15, 0x14, 0x16, 0x17, 0x1E, 0x01, 0x17, 0x1E,
    0x01, 0x17, 0x32, 0x36, 0x37, 0x3E, 0x01, 0x37, 0x3E, 0x01, 0x37, 0x34, 0x26, 0x27, 0x2E, 0x01,
    0x27, 0x25, 0x0E, 0x01, 0x07, 0x0E, 0x01, 0x07, 0x0E, 0x01, 0x07, 0x0E, 0x01, 0x07, 0x0E, 0x01,
    0x07, 0x23, 0x35, 0x2F, 0x01, 0x07, 0x27, 0x2E, 0x01, 0x27, 0x2E, 0x01, 0x27, 0x2E, 0x01, 0x27,
    0x2E, 0x01, 0x07, 0x0E, 0x01, 0x07, 0x0E, 0x01, 0x07, 0x0E, 0x01, 0x07, 0x0E, 0x01, 0x23, 0x2A,
    0x01, 0x07, 0x22, 0x26, 0x27, 0x2E, 0x01, 0x27, 0x2E, 0x01, 0x23, 0x26, 0x22, 0x07, 0x0E, 0x01,
    0x07, 0x0E, 0x01, 0x07, 0x0E, 0x01, 0x07, 0x0E, 0x01, 0x07, 0x22, 0x06, 0x07, 0x0E, 0x01, 0x07,
    0x0E, 0x01, 0x07, 0x06, 0x22, 0x27, 0x2E, 0x01, 0x27, 0x2E, 0x01, 0x27, 0x2E, 0x01, 0x27, 0x2E,
    0x01, 0x35, 0x36, 0x34, 0x35, 0x34, 0x36, 0x37, 0x3E, 0x01, 0x37, 0x3E, 0x01, 0x37, 0x3E, 0x01,
    0x37, 0x3E, 0x01, 0x33, 0x30, 0x16, 0x17, 0x3A, 0x01, 0x37, 0x3E, 0x01, 0x37, 0x35, 0x17, 0x3F,
    0x01, 0x3E, 0x01, 0x37, 0x3E, 0x01, 0x37, 0x36, 0x37, 0x3E, 0x01, 0x37, 0x36, 0x37, 0x36, 0x32,
    0x1F, 0x01, 0x37, 0x17, 0x37, 0x17, 0x37, 0x17, 0x37, 0x17, 0x37, 0x17, 0x37, 0x17, 0x37, 0x17,
    0x37, 0x17, 0x37, 0x17, 0x37, 0x17, 0x1E, 0x01, 0x17, 0x1E, 0x01, 0x17, 0x1E, 0x01, 0x1F, 0x01,
    0x1E, 0x01, 0x17, 0x16, 0x36, 0x37, 0x3E, 0x01, 0x35, 0x36, 0x26, 0x27, 0x2E, 0x01, 0x27, 0x2E,
    0x01, 0x27, 0x22, 0x26, 0x27, 0x2E, 0x01, 0x27, 0x26, 0x34, 0x37, 0x34, 0x36, 0x37, 0x3E, 0x01,
    0x33, 0x32, 0x16, 0x17, 0x1E, 0x01, 0x17, 0x1E, 0x01, 0x17, 0x1E, 0x01, 0x17, 0x1E, 0x01, 0x17,
    0x50, 0x06, 0x0C, 0x07, 0x06, 0x0B, 0x04, 0x02, 0x06, 0x02, 0x03, 0x01, 0x02, 0x02, 0x01, 0x05,
    0x05, 0x05, 0x08, 0x04, 0x05, 0x0A, 0x04, 0x04, 0x07, 0x04, 0x03, 0x03, 0x01, 0x01, 0x02, 0x01,
    0x06, 0x03, 0x08, 0x97, 0x0C, 0x23, 0x15, 0x2B, 0x54, 0x28, 0x2F, 0x5C, 0x2C, 0x28, 0x5A, 0x32,
    0x28, 0x8D, 0x65, 0xBB, 0x0D, 0x0F, 0x09, 0x10, 0x01, 0x05, 0x03, 0x08, 0x15, 0x0D, 0x11, 0x1F,
    0x0E, 0x0F, 0x22, 0x12, 0x11, 0x1F, 0x0D, 0x0C, 0x19, 0x0D, 0x0B, 0x0F, 0x04, 0x01, 0x04, 0x02,
    0x03, 0x06, 0x02, 0x05, 0x0D, 0x08, 0x04, 0x06, 0x02, 0x03, 0x04, 0x02, 0x03, 0x25, 0x23, 0x19,
    0x2F, 0x15, 0x47, 0x62, 0x1B, 0x19, 0x2F, 0x17, 0x1C, 0x20, 0x04, 0x03, 0x20, 0x1D, 0x1E, 0x24,
    0x05, 0x0A, 0x0F, 0x05, 0x09, 0x0F, 0x07, 0x07, 0x0D, 0x06, 0x05, 0x07, 0x01, 0x04, 0x05, 0x01,
    0x03, 0x02, 0x01, 0x04, 0x02, 0x03, 0x18, 0x14, 0x15, 0x18, 0x04, 0x04, 0x05, 0x02, 0x02, 0x04,
    0x03, 0x07, 0x07, 0x05, 0x08, 0x03, 0x02, 0x04, 0x01, 0x11, 0x0F, 0x30, 0x10, 0x24, 0x12, 0x3E,
    0x83, 0x44, 0x23, 0x27, 0x27, 0x57, 0x31, 0x30, 0x35, 0x35, 0x5D, 0x27, 0x10, 0x14, 0x15, 0x0F,
    0x12, 0x15, 0x12, 0x13, 0x14, 0x11, 0x15, 0x13, 0x0E, 0x13, 0x11, 0x17, 0x12, 0x18, 0x0F, 0x14,
    0x33, 0x1E, 0x37, 0x18, 0x19, 0x54, 0x3B, 0x1E, 0x37, 0x19, 0x07, 0x03, 0x07, 0x04, 0x0C, 0x12,
    0x07, 0x07, 0x06, 0x01, 0x02, 0x02, 0x01, 0x0E, 0x0B, 0x0C, 0x18, 0x0B, 0x04, 0x0E, 0x0B, 0x04,
    0x04, 0x01, 0x01, 0x01, 0x05, 0x04, 0x03, 0x05, 0x02, 0x02, 0x06, 0x05, 0x06, 0x28, 0x23, 0x26,
    0x3C, 0x17, 0x15, 0x37, 0x22, 0x11, 0x1E, 0x0C, 0x01, 0x59, 0x04, 0x04, 0x03, 0x03, 0x02, 0x08,
    0x05, 0x04, 0x09, 0x05, 0x04, 0x07, 0x04, 0x03, 0x07, 0x03, 0x03, 0x03, 0x01, 0x03, 0x03, 0x01,
    0x05, 0x04, 0x04, 0x08, 0x06, 0x05, 0x08, 0x04, 0x04, 0x08, 0x03, 0x97, 0x0F, 0x1F, 0x11, 0x24,
    0x33, 0x11, 0x14, 0x1E, 0x0B, 0x09, 0x0E, 0x04, 0x03, 0x04, 0x01, 0x11, 0x11, 0x01, 0x0C, 0x04,
    0x0B, 0x16, 0x0C, 0x19, 0x21, 0x08, 0x0B, 0x0F, 0x05, 0x05, 0x04, 0x01, 0x01, 0x07, 0x05, 0x05,
    0x0F, 0x0B, 0x09, 0x0A, 0x01, 0x01, 0x01, 0x01, 0x06, 0x06, 0x04, 0x05, 0x01, 0x03, 0x03, 0x02,
    0x02, 0x01, 0x02, 0x02, 0x05, 0x09, 0x03, 0x03, 0x07, 0x04, 0x04, 0x06, 0x02, 0x0F, 0x0D, 0x0E,
    0x10, 0x02, 0x04, 0x05, 0x01, 0x02, 0x02, 0x02, 0x06, 0x04, 0x03, 0x06, 0x03, 0x05, 0x09, 0x05,
    0x06, 0x0E, 0x08, 0x08, 0x0A, 0x02, 0x03, 0x0A, 0x08, 0x09, 0x2F, 0x26, 0x27, 0x2A, 0x04, 0x04,
    0x05, 0x01, 0x01, 0x01, 0x01, 0x01, 0x01, 0x02, 0x04, 0x03, 0x07, 0x06, 0x0B, 0x08, 0x04, 0x08,
    0x04, 0x0D, 0x15, 0x08, 0x04, 0x03, 0x04, 0x05, 0x01, 0x02, 0x01, 0x01, 0x01, 0x0F, 0x0B, 0x0C,
    0x0C, 0x0E, 0x0B, 0x10, 0x0B, 0x0C, 0x09, 0x0C, 0x09, 0x0E, 0x09, 0x0F, 0x09, 0x0E, 0x0A, 0x0F,
    0x09, 0x09, 0x05, 0x0B, 0x06, 0x05, 0x19, 0x13, 0x0A, 0x12, 0x09, 0x02, 0x01, 0x03, 0x01, 0x01,
    0x02, 0x05, 0x05, 0x0B, 0x06, 0x04, 0x0A, 0x06, 0x03, 0x0B, 0x08, 0x07, 0x0B, 0x04, 0x05, 0x04,
    0x01, 0x02, 0x02, 0x02, 0x04, 0x02, 0x03, 0x04, 0x01, 0x02, 0x01, 0x01, 0x01, 0x01, 0x0B, 0x0A,
    0x0B, 0x13, 0x07, 0x07, 0x14, 0x0F, 0x07, 0x0D, 0x05, 0x00, 0x00, 0x00, 0x00, 0x01, 0x00, 0x48,
    0x00, 0xA2, 0x0A, 0x91, 0x02, 0xB7, 0x00, 0x73, 0x00, 0x00, 0x01, 0x15, 0x33, 0x35, 0x25, 0x37,
    0x17, 0x37, 0x17, 0x37, 0x17, 0x3E, 0x01, 0x17, 0x1E, 0x01, 0x17, 0x16, 0x06, 0x07, 0x0E, 0x01,
    0x07, 0x0E, 0x01, 0x17, 0x1E, 0x01, 0x17, 0x1E, 0x01, 0x37, 0x15, 0x33, 0x35, 0x17, 0x15, 0x33,
    0x35, 0x16, 0x17, 0x16, 0x36, 0x37, 0x36, 0x37, 0x05, 0x0E, 0x01, 0x07, 0x0E, 0x01, 0x07, 0x06,
    0x26, 0x27, 0x2E, 0x01, 0x27, 0x2E, 0x01, 0x27, 0x34, 0x26, 0x27, 0x2E, 0x01, 0x27, 0x2E, 0x01,
    0x27, 0x23, 0x0E, 0x01, 0x07, 0x26, 0x27, 0x2E, 0x01, 0x27, 0x26, 0x27, 0x35, 0x23, 0x15, 0x26,
    0x07, 0x0E, 0x01, 0x07, 0x06, 0x07, 0x06, 0x07, 0x0E, 0x01, 0x07, 0x06, 0x07, 0x06, 0x26, 0x37,
    0x36, 0x37, 0x3E, 0x01, 0x37, 0x36, 0x37, 0x36, 0x37, 0x3E, 0x01, 0x37, 0x36, 0x37, 0x04, 0x2A,
    0x09, 0x01, 0x41, 0x22, 0x09, 0x24, 0x0C, 0x23, 0x0C, 0x18, 0x28, 0x0E, 0x06, 0x05, 0x01, 0x01,
    0x05, 0x04, 0x08, 0x0B, 0x03, 0x02, 0x01, 0x02, 0x02, 0x07, 0x04, 0x05, 0x0B, 0x06, 0x07, 0x64,
    0x07, 0x43, 0x3F, 0x40, 0x79, 0x3A, 0x3A, 0x38, 0x01, 0xDC, 0x16, 0x4A, 0x33, 0x33, 0x70, 0x3C,
    0x3D, 0x67, 0x2B, 0x2B, 0x77, 0x4B, 0x4B, 0x84, 0x39, 0x01, 0x01, 0x03, 0x07, 0x04, 0x05, 0x09,
    0x05, 0x05, 0x04, 0x10, 0x0D, 0x38, 0x3A, 0x3A, 0x77, 0x3C, 0x3D, 0x3E, 0x09, 0x7A, 0x65, 0x64,
    0x9F, 0x3A, 0x3B, 0x25, 0x2A, 0x2A, 0x2B, 0x56, 0x2C, 0x2B, 0x2C, 0x2B, 0x09, 0x21, 0x14, 0x1B,
    0x1B, 0x41, 0x28, 0x27, 0x2E, 0x2D, 0x45, 0x44, 0xB7, 0x72, 0x72, 0x89, 0x02, 0x65, 0x07, 0x07,
    0x09, 0x13, 0x08, 0x16, 0x07, 0x14, 0x07, 0x14, 0x10, 0x02, 0x01, 0x04, 0x04, 0x03, 0x06, 0x03,
    0x04, 0x0B, 0x06, 0x05, 0x0B, 0x05, 0x05, 0x08, 0x03, 0x03, 0x03, 0x01, 0x1A, 0x13, 0x0C, 0x13,
    0x16, 0x06, 0x02, 0x02, 0x04, 0x07, 0x06, 0x0B, 0xBF, 0x12, 0x2B, 0x1B, 0x1A, 0x1E, 0x03, 0x03,
    0x09, 0x0C, 0x0C, 0x1F, 0x13, 0x13, 0x13, 0x01, 0x02, 0x04, 0x02, 0x05, 0x08, 0x02, 0x03, 0x02,
    0x01, 0x1F, 0x2E, 0x10, 0x0D, 0x09, 0x09, 0x0E, 0x04, 0x04, 0x01, 0x06, 0x07, 0x01, 0x02, 0x02,
    0x0C, 0x09, 0x09, 0x0C, 0x0D, 0x12, 0x11, 0x2C, 0x1A, 0x1B, 0x1F, 0x04, 0x49, 0x4E, 0x1C, 0x1A,
    0x1A, 0x31, 0x16, 0x17, 0x14, 0x15, 0x11, 0x11, 0x1B, 0x0B, 0x0A, 0x07, 0x00, 0x02, 0x00, 0x12,
    0x00, 0x3C, 0x08, 0x36, 0x03, 0x49, 0x00, 0x30, 0x01, 0x30, 0x00, 0x00, 0x13, 0x22, 0x06, 0x07,
    0x0E, 0x01, 0x07, 0x0E, 0x01, 0x07, 0x0E, 0x01, 0x07, 0x06, 0x14, 0x17, 0x1E, 0x01, 0x17, 0x1E,
    0x01, 0x17, 0x1E, 0x01, 0x17, 0x16, 0x36, 0x37, 0x3E, 0x01, 0x37, 0x3E, 0x01, 0x37, 0x3E, 0x01,
    0x35, 0x34, 0x26, 0x27, 0x2E, 0x01, 0x27, 0x2E, 0x01, 0x27, 0x26, 0x06, 0x07, 0x05, 0x1E, 0x01,
    0x17, 0x2E, 0x01, 0x27, 0x2E, 0x01, 0x27, 0x2E, 0x01, 0x27, 0x2E, 0x01, 0x27, 0x2A, 0x01, 0x23,
    0x0E, 0x01, 0x07, 0x0E, 0x01, 0x0F, 0x01, 0x17, 0x16, 0x06, 0x07, 0x0E, 0x01, 0x07, 0x0E, 0x01,
    0x23, 0x2E, 0x01, 0x27, 0x2E, 0x01, 0x27, 0x2E, 0x01, 0x27, 0x2E, 0x01, 0x27, 0x26, 0x06, 0x07,
    0x0E, 0x01, 0x0F, 0x01, 0x2E, 0x01, 0x27, 0x26, 0x06, 0x07, 0x0E, 0x01, 0x07, 0x0E, 0x01, 0x0F,
    0x01, 0x2E, 0x01, 0x27, 0x22, 0x06, 0x07, 0x0E, 0x01, 0x07, 0x0E, 0x01, 0x07, 0x0E, 0x01, 0x15,
    0x0E, 0x01, 0x23, 0x27, 0x15, 0x14, 0x06, 0x07, 0x0E, 0x01, 0x07, 0x0E, 0x01, 0x07, 0x0E, 0x01,
    0x07, 0x0E, 0x01, 0x23, 0x2E, 0x01, 0x27, 0x2E, 0x01, 0x2F, 0x03, 0x3E, 0x01, 0x37, 0x3E, 0x01,
    0x37, 0x3E, 0x01, 0x3F, 0x02, 0x27, 0x3E, 0x01, 0x37, 0x3E, 0x01, 0x37, 0x3A, 0x01, 0x33, 0x32,
    0x36, 0x37, 0x3E, 0x01, 0x35, 0x26, 0x34, 0x35, 0x3E, 0x01, 0x33, 0x32, 0x16, 0x17, 0x16, 0x32,
    0x37, 0x3E, 0x01, 0x37, 0x3E, 0x01, 0x37, 0x36, 0x32, 0x17, 0x1E, 0x01, 0x33, 0x16, 0x36, 0x37,
    0x3E, 0x01, 0x35, 0x26, 0x36, 0x37, 0x3E, 0x01, 0x17, 0x32, 0x16, 0x17, 0x1E, 0x01, 0x35, 0x3E,
    0x01, 0x35, 0x26, 0x36, 0x37, 0x3E, 0x01, 0x33, 0x3A, 0x01, 0x31, 0x32, 0x36, 0x37, 0x3E, 0x01,
    0x37, 0x3E, 0x01, 0x37, 0x3E, 0x01, 0x37, 0x3E, 0x01, 0x3F, 0x02, 0x3E, 0x01, 0x37, 0x3E, 0x01,
    0x37, 0x3E, 0x01, 0x37, 0x17, 0x37, 0x17, 0x1E, 0x01, 0x33, 0x16, 0x36, 0x37, 0x3E, 0x01, 0x37,
    0x3E, 0x01, 0x3F, 0x01, 0x1F, 0x02, 0x1E, 0x01, 0x17, 0x1E, 0x01, 0x17, 0x1E, 0x01, 0x17, 0x1E,
    0x01, 0x17, 0x1E, 0x01, 0x17, 0x1E, 0x01, 0x17, 0xDF, 0x07, 0x11, 0x09, 0x09, 0x12, 0x09, 0x07,
    0x0B, 0x04, 0x02, 0x05, 0x02, 0x03, 0x03, 0x01, 0x06, 0x06, 0x04, 0x12, 0x0E, 0x0E, 0x1E, 0x0F,
    0x0F, 0x1F, 0x0F, 0x0E, 0x18, 0x0A, 0x0B, 0x10, 0x04, 0x04, 0x04, 0x0A, 0x09, 0x08, 0x18, 0x0F,
    0x0B, 0x19, 0x0F, 0x05, 0x14, 0x0E, 0x07, 0x3B, 0x0C, 0x0E, 0x02, 0x0E, 0x29, 0x1B, 0x37, 0x78,
    0x41, 0x3B, 0x61, 0x26, 0x0E, 0x1F, 0x10, 0x07, 0x1C, 0x15, 0x32, 0x65, 0x34, 0x10, 0x1F, 0x0E,
    0x16, 0x02, 0x01, 0x02, 0x02, 0x04, 0x10, 0x0C, 0x0D, 0x10, 0x03, 0x03, 0x06, 0x02, 0x01, 0x03,
    0x04, 0x04, 0x11, 0x0C, 0x13, 0x2B, 0x18, 0x21, 0x39, 0x19, 0x08, 0x0E, 0x06, 0x08, 0x07, 0x14,
    0x0C, 0x18, 0x2F, 0x18, 0x13, 0x21, 0x0E, 0x06, 0x08, 0x03, 0x06, 0x08, 0x14, 0x0B, 0x16, 0x21,
    0x0B, 0x0B, 0x14, 0x0A, 0x03, 0x06, 0x03, 0x02, 0x03, 0x03, 0x03, 0x02, 0x03, 0x02, 0x02, 0x02,
    0x0D, 0x0A, 0x0A, 0x10, 0x06, 0x09, 0x17, 0x0F, 0x15, 0x28, 0x14, 0x12, 0x31, 0x20, 0x09, 0x13,
    0x0A, 0x0F, 0x45, 0x04, 0x05, 0x0B, 0x06, 0x0C, 0x10, 0x03, 0x04, 0x0A, 0x07, 0x0B, 0x17, 0x0C,
    0x01, 0x04, 0x03, 0x05, 0x09, 0x03, 0x03, 0x07, 0x04, 0x04, 0x06, 0x02, 0x06, 0x05, 0x01, 0x02,
    0x06, 0x04, 0x01, 0x06, 0x06, 0x04, 0x05, 0x01, 0x02, 0x02, 0x02, 0x02, 0x04, 0x03, 0x04, 0x0B,
    0x06, 0x02, 0x05, 0x01, 0x03, 0x04, 0x02, 0x04, 0x03, 0x01, 0x05, 0x05, 0x05, 0x09, 0x04, 0x01,
    0x03, 0x03, 0x01, 0x02, 0x03, 0x02, 0x01, 0x01, 0x02, 0x05, 0x0B, 0x05, 0x03, 0x04, 0x03, 0x04,
    0x02, 0x02, 0x04, 0x02, 0x01, 0x02, 0x01, 0x01, 0x08, 0x07, 0x03, 0x07, 0x03, 0x02, 0x34, 0x1F,
    0x3B, 0x1C, 0x1B, 0x4C, 0x30, 0x19, 0x2B, 0x13, 0x21, 0x10, 0x0F, 0x09, 0x13, 0x09, 0x1F, 0x33,
    0x15, 0x20, 0x36, 0x14, 0x0B, 0x0F, 0x04, 0x44, 0x0C, 0x02, 0x9C, 0x2A, 0x46, 0x1B, 0x20, 0x43,
    0x24, 0x21, 0x34, 0x13, 0x15, 0x2B, 0x16, 0x19, 0x2A, 0x12, 0x30, 0x49, 0x18, 0x01, 0x71, 0x07,
    0x06, 0x05, 0x0F, 0x09, 0x07, 0x10, 0x08, 0x06, 0x16, 0x0F, 0x0D, 0x16, 0x09, 0x06, 0x13, 0x0D,
    0x0B, 0x16, 0x0A, 0x0A, 0x0E, 0x03, 0x03, 0x03, 0x05, 0x06, 0x0F, 0x0A, 0x0B, 0x16, 0x0B, 0x0C,
    0x1C, 0x11, 0x11, 0x20, 0x0F, 0x0E, 0x1A, 0x0B, 0x07, 0x09, 0x01, 0x01, 0x01, 0x01, 0x58, 0x1E,
    0x31, 0x14, 0x17, 0x32, 0x1B, 0x37, 0x50, 0x19, 0x16, 0x1D, 0x06, 0x02, 0x03, 0x01, 0x02, 0x0E,
    0x0E, 0x05, 0x09, 0x05, 0x09, 0x07, 0x04, 0x06, 0x02, 0x03, 0x07, 0x06, 0x05, 0x05, 0x01, 0x05,
    0x05, 0x01, 0x0A, 0x08, 0x0D, 0x1C, 0x0E, 0x17, 0x1A, 0x03, 0x04, 0x15, 0x1A, 0x08, 0x12, 0x09,
    0x12, 0x04, 0x06, 0x02, 0x04, 0x07, 0x0A, 0x09, 0x1C, 0x13, 0x06, 0x0C, 0x06, 0x0A, 0x01, 0x01,
    0x01, 0x06, 0x06, 0x07, 0x15, 0x0F, 0x04, 0x0B, 0x06, 0x05, 0x06, 0x02, 0x03, 0x03, 0x03, 0x12,
    0x0A, 0x13, 0x08, 0x0A, 0x1B, 0x11, 0x11, 0x16, 0x05, 0x09, 0x10, 0x06, 0x0A, 0x09, 0x01, 0x11,
    0x10, 0x06, 0x0B, 0x06, 0x0B, 0x10, 0x0B, 0x07, 0x11, 0x0B, 0x15, 0x23, 0x0E, 0x0E, 0x24, 0x17,
    0x26, 0x0D, 0x0D, 0x06, 0x0E, 0x06, 0x0D, 0x0E, 0x01, 0x01, 0x02, 0x03, 0x06, 0x03, 0x03, 0x05,
    0x01, 0x04, 0x04, 0x02, 0x02, 0x01, 0x02, 0x01, 0x09, 0x07, 0x06, 0x08, 0x01, 0x04, 0x04, 0x02,
    0x02, 0x01, 0x01, 0x02, 0x03, 0x08, 0x06, 0x04, 0x08, 0x03, 0x03, 0x01, 0x02, 0x01, 0x01, 0x01,
    0x01, 0x01, 0x01, 0x05, 0x04, 0x04, 0x07, 0x02, 0x06, 0x04, 0x02, 0x01, 0x02, 0x05, 0x03, 0x01,
    0x04, 0x02, 0x01, 0x04, 0x04, 0x01, 0x03, 0x02, 0x08, 0x1C, 0x11, 0x1D, 0x0C, 0x0B, 0x18, 0x0D,
    0x07, 0x0A, 0x04, 0x0F, 0x04, 0x01, 0x01, 0x02, 0x02, 0x04, 0x04, 0x07, 0x16, 0x0E, 0x07, 0x0D,
    0x06, 0x09, 0x0F, 0x0C, 0x0C, 0x06, 0x0E, 0x08, 0x09, 0x1A, 0x0F, 0x0F, 0x1D, 0x0E, 0x0E, 0x20,
    0x12, 0x17, 0x29, 0x14, 0x39, 0x77, 0x3D, 0x00, 0x00, 0x02, 0x00, 0x05, 0x00, 0x54, 0x0A, 0xDE,
    0x03, 0x2C, 0x00, 0x1B, 0x01, 0x36, 0x00, 0x00, 0x01, 0x1E, 0x01, 0x17, 0x33, 0x37, 0x3E, 0x01,
    0x37, 0x3E, 0x01, 0x35, 0x34, 0x26, 0x27, 0x2E, 0x01, 0x2F, 0x01, 0x23, 0x0E, 0x01, 0x07, 0x0E,
    0x01, 0x15, 0x14, 0x16, 0x25, 0x0E, 0x01, 0x07, 0x0E, 0x01, 0x07, 0x0E, 0x01, 0x07, 0x0E, 0x01,
    0x07, 0x05, 0x2E, 0x01, 0x27, 0x2E, 0x01, 0x27, 0x2E, 0x01, 0x2F, 0x01, 0x0F, 0x02, 0x0E, 0x01,
    0x23, 0x22, 0x26, 0x2F, 0x04, 0x07, 0x2F, 0x02, 0x0F, 0x01, 0x2F, 0x01, 0x07, 0x23, 0x27, 0x23,
    0x0F, 0x01, 0x27, 0x23, 0x07, 0x2F, 0x01, 0x23, 0x0F, 0x01, 0x0E, 0x01, 0x07, 0x0E, 0x01, 0x27,
    0x22, 0x26, 0x27, 0x22, 0x26, 0x27, 0x2E, 0x01, 0x2F, 0x01, 0x07, 0x2E, 0x01, 0x27, 0x30, 0x26,
    0x2F, 0x02, 0x34, 0x26, 0x27, 0x3C, 0x01, 0x35, 0x3E, 0x01, 0x3F, 0x01, 0x35, 0x3C, 0x01, 0x35,
    0x3E, 0x01, 0x37, 0x3E, 0x01, 0x33, 0x3A, 0x01, 0x31, 0x33, 0x37, 0x3E, 0x01, 0x33, 0x36, 0x16,
    0x17, 0x32, 0x16, 0x1F, 0x02, 0x3F, 0x02, 0x17, 0x33, 0x37, 0x33, 0x1F, 0x01, 0x3F, 0x01, 0x17,
    0x3F, 0x01, 0x1F, 0x02, 0x3F, 0x01, 0x17, 0x3F, 0x01, 0x11, 0x37, 0x3E, 0x01, 0x33, 0x32, 0x16,
    0x17, 0x1E, 0x01, 0x1F, 0x01, 0x33, 0x1F, 0x02, 0x32, 0x36, 0x37, 0x36, 0x34, 0x27, 0x2E, 0x01,
    0x2F, 0x01, 0x1F, 0x02, 0x1E, 0x01, 0x33, 0x16, 0x36, 0x37, 0x36, 0x34, 0x27, 0x2E, 0x01, 0x2F,
    0x01, 0x1F, 0x02, 0x1E, 0x01, 0x33, 0x16, 0x36, 0x37, 0x36, 0x26, 0x27, 0x2E, 0x01, 0x2F, 0x01,
    0x33, 0x1F, 0x01, 0x1E, 0x01, 0x33, 0x16, 0x36, 0x37, 0x36, 0x26, 0x27, 0x2E, 0x01, 0x2F, 0x01,
    0x33, 0x1F, 0x01, 0x1E, 0x01, 0x33, 0x16, 0x36, 0x37, 0x36, 0x26, 0x27, 0x2E, 0x01, 0x2F, 0x01,
    0x37, 0x1F, 0x01, 0x1E, 0x01, 0x17, 0x16, 0x36, 0x37, 0x36, 0x26, 0x27, 0x2E, 0x01, 0x2F, 0x01,
    0x1F, 0x02, 0x1E, 0x01, 0x33, 0x16, 0x36, 0x37, 0x36, 0x26, 0x27, 0x2E, 0x01, 0x2F, 0x01, 0x1F,
    0x02, 0x1E, 0x01, 0x33, 0x32, 0x36, 0x37, 0x36, 0x34, 0x27, 0x2E, 0x01, 0x2F, 0x01, 0x37, 0x05,
    0x17, 0x08, 0x7A, 0x03, 0x06, 0x04, 0x42, 0x03, 0x02, 0x04, 0x01, 0x06, 0x05, 0x05, 0x05, 0x01,
    0x03, 0x02, 0x02, 0x48, 0x03, 0x06, 0x03, 0x05, 0x06, 0x07, 0x02, 0x6A, 0x10, 0x24, 0x16, 0x2A,
    0x46, 0x1D, 0x33, 0x63, 0x30, 0x0E, 0x1C, 0x0D, 0xFC, 0x27, 0x01, 0x02, 0x01, 0x03, 0x07, 0x04,
    0x03, 0x0A, 0x07, 0x0C, 0xBB, 0x01, 0x07, 0x04, 0x08, 0x04, 0x03, 0x08, 0x04, 0x07, 0x02, 0x09,
    0x02, 0x06, 0x83, 0x05, 0x0D, 0x05, 0x6A, 0x07, 0x0E, 0x07, 0x6E, 0x08, 0x09, 0x08, 0x66, 0x09,
    0x0A, 0x07, 0x6D, 0x0A, 0x0E, 0x07, 0x18, 0x0F, 0x21, 0x12, 0x25, 0x34, 0x0F, 0x12, 0x1A, 0x07,
    0x07, 0x09, 0x02, 0x01, 0x03, 0x02, 0x02, 0x2C, 0x02, 0x02, 0x01, 0x01, 0x01, 0x01, 0x06, 0x01,
    0x01, 0x01, 0x02, 0x01, 0x04, 0x01, 0x01, 0x01, 0x02, 0x03, 0x01, 0x01, 0x01, 0x30, 0x0B, 0x07,
    0x0C, 0x05, 0x06, 0x35, 0x2F, 0x18, 0x2F, 0x16, 0x1F, 0x04, 0x10, 0x0A, 0x6B, 0x09, 0x09, 0x0A,
    0x64, 0x08, 0x0A, 0x08, 0x6E, 0x07, 0x0E, 0x08, 0x67, 0x05, 0x0E, 0x06, 0x83, 0x05, 0x02, 0x09,
    0x05, 0x03, 0x06, 0x04, 0x05, 0x09, 0x05, 0x03, 0x04, 0x02, 0x03, 0x9F, 0x12, 0x13, 0x07, 0x04,
    0x07, 0x02, 0x06, 0x05, 0x01, 0x04, 0x02, 0x04, 0x5F, 0x12, 0x03, 0x02, 0x03, 0x02, 0x06, 0x09,
    0x04, 0x03, 0x04, 0x01, 0x03, 0x02, 0x03, 0x3D, 0x12, 0x02, 0x02, 0x04, 0x01, 0x06, 0x08, 0x03,
    0x03, 0x01, 0x03, 0x01, 0x02, 0x02, 0x02, 0x3B, 0x11, 0x02, 0x01, 0x04, 0x01, 0x05, 0x0A, 0x05,
    0x03, 0x01, 0x04, 0x01, 0x02, 0x02, 0x03, 0x3D, 0x10, 0x03, 0x02, 0x04, 0x01, 0x06, 0x0A, 0x04,
    0x02, 0x01, 0x03, 0x01, 0x02, 0x02, 0x03, 0x34, 0x0E, 0x03, 0x02, 0x05, 0x02, 0x07, 0x0B, 0x03,
    0x03, 0x01, 0x04, 0x01, 0x03, 0x02, 0x03, 0x36, 0x13, 0x02, 0x02, 0x03, 0x02, 0x05, 0x09, 0x04,
    0x03, 0x01, 0x03, 0x02, 0x03, 0x02, 0x03, 0x3C, 0x0E, 0x03, 0x02, 0x03, 0x01, 0x05, 0x07, 0x02,
    0x02, 0x02, 0x01, 0x03, 0x01, 0x02, 0x41, 0x02, 0x23, 0xBA, 0x01, 0x7C, 0x02, 0x04, 0x01, 0x02,
    0x01, 0x03, 0x02, 0x06, 0x0D, 0x09, 0x08, 0x0D, 0x04, 0x01, 0x02, 0x01, 0x01, 0x01, 0x05, 0x03,
    0x06, 0x0D, 0x07, 0x07, 0x0C, 0x09, 0x0A, 0x17, 0x0C, 0x19, 0x23, 0x0A, 0x12, 0x18, 0x07, 0x01,
    0x02, 0x01, 0x04, 0x01, 0x02, 0x01, 0x03, 0x05, 0x01, 0x02, 0x03, 0x01, 0x02, 0x01, 0x96, 0x04,
    0x02, 0x02, 0x02, 0x02, 0x03, 0x9B, 0x02, 0x1B, 0x0C, 0x03, 0x0C, 0x01, 0x0E, 0x04, 0x0C, 0x01,
    0x0D, 0x0E, 0x0C, 0x02, 0x0C, 0x0D, 0x04, 0x0E, 0x06, 0x0B, 0x01, 0x02, 0x01, 0x02, 0x02, 0x01,
    0x01, 0x01, 0x02, 0x01, 0x01, 0x02, 0x02, 0x03, 0x04, 0x01, 0x04, 0x02, 0x02, 0x01, 0x30, 0x13,
    0x05, 0x0B, 0x07, 0x0D, 0x15, 0x08, 0x08, 0x10, 0x09, 0x0E, 0x34, 0x01, 0x02, 0x01, 0x03, 0x04,
    0x02, 0x01, 0x02, 0x02, 0x01, 0x01, 0x01, 0x01, 0x02, 0x01, 0x01, 0x0C, 0x04, 0x01, 0x0E, 0x03,
    0x0C, 0x0C, 0x0D, 0x01, 0x0E, 0x01, 0x0D, 0x01, 0x0D, 0x04, 0x0C, 0x01, 0x0E, 0x03, 0x0C, 0x1B,
    0x01, 0x01, 0x08, 0x04, 0x02, 0x02, 0x02, 0x02, 0x01, 0x02, 0x01, 0xFC, 0x12, 0x28, 0x01, 0x02,
    0x02, 0x04, 0x0E, 0x09, 0x03, 0x06, 0x03, 0x05, 0x04, 0x24, 0x02, 0x02, 0x02, 0x02, 0x01, 0x05,
    0x04, 0x0C, 0x07, 0x03, 0x06, 0x02, 0x04, 0x06, 0x23, 0x02, 0x01, 0x01, 0x01, 0x04, 0x05, 0x04,
    0x0B, 0x06, 0x02, 0x04, 0x02, 0x03, 0x22, 0x02, 0x01, 0x02, 0x01, 0x03, 0x06, 0x03, 0x0B, 0x06,
    0x02, 0x04, 0x02, 0x04, 0x20, 0x03, 0x02, 0x02, 0x03, 0x05, 0x07, 0x03, 0x0A, 0x06, 0x02, 0x03,
    0x02, 0x03, 0x02, 0x21, 0x02, 0x01, 0x02, 0x01, 0x02, 0x02, 0x05, 0x03, 0x0B, 0x07, 0x03, 0x05,
    0x02, 0x04, 0x02, 0x21, 0x03, 0x01, 0x02, 0x02, 0x04, 0x05, 0x05, 0x0A, 0x06, 0x02, 0x03, 0x02,
    0x02, 0x01, 0x1C, 0x01, 0x01, 0x01, 0x04, 0x04, 0x04, 0x09, 0x05, 0x02, 0x04, 0x01, 0x02, 0x01,
    0x62, 0x2B, 0x00, 0x00, 0x00, 0x02, 0x00, 0x31, 0x00, 0x79, 0x0B, 0x07, 0x02, 0xBD, 0x00, 0xC6,
    0x00, 0xCB, 0x00, 0x00, 0x01, 0x16, 0x17, 0x32, 0x36, 0x37, 0x36, 0x37, 0x16, 0x36, 0x37, 0x17,
    0x3A, 0x01, 0x33, 0x32, 0x36, 0x37, 0x3E, 0x01, 0x35, 0x30, 0x34, 0x23, 0x37, 0x1E, 0x01, 0x17,
    0x1E, 0x01, 0x33, 0x32, 0x36, 0x37, 0x3E, 0x01, 0x35, 0x3C, 0x01, 0x35, 0x37, 0x14, 0x16, 0x17,
    0x1E, 0x01, 0x33, 0x32, 0x36, 0x37, 0x3E, 0x01, 0x35, 0x3C, 0x01, 0x35, 0x37, 0x14, 0x16, 0x17,
    0x1E, 0x01, 0x33, 0x32, 0x36, 0x37, 0x3E, 0x01, 0x35, 0x3C, 0x01, 0x27, 0x37, 0x17, 0x1E, 0x01,
    0x17, 0x1E, 0x01, 0x17, 0x1E, 0x01, 0x33, 0x16, 0x17, 0x1E, 0x01, 0x17, 0x16, 0x17, 0x1E, 0x01,
    0x17, 0x0E, 0x01, 0x07, 0x06, 0x07, 0x0E, 0x01, 0x07, 0x06, 0x07, 0x06, 0x07, 0x0E, 0x01, 0x23,
    0x22, 0x27, 0x2E, 0x01, 0x27, 0x2E, 0x01, 0x27, 0x26, 0x06, 0x0F, 0x01, 0x2E, 0x01, 0x07, 0x0E,
    0x01, 0x07, 0x0E, 0x01, 0x07, 0x0E, 0x01, 0x07, 0x0E, 0x01, 0x07, 0x06, 0x26, 0x27, 0x2E, 0x01,
    0x27, 0x06, 0x22, 0x27, 0x2E, 0x01, 0x27, 0x2E, 0x01, 0x27, 0x2E, 0x01, 0x27, 0x26, 0x06, 0x07,
    0x0E, 0x01, 0x07, 0x0E, 0x01, 0x23, 0x22, 0x26, 0x27, 0x2E, 0x01, 0x27, 0x2E, 0x01, 0x07, 0x22,
    0x06, 0x07, 0x0E, 0x01, 0x07, 0x0E, 0x01, 0x27, 0x2E, 0x01, 0x07, 0x0E, 0x01, 0x07, 0x2E, 0x01,
    0x27, 0x26, 0x36, 0x37, 0x36, 0x37, 0x3E, 0x01, 0x37, 0x36, 0x17, 0x05, 0x37, 0x0E, 0x01, 0x17,
    0x02, 0xCF, 0x39, 0x3C, 0x3C, 0x7C, 0x41, 0x40, 0x44, 0x1B, 0x34, 0x1A, 0x0E, 0x01, 0x01, 0x01,
    0x05, 0x08, 0x04, 0x03, 0x04, 0x01, 0x12, 0x01, 0x02, 0x02, 0x02, 0x05, 0x04, 0x03, 0x05, 0x03,
    0x02, 0x02, 0x10, 0x02, 0x02, 0x02, 0x06, 0x03, 0x03, 0x06, 0x02, 0x02, 0x02, 0x12, 0x02, 0x02,
    0x02, 0x05, 0x04, 0x03, 0x05, 0x03, 0x02, 0x02, 0x01, 0x15, 0x46, 0x29, 0x48, 0x1F, 0x1D, 0x56,
    0x39, 0x5B, 0x64, 0x0A, 0x33, 0x38, 0x38, 0x78, 0x40, 0x40, 0x45, 0x44, 0x74, 0x2F, 0x1E, 0x4B,
    0x2C, 0x2C, 0x2A, 0x2A, 0x4E, 0x24, 0x25, 0x22, 0x22, 0x27, 0x26, 0x56, 0x2F, 0x2F, 0x33, 0x21,
    0x50, 0x2F, 0x39, 0x42, 0x0A, 0x2F, 0x52, 0x23, 0x33, 0x0A, 0x11, 0x07, 0x06, 0x0B, 0x06, 0x03,
    0x0A, 0x07, 0x09, 0x0E, 0x06, 0x04, 0x0A, 0x06, 0x05, 0x0C, 0x06, 0x0D, 0x14, 0x06, 0x05, 0x0A,
    0x04, 0x04, 0x08, 0x03, 0x0D, 0x28, 0x1B, 0x1A, 0x38, 0x1F, 0x20, 0x3B, 0x1C, 0x1D, 0x2F, 0x12,
    0x02, 0x07, 0x04, 0x04, 0x09, 0x05, 0x14, 0x2A, 0x18, 0x17, 0x2E, 0x18, 0x17, 0x2C, 0x15, 0x15,
    0x25, 0x10, 0x0A, 0x17, 0x0C, 0x2D, 0x5E, 0x31, 0x33, 0x58, 0x24, 0x12, 0x1B, 0x09, 0x37, 0x0D,
    0x44, 0x4F, 0x4F, 0x4F, 0xA1, 0x52, 0x51, 0x53, 0xFD, 0x64, 0x0E, 0x1F, 0x07, 0x18, 0x02, 0x81,
    0x06, 0x01, 0x08, 0x09, 0x08, 0x0E, 0x02, 0x02, 0x05, 0x1D, 0x02, 0x02, 0x02, 0x06, 0x03, 0x02,
    0x03, 0x02, 0x05, 0x01, 0x03, 0x02, 0x02, 0x03, 0x02, 0x05, 0x03, 0x01, 0x02, 0x01, 0x02, 0x02,
    0x04, 0x01, 0x03, 0x02, 0x02, 0x03, 0x02, 0x05, 0x03, 0x01, 0x02, 0x01, 0x03, 0x02, 0x03, 0x01,
    0x02, 0x03, 0x03, 0x02, 0x02, 0x05, 0x03, 0x01, 0x03, 0x01, 0x05, 0x18, 0x0D, 0x10, 0x04, 0x04,
    0x06, 0x02, 0x03, 0x04, 0x03, 0x06, 0x06, 0x11, 0x0C, 0x0C, 0x0E, 0x0F, 0x1C, 0x0E, 0x16, 0x2D,
    0x18, 0x18, 0x13, 0x13, 0x1C, 0x09, 0x09, 0x05, 0x04, 0x04, 0x03, 0x03, 0x02, 0x01, 0x03, 0x03,
    0x03, 0x03, 0x01, 0x02, 0x01, 0x02, 0x05, 0x06, 0x04, 0x03, 0x02, 0x0D, 0x0A, 0x07, 0x1A, 0x14,
    0x17, 0x25, 0x0E, 0x09, 0x0C, 0x03, 0x02, 0x02, 0x04, 0x0B, 0x30, 0x25, 0x01, 0x03, 0x02, 0x08,
    0x06, 0x19, 0x2B, 0x11, 0x11, 0x15, 0x05, 0x05, 0x05, 0x09, 0x0A, 0x23, 0x19, 0x03, 0x04, 0x04,
    0x03, 0x10, 0x17, 0x08, 0x07, 0x08, 0x01, 0x08, 0x07, 0x08, 0x16, 0x0E, 0x0A, 0x03, 0x07, 0x13,
    0x0A, 0x09, 0x09, 0x2E, 0x25, 0x02, 0x3D, 0x3A, 0x37, 0x55, 0x1E, 0x2B, 0x1E, 0x1E, 0x22, 0x05,
    0x04, 0x08, 0xFF, 0x46, 0x0E, 0x23, 0x15, 0x00, 0x00, 0x07, 0x00, 0x5A, 0x00, 0xC3, 0x0B, 0x40,
    0x02, 0xBD, 0x00, 0x17, 0x00, 0x2F, 0x00, 0x48, 0x00, 0x60, 0x00, 0x78, 0x00, 0xD2, 0x00, 0xF1,
    0x00, 0x00, 0x13, 0x0E, 0x01, 0x15, 0x14, 0x16, 0x17, 0x1E, 0x01, 0x33, 0x32, 0x36, 0x37, 0x3E,
    0x01, 0x35, 0x34, 0x26, 0x27, 0x2E, 0x01, 0x23, 0x22, 0x06, 0x05, 0x2E, 0x01, 0x23, 0x22, 0x06,
    0x07, 0x0E, 0x01, 0x15, 0x14, 0x16, 0x17, 0x1E, 0x01, 0x33, 0x32, 0x36, 0x37, 0x3E, 0x01, 0x35,
    0x34, 0x26, 0x17, 0x34, 0x26, 0x27, 0x2E, 0x01, 0x23, 0x22, 0x06, 0x07, 0x0E, 0x01, 0x15, 0x14,
    0x16, 0x17, 0x1E, 0x01, 0x33, 0x32, 0x36, 0x37, 0x3E, 0x01, 0x35, 0x17, 0x34, 0x26, 0x27, 0x2E,
    0x01, 0x23, 0x22, 0x06, 0x07, 0x0E, 0x01, 0x15, 0x14, 0x16, 0x17, 0x1E, 0x01, 0x33, 0x32, 0x36,
    0x37, 0x3E, 0x01, 0x37, 0x34, 0x26, 0x27, 0x2E, 0x01, 0x23, 0x22, 0x06, 0x07, 0x0E, 0x01, 0x15,
    0x14, 0x16, 0x17, 0x1E, 0x01, 0x33, 0x32, 0x36, 0x37, 0x3E, 0x01, 0x25, 0x3E, 0x01, 0x37, 0x3E,
    0x01, 0x37, 0x1E, 0x01, 0x37, 0x1E, 0x01, 0x33, 0x36, 0x17, 0x16, 0x04, 0x17, 0x16, 0x17, 0x06,
    0x07, 0x06, 0x04, 0x07, 0x06, 0x27, 0x22, 0x06, 0x07, 0x26, 0x06, 0x07, 0x2E, 0x01, 0x27, 0x2E,
    0x01, 0x27, 0x2E, 0x01, 0x07, 0x0E, 0x01, 0x07, 0x0E, 0x01, 0x23, 0x0E, 0x01, 0x07, 0x06, 0x26,
    0x27, 0x2E, 0x01, 0x27, 0x2E, 0x01, 0x27, 0x2E, 0x01, 0x27, 0x26, 0x34, 0x37, 0x3E, 0x01, 0x37,
    0x3E, 0x01, 0x37, 0x3E, 0x01, 0x37, 0x3E, 0x01, 0x17, 0x1E, 0x01, 0x17, 0x32, 0x16, 0x17, 0x1E,
    0x01, 0x17, 0x16, 0x36, 0x3F, 0x01, 0x22, 0x06, 0x07, 0x0E, 0x01, 0x15, 0x14, 0x16, 0x17, 0x1E,
    0x01, 0x33, 0x32, 0x36, 0x37, 0x3E, 0x01, 0x37, 0x3E, 0x01, 0x37, 0x3E, 0x01, 0x35, 0x34, 0x26,
    0x27, 0x2E, 0x01, 0x23, 0xA3, 0x07, 0x07, 0x07, 0x07, 0x06, 0x11, 0x0A, 0x0A, 0x10, 0x07, 0x07,
    0x07, 0x07, 0x07, 0x07, 0x10, 0x0A, 0x0A, 0x11, 0x05, 0x88, 0x06, 0x0E, 0x08, 0x08, 0x0E, 0x06,
    0x06, 0x05, 0x05, 0x06, 0x06, 0x0E, 0x08, 0x08, 0x0E, 0x06, 0x05, 0x06, 0x06, 0x6D, 0x04, 0x04,
    0x05, 0x0A, 0x06, 0x06, 0x0A, 0x05, 0x04, 0x04, 0x04, 0x04, 0x05, 0x0A, 0x06, 0x06, 0x0A, 0x05,
    0x04, 0x04, 0x65, 0x04, 0x03, 0x04, 0x08, 0x05, 0x05, 0x08, 0x03, 0x04, 0x03, 0x03, 0x04, 0x03,
    0x08, 0x05, 0x05, 0x08, 0x04, 0x03, 0x04, 0x58, 0x03, 0x02, 0x03, 0x06, 0x04, 0x04, 0x06, 0x03,
    0x03, 0x02, 0x02, 0x03, 0x03, 0x06, 0x04, 0x04, 0x06, 0x03, 0x02, 0x03, 0xFC, 0xE3, 0x29, 0x54,
    0x29, 0x15, 0x22, 0x0C, 0x1F, 0x43, 0x23, 0x07, 0x20, 0x19, 0xE0, 0xC5, 0xC6, 0x01, 0x53, 0x8F,
    0x8E, 0x74, 0x74, 0x8E, 0x8F, 0xFE, 0xAD, 0xC6, 0xC5, 0xE0, 0x19, 0x20, 0x07, 0x23, 0x43, 0x1F,
    0x0C, 0x22, 0x15, 0x29, 0x54, 0x29, 0x17, 0x39, 0x22, 0x19, 0x44, 0x2B, 0x45, 0x49, 0x06, 0x2B,
    0x4A, 0x20, 0x25, 0x4D, 0x28, 0x28, 0x49, 0x22, 0x22, 0x37, 0x14, 0x14, 0x16, 0x02, 0x01, 0x01,
    0x02, 0x16, 0x14, 0x14, 0x37, 0x22, 0x22, 0x49, 0x28, 0x28, 0x4D, 0x25, 0x20, 0x4A, 0x2B, 0x06,
    0x49, 0x45, 0x2B, 0x44, 0x19, 0x22, 0x39, 0x17, 0xC7, 0x1F, 0x35, 0x16, 0x16, 0x16, 0x16, 0x16,
    0x16, 0x35, 0x1F, 0x09, 0x10, 0x07, 0x07, 0x0D, 0x07, 0x0D, 0x18, 0x0B, 0x16, 0x16, 0x16, 0x16,
    0x16, 0x35, 0x20, 0x01, 0xDE, 0x07, 0x11, 0x09, 0x0A, 0x11, 0x06, 0x07, 0x07, 0x07, 0x07, 0x06,
    0x11, 0x0A, 0x09, 0x11, 0x07, 0x07, 0x07, 0x07, 0x0B, 0x05, 0x06, 0x06, 0x05, 0x06, 0x0E, 0x08,
    0x08, 0x0E, 0x06, 0x06, 0x05, 0x05, 0x06, 0x06, 0x0E, 0x08, 0x08, 0x0E, 0x14, 0x06, 0x0A, 0x05,
    0x04, 0x04, 0x04, 0x04, 0x05, 0x0A, 0x06, 0x06, 0x0A, 0x05, 0x04, 0x04, 0x04, 0x04, 0x05, 0x0A,
    0x06, 0x04, 0x05, 0x08, 0x04, 0x03, 0x04, 0x04, 0x03, 0x04, 0x08, 0x05, 0x05, 0x08, 0x04, 0x03,
    0x04, 0x04, 0x03, 0x04, 0x08, 0x05, 0x04, 0x07, 0x02, 0x03, 0x03, 0x03, 0x03, 0x02, 0x07, 0x04,
    0x03, 0x07, 0x02, 0x03, 0x03, 0x03, 0x03, 0x02, 0x07, 0x8E, 0x05, 0x20, 0x1C, 0x0E, 0x1B, 0x0C,
    0x21, 0x1B, 0x06, 0x0A, 0x09, 0x06, 0x08, 0x09, 0x2D, 0x24, 0x25, 0x33, 0x33, 0x25, 0x25, 0x2D,
    0x08, 0x08, 0x06, 0x0A, 0x09, 0x06, 0x1B, 0x21, 0x0C, 0x1B, 0x0E, 0x1B, 0x21, 0x05, 0x03, 0x01,
    0x01, 0x02, 0x06, 0x04, 0x07, 0x08, 0x05, 0x04, 0x01, 0x01, 0x06, 0x06, 0x07, 0x12, 0x0C, 0x0D,
    0x1B, 0x10, 0x0F, 0x1F, 0x10, 0x01, 0x03, 0x02, 0x10, 0x1F, 0x0F, 0x0F, 0x1C, 0x0D, 0x0C, 0x12,
    0x07, 0x06, 0x06, 0x01, 0x01, 0x05, 0x04, 0x08, 0x07, 0x05, 0x05, 0x02, 0x01, 0x01, 0x03, 0x09,
    0x16, 0x16, 0x16, 0x35, 0x20, 0x1F, 0x35, 0x16, 0x16, 0x16, 0x01, 0x02, 0x01, 0x04, 0x03, 0x05,
    0x11, 0x0B, 0x16, 0x35, 0x1F, 0x20, 0x35, 0x16, 0x16, 0x16, 0x00, 0x00, 0x00, 0x02, 0x00, 0x4C,
    0x01, 0x2E, 0x0B, 0xA1, 0x02, 0x86, 0x00, 0x17, 0x00, 0x4F, 0x00, 0x00, 0x01, 0x34, 0x26, 0x27,
    0x2E, 0x01, 0x23, 0x22, 0x06, 0x07, 0x0E, 0x01, 0x15, 0x14, 0x16, 0x17, 0x1E, 0x01, 0x33, 0x32,
    0x36, 0x37, 0x3E, 0x01, 0x25, 0x1E, 0x01, 0x37, 0x36, 0x37, 0x36, 0x24, 0x17, 0x16, 0x17, 0x36,
    0x26, 0x27, 0x36, 0x16, 0x17, 0x33, 0x17, 0x32, 0x17, 0x16, 0x04, 0x17, 0x16, 0x17, 0x06, 0x07,
    0x06, 0x04, 0x07, 0x06, 0x23, 0x07, 0x23, 0x07, 0x23, 0x06, 0x16, 0x17, 0x06, 0x26, 0x27, 0x06,
    0x07, 0x06, 0x20, 0x27, 0x26, 0x27, 0x26, 0x06, 0x07, 0x26, 0x36, 0x37, 0x06, 0xD5, 0x04, 0x04,
    0x03, 0x0A, 0x05, 0x06, 0x09, 0x04, 0x03, 0x04, 0x04, 0x03, 0x04, 0x09, 0x06, 0x05, 0x0A, 0x03,
    0x04, 0x04, 0xF9, 0x78, 0x3A, 0x7A, 0x41, 0x8A, 0x8A, 0x89, 0x01, 0x10, 0x87, 0x87, 0x85, 0x0F,
    0x01, 0x10, 0x26, 0x33, 0x0C, 0x4D, 0x0E, 0xE2, 0xC7, 0xC7, 0x01, 0x59, 0x91, 0x91, 0x76, 0x42,
    0x6C, 0x6C, 0xFE, 0xD2, 0xC1, 0xC1, 0xEC, 0x09, 0xA2, 0x0E, 0x52, 0x0D, 0x08, 0x14, 0x26, 0x38,
    0x12, 0x84, 0x85, 0x86, 0xFE, 0xEF, 0x8B, 0x8B, 0x8D, 0x3F, 0x79, 0x38, 0x2C, 0x01, 0x2C, 0x01,
    0xA9, 0x05, 0x0A, 0x03, 0x04, 0x04, 0x04, 0x04, 0x03, 0x0A, 0x05, 0x06, 0x09, 0x04, 0x03, 0x04,
    0x04, 0x03, 0x04, 0x09, 0xAF, 0x12, 0x0E, 0x03, 0x06, 0x03, 0x03, 0x02, 0x02, 0x02, 0x04, 0x10,
    0x25, 0x16, 0x0A, 0x27, 0x32, 0x11, 0x06, 0x06, 0x18, 0x13, 0x13, 0x19, 0x10, 0x0B, 0x0C, 0x0F,
    0x04, 0x04, 0x09, 0x07, 0x0C, 0x23, 0x18, 0x15, 0x21, 0x36, 0x05, 0x03, 0x02, 0x02, 0x03, 0x05,
    0x02, 0x13, 0x14, 0x43, 0x84, 0x40, 0x00, 0x00, 0x00, 0x01, 0x00, 0x00, 0x00, 0xEA, 0x07, 0xA6,
    0x02, 0x76, 0x00, 0xEB, 0x00, 0x00, 0x01, 0x0E, 0x01, 0x07, 0x0E, 0x01, 0x07, 0x0E, 0x01, 0x07,
    0x0E, 0x01, 0x07, 0x06, 0x26, 0x27, 0x2E, 0x01, 0x27, 0x2E, 0x01, 0x27, 0x2E, 0x01, 0x27, 0x2E,
    0x01, 0x0F, 0x02, 0x27, 0x2E, 0x01, 0x27, 0x2E, 0x01, 0x27, 0x2E, 0x01, 0x2F, 0x01, 0x0F, 0x01,
    0x0E, 0x01, 0x07, 0x0E, 0x01, 0x07, 0x0E, 0x01, 0x07, 0x23, 0x34, 0x36, 0x37, 0x3E, 0x01, 0x37,
    0x3E, 0x01, 0x3F, 0x01, 0x2E, 0x01, 0x27, 0x2E, 0x01, 0x27, 0x2E, 0x01, 0x2F, 0x01, 0x2E, 0x01,
    0x27, 0x26, 0x06, 0x07, 0x0E, 0x01, 0x07, 0x0E, 0x01, 0x07, 0x06, 0x22, 0x27, 0x2E, 0x01, 0x27,
    0x2E, 0x01, 0x27, 0x2E, 0x01, 0x27, 0x22, 0x06, 0x07, 0x22, 0x06, 0x0F, 0x02, 0x0E, 0x01, 0x07,
    0x0E, 0x01, 0x07, 0x27, 0x2E, 0x01, 0x27, 0x2E, 0x01, 0x27, 0x2E, 0x01, 0x3F, 0x01, 0x27, 0x35,
    0x37, 0x34, 0x36, 0x35, 0x3E, 0x01, 0x37, 0x3E, 0x01, 0x37, 0x3E, 0x01, 0x37, 0x36, 0x16, 0x17,
    0x1E, 0x01, 0x15, 0x3E, 0x01, 0x37, 0x3E, 0x01, 0x17, 0x32, 0x16, 0x17, 0x1E, 0x01, 0x37, 0x32,
    0x36, 0x37, 0x3E, 0x01, 0x37, 0x36, 0x32, 0x17, 0x1E, 0x01, 0x17, 0x3E, 0x01, 0x37, 0x3E, 0x01,
    0x37, 0x3E, 0x01, 0x3F, 0x01, 0x33, 0x15, 0x0E, 0x01, 0x07, 0x0E, 0x01, 0x07, 0x0E, 0x01, 0x07,
    0x17, 0x27, 0x1F, 0x01, 0x27, 0x17, 0x33, 0x27, 0x17, 0x33, 0x27, 0x1F, 0x01, 0x27, 0x1F, 0x01,
    0x27, 0x1F, 0x01, 0x27, 0x17, 0x37, 0x27, 0x1F, 0x01, 0x32, 0x36, 0x37, 0x3E, 0x01, 0x37, 0x17,
    0x1E, 0x01, 0x17, 0x1E, 0x01, 0x17, 0x1E, 0x01, 0x17, 0x16, 0x32, 0x17, 0x1E, 0x01, 0x17, 0x07,
    0x07, 0x93, 0x0A, 0x16, 0x0B, 0x01, 0x03, 0x01, 0x28, 0x48, 0x20, 0x26, 0x4E, 0x28, 0x29, 0x4E,
    0x26, 0x10, 0x1F, 0x11, 0x13, 0x16, 0x04, 0x16, 0x34, 0x1E, 0x1E, 0x58, 0x39, 0x66, 0x07, 0x3D,
    0x01, 0x02, 0x02, 0x04, 0x09, 0x05, 0x06, 0x0C, 0x07, 0x0A, 0x04, 0x0E, 0x08, 0x0B, 0x04, 0x03,
    0x08, 0x03, 0x02, 0x03, 0x02, 0x21, 0x01, 0x01, 0x01, 0x04, 0x02, 0x03, 0x07, 0x03, 0x07, 0x02,
    0x06, 0x03, 0x06, 0x0B, 0x05, 0x06, 0x0A, 0x05, 0x08, 0x05, 0x0D, 0x07, 0x0E, 0x1A, 0x0C, 0x02,
    0x18, 0x15, 0x0F, 0x1C, 0x0E, 0x0F, 0x2D, 0x1D, 0x18, 0x31, 0x19, 0x1B, 0x25, 0x0A, 0x12, 0x1C,
    0x0B, 0x0B, 0x17, 0x0D, 0x07, 0x0B, 0x04, 0x16, 0x05, 0x02, 0x06, 0x02, 0x04, 0x0B, 0x07, 0x0F,
    0x03, 0x06, 0x03, 0x06, 0x09, 0x03, 0x03, 0x02, 0x01, 0x03, 0x11, 0x0D, 0x01, 0x01, 0x04, 0x03,
    0x03, 0x07, 0x04, 0x03, 0x0A, 0x06, 0x05, 0x08, 0x02, 0x01, 0x02, 0x1C, 0x3E, 0x22, 0x44, 0x66,
    0x20, 0x1E, 0x56, 0x39, 0x34, 0x3B, 0x06, 0x0A, 0x11, 0x08, 0x04, 0x0C, 0x07, 0x05, 0x08, 0x02,
    0x02, 0x01, 0x01, 0x03, 0x07, 0x04, 0x08, 0x0B, 0x03, 0x04, 0x06, 0x03, 0x03, 0x1C, 0x01, 0x03,
    0x02, 0x03, 0x07, 0x05, 0x02, 0x04, 0x02, 0xA6, 0x0A, 0x27, 0x1B, 0x0D, 0x2C, 0x1B, 0x0D, 0x2C,
    0x19, 0x0D, 0x2B, 0x1B, 0x0C, 0x29, 0x1C, 0x0B, 0x28, 0x1E, 0x0E, 0x25, 0x1F, 0x0A, 0x28, 0x16,
    0x0F, 0x21, 0x11, 0x1D, 0x37, 0x1A, 0x0B, 0x08, 0x0F, 0x09, 0x1A, 0x32, 0x18, 0x17, 0x43, 0x2B,
    0x03, 0x07, 0x03, 0x11, 0x1F, 0x0E, 0x13, 0x01, 0xBD, 0x09, 0x10, 0x07, 0x01, 0x02, 0x01, 0x1A,
    0x22, 0x08, 0x0A, 0x0C, 0x01, 0x01, 0x06, 0x08, 0x03, 0x08, 0x04, 0x05, 0x05, 0x01, 0x05, 0x06,
    0x02, 0x01, 0x01, 0x02, 0x03, 0x0E, 0x01, 0x02, 0x03, 0x02, 0x04, 0x07, 0x03, 0x03, 0x04, 0x01,
    0x02, 0x33, 0x0D, 0x08, 0x0F, 0x06, 0x07, 0x12, 0x0C, 0x06, 0x0A, 0x05, 0x04, 0x08, 0x05, 0x0A,
    0x10, 0x07, 0x07, 0x0D, 0x07, 0x0A, 0x04, 0x09, 0x04, 0x0A, 0x0D, 0x04, 0x04, 0x0A, 0x07, 0x0B,
    0x03, 0x05, 0x03, 0x04, 0x01, 0x04, 0x01, 0x0B, 0x0A, 0x07, 0x0A, 0x03, 0x04, 0x02, 0x03, 0x07,
    0x06, 0x06, 0x09, 0x02, 0x04, 0x04, 0x01, 0x01, 0x02, 0x02, 0x01, 0x12, 0x15, 0x0B, 0x0C, 0x02,
    0x02, 0x07, 0x04, 0x02, 0x01, 0x05, 0x02, 0x06, 0x0C, 0x07, 0x07, 0x16, 0x0E, 0x1C, 0x0B, 0x1B,
    0x06, 0x06, 0x0B, 0x06, 0x0C, 0x12, 0x05, 0x06, 0x08, 0x02, 0x02, 0x02, 0x02, 0x01, 0x03, 0x02,
    0x02, 0x03, 0x01, 0x01, 0x04, 0x02, 0x04, 0x03, 0x01, 0x04, 0x05, 0x04, 0x04, 0x01, 0x03, 0x03,
    0x01, 0x04, 0x03, 0x01, 0x02, 0x01, 0x02, 0x01, 0x02, 0x07, 0x04, 0x07, 0x0D, 0x06, 0x06, 0x0F,
    0x08, 0x0E, 0x0F, 0x09, 0x0F, 0x06, 0x07, 0x0D, 0x06, 0x04, 0x05, 0x02, 0x03, 0x11, 0x11, 0x01,
    0x13, 0x13, 0x13, 0x14, 0x10, 0x11, 0x02, 0x13, 0x13, 0x01, 0x13, 0x13, 0x01, 0x12, 0x12, 0x02,
    0x0F, 0x11, 0x01, 0x01, 0x02, 0x03, 0x05, 0x04, 0x09, 0x05, 0x0A, 0x05, 0x0F, 0x15, 0x06, 0x05,
    0x09, 0x03, 0x01, 0x01, 0x01, 0x01, 0x01, 0x0E, 0x00, 0x01, 0x00, 0x09, 0x00, 0xA7, 0x09, 0xDB,
    0x02, 0xD9, 0x00, 0xB3, 0x00, 0x00, 0x01, 0x07, 0x0E, 0x01, 0x07, 0x0E, 0x01, 0x07, 0x0E, 0x01,
    0x23, 0x21, 0x22, 0x26, 0x23, 0x34, 0x26, 0x27, 0x2E, 0x01, 0x27, 0x2E, 0x01, 0x27, 0x2E, 0x01,
    0x23, 0x26, 0x06, 0x07, 0x0E, 0x01, 0x07, 0x0E, 0x01, 0x07, 0x06, 0x16, 0x17, 0x1E, 0x01, 0x17,
    0x1E, 0x01, 0x17, 0x1E, 0x01, 0x07, 0x0E, 0x01, 0x27, 0x2E, 0x01, 0x27, 0x2E, 0x01, 0x3D, 0x01,
    0x34, 0x26, 0x27, 0x2E, 0x01, 0x23, 0x22, 0x06, 0x07, 0x0E, 0x01, 0x23, 0x22, 0x26, 0x27, 0x2E,
    0x01, 0x27, 0x22, 0x06, 0x07, 0x0E, 0x01, 0x07, 0x0E, 0x01, 0x23, 0x22, 0x26, 0x27, 0x2E, 0x01,
    0x27, 0x2E, 0x01, 0x27, 0x2E, 0x01, 0x35, 0x34, 0x36, 0x37, 0x3E, 0x01, 0x37, 0x3E, 0x01, 0x37,
    0x3E, 0x01, 0x17, 0x32, 0x16, 0x17, 0x1E, 0x01, 0x17, 0x1E, 0x01, 0x33, 0x3E, 0x01, 0x37, 0x3E,
    0x01, 0x33, 0x32, 0x16, 0x17, 0x1E, 0x01, 0x33, 0x32, 0x36, 0x37, 0x3E, 0x01, 0x3D, 0x01, 0x34,
    0x36, 0x37, 0x3E, 0x01, 0x37, 0x36, 0x16, 0x17, 0x16, 0x06, 0x07, 0x0E, 0x01, 0x07, 0x0E, 0x01,
    0x07, 0x0E, 0x01, 0x17, 0x1E, 0x01, 0x1F, 0x01, 0x15, 0x21, 0x32, 0x16, 0x17, 0x1E, 0x01, 0x17,
    0x16, 0x17, 0x1E, 0x01, 0x17, 0x32, 0x37, 0x3E, 0x01, 0x37, 0x09, 0xDB, 0x36, 0x20, 0x38, 0x18,
    0x2C, 0x6C, 0x41, 0x39, 0x88, 0x4D, 0xFE, 0x27, 0x04, 0x05, 0x01, 0x03, 0x03, 0x04, 0x05, 0x01,
    0x06, 0x0F, 0x0B, 0x0A, 0x1C, 0x11, 0x11, 0x1F, 0x0E, 0x14, 0x1F, 0x0B, 0x06, 0x08, 0x01, 0x03,
    0x06, 0x09, 0x05, 0x08, 0x02, 0x04, 0x06, 0x02, 0x04, 0x02, 0x04, 0x04, 0x0E, 0x0A, 0x0D, 0x18,
    0x0B, 0x0E, 0x0E, 0x01, 0x01, 0x02, 0x06, 0x04, 0x03, 0x47, 0x43, 0x51, 0x9B, 0x4A, 0x48, 0x9B,
    0x54, 0x2A, 0x50, 0x26, 0x0C, 0x15, 0x09, 0x05, 0x0B, 0x06, 0x03, 0x09, 0x06, 0x06, 0x09, 0x05,
    0x04, 0x05, 0x01, 0x05, 0x0A, 0x03, 0x04, 0x03, 0x03, 0x04, 0x03, 0x0A, 0x05, 0x02, 0x04, 0x04,
    0x05, 0x09, 0x06, 0x06, 0x09, 0x03, 0x06, 0x0B, 0x05, 0x09, 0x15, 0x0C, 0x26, 0x50, 0x2A, 0x54,
    0x9B, 0x48, 0x4A, 0x9B, 0x51, 0x43, 0x47, 0x03, 0x04, 0x06, 0x02, 0x01, 0x01, 0x0E, 0x0E, 0x0B,
    0x18, 0x0D, 0x0A, 0x0E, 0x04, 0x04, 0x02, 0x04, 0x02, 0x06, 0x04, 0x02, 0x08, 0x05, 0x09, 0x06,
    0x03, 0x02, 0x08, 0x07, 0x0C, 0x01, 0x28, 0x18, 0x4A, 0x32, 0x3F, 0x61, 0x22, 0x42, 0x3A, 0x3A,
    0x62, 0x28, 0x28, 0x1F, 0x44, 0x79, 0x35, 0x02, 0x1E, 0x43, 0x25, 0x35, 0x10, 0x1C, 0x28, 0x0D,
    0x0B, 0x0C, 0x01, 0x01, 0x09, 0x08, 0x0A, 0x0D, 0x03, 0x0A, 0x12, 0x07, 0x08, 0x08, 0x01, 0x07,
    0x08, 0x0A, 0x1E, 0x13, 0x0A, 0x11, 0x08, 0x10, 0x14, 0x04, 0x01, 0x02, 0x01, 0x01, 0x03, 0x02,
    0x09, 0x0D, 0x05, 0x06, 0x04, 0x01, 0x02, 0x0A, 0x0A, 0x0B, 0x1C, 0x12, 0x4F, 0x06, 0x09, 0x03,
    0x04, 0x04, 0x0B, 0x0A, 0x0A, 0x0A, 0x07, 0x08, 0x04, 0x07, 0x04, 0x0B, 0x0C, 0x06, 0x12, 0x0B,
    0x05, 0x06, 0x06, 0x05, 0x07, 0x39, 0x33, 0x04, 0x0C, 0x07, 0x07, 0x11, 0x08, 0x08, 0x10, 0x08,
    0x07, 0x0B, 0x04, 0x30, 0x35, 0x06, 0x07, 0x06, 0x01, 0x06, 0x06, 0x0A, 0x11, 0x06, 0x0C, 0x0C,
    0x04, 0x07, 0x04, 0x08, 0x08, 0x0A, 0x0A, 0x0A, 0x0B, 0x04, 0x04, 0x02, 0x09, 0x06, 0x4F, 0x11,
    0x1D, 0x0B, 0x0A, 0x0A, 0x02, 0x01, 0x04, 0x06, 0x04, 0x0D, 0x09, 0x02, 0x04, 0x01, 0x01, 0x02,
    0x01, 0x04, 0x14, 0x0F, 0x10, 0x17, 0x09, 0x0C, 0x1C, 0x04, 0x03, 0x05, 0x08, 0x04, 0x05, 0x04,
    0x04, 0x04, 0x01, 0x01, 0x03, 0x08, 0x06, 0x00, 0x00, 0x02, 0x00, 0x00, 0x00, 0x76, 0x0B, 0xE9,
    0x02, 0xF2, 0x02, 0x25, 0x02, 0x3D, 0x00, 0x00, 0x01, 0x0E, 0x01, 0x07, 0x0E, 0x01, 0x07, 0x0E,
    0x01, 0x07, 0x0E, 0x01, 0x2B, 0x01, 0x2E, 0x01, 0x27, 0x2E, 0x01, 0x27, 0x2E, 0x01, 0x27, 0x2E,
    0x01, 0x23, 0x25, 0x0E, 0x01, 0x07, 0x22, 0x06, 0x0F, 0x02, 0x0E, 0x01, 0x07, 0x0E, 0x01, 0x07,
    0x0E, 0x01, 0x07, 0x0E, 0x01, 0x0F, 0x01, 0x22, 0x26, 0x23, 0x22, 0x26, 0x27, 0x2E, 0x01, 0x27,
    0x2E, 0x01, 0x35, 0x34, 0x36, 0x37, 0x32, 0x36, 0x37, 0x3E, 0x01, 0x37, 0x3E, 0x01, 0x37, 0x36,
    0x34, 0x2F, 0x01, 0x2A, 0x01, 0x23, 0x2E, 0x01, 0x27, 0x2E, 0x01, 0x27, 0x2E, 0x01, 0x27, 0x2E,
    0x01, 0x07, 0x0E, 0x01, 0x07, 0x0E, 0x01, 0x07, 0x0E, 0x01, 0x07, 0x0E, 0x01, 0x07, 0x14, 0x06,
    0x23, 0x0E, 0x01, 0x23, 0x22, 0x26, 0x27, 0x2E, 0x01, 0x27, 0x2E, 0x01, 0x27, 0x2E, 0x01, 0x27,
    0x2E, 0x01, 0x27, 0x2E, 0x01, 0x27, 0x26, 0x06, 0x07, 0x0E, 0x01, 0x07, 0x0E, 0x01, 0x07, 0x0E,
    0x01, 0x27, 0x22, 0x26, 0x27, 0x2E, 0x01, 0x27, 0x2E, 0x01, 0x07, 0x0E, 0x01, 0x07, 0x0E, 0x01,
    0x07, 0x0E, 0x01, 0x07, 0x0E, 0x01, 0x07, 0x0E, 0x01, 0x07, 0x0E, 0x01, 0x07, 0x0E, 0x01, 0x07,
    0x0E, 0x01, 0x07, 0x0E, 0x01, 0x07, 0x0E, 0x01, 0x0F, 0x01, 0x27, 0x2E, 0x01, 0x27, 0x2E, 0x01,
    0x27, 0x2E, 0x01, 0x27, 0x34, 0x36, 0x37, 0x3E, 0x01, 0x37, 0x3E, 0x01, 0x37, 0x3E, 0x01, 0x37,
    0x3E, 0x01, 0x37, 0x3E, 0x01, 0x37, 0x3E, 0x01, 0x37, 0x32, 0x36, 0x37, 0x32, 0x36, 0x37, 0x3E,
    0x01, 0x37, 0x3E, 0x01, 0x37, 0x3E, 0x01, 0x37, 0x3E, 0x01, 0x37, 0x3E, 0x01, 0x37, 0x3E, 0x01,
    0x37, 0x3E, 0x01, 0x37, 0x3E, 0x01, 0x17, 0x1E, 0x01, 0x17, 0x1E, 0x01, 0x17, 0x32, 0x16, 0x33,
    0x32, 0x36, 0x37, 0x3E, 0x01, 0x3F, 0x02, 0x17, 0x37, 0x35, 0x37, 0x17, 0x37, 0x35, 0x37, 0x17,
    0x37, 0x35, 0x33, 0x17, 0x37, 0x35, 0x37, 0x17, 0x37, 0x35, 0x37, 0x17, 0x37, 0x35, 0x33, 0x17,
    0x33, 0x3F, 0x01, 0x17, 0x37, 0x35, 0x37, 0x17, 0x37, 0x3E, 0x01, 0x37, 0x3E, 0x01, 0x37, 0x3E,
    0x01, 0x37, 0x3E, 0x01, 0x33, 0x32, 0x16, 0x33, 0x3E, 0x01, 0x37, 0x3E, 0x01, 0x37, 0x3E, 0x01,
    0x17, 0x32, 0x16, 0x17, 0x14, 0x16, 0x17, 0x1E, 0x01, 0x33, 0x16, 0x32, 0x37, 0x3E, 0x01, 0x33,
    0x32, 0x16, 0x17, 0x1E, 0x01, 0x1F, 0x01, 0x1E, 0x01, 0x17, 0x1E, 0x01, 0x17, 0x1E, 0x01, 0x37,
    0x3E, 0x01, 0x37, 0x3E, 0x01, 0x37, 0x3E, 0x01, 0x37, 0x3E, 0x01, 0x33, 0x32, 0x16, 0x17, 0x1E,
    0x01, 0x17, 0x1E, 0x01, 0x17, 0x1E, 0x01, 0x17, 0x16, 0x32, 0x37, 0x3E, 0x01, 0x37, 0x36, 0x34,
    0x2F, 0x01, 0x33, 0x17, 0x1E, 0x01, 0x17, 0x1E, 0x01, 0x17, 0x1E, 0x01, 0x33, 0x16, 0x36, 0x37,
    0x3E, 0x01, 0x35, 0x34, 0x26, 0x2F, 0x01, 0x1F, 0x01, 0x1E, 0x01, 0x17, 0x1E, 0x01, 0x17, 0x1E,
    0x01, 0x17, 0x16, 0x32, 0x37, 0x3E, 0x01, 0x37, 0x36, 0x26, 0x2F, 0x01, 0x1F, 0x01, 0x1E, 0x01,
    0x17, 0x1E, 0x01, 0x17, 0x1E, 0x01, 0x17, 0x16, 0x36, 0x37, 0x3E, 0x01, 0x37, 0x34, 0x26, 0x35,
    0x2E, 0x01, 0x2F, 0x01, 0x1F, 0x01, 0x1E, 0x01, 0x17, 0x1E, 0x01, 0x17, 0x1E, 0x01, 0x17, 0x1E,
    0x01, 0x33, 0x32, 0x36, 0x37, 0x3E, 0x01, 0x27, 0x34, 0x26, 0x2F, 0x01, 0x1F, 0x01, 0x1E, 0x01,
    0x17, 0x1E, 0x01, 0x17, 0x1E, 0x01, 0x17, 0x1E, 0x01, 0x17, 0x16, 0x36, 0x37, 0x3E, 0x01, 0x27,
    0x34, 0x26, 0x2F, 0x01, 0x1F, 0x01, 0x1E, 0x01, 0x17, 0x1E, 0x01, 0x17, 0x1E, 0x01, 0x17, 0x1E,
    0x01, 0x33, 0x32, 0x36, 0x37, 0x3E, 0x01, 0x37, 0x3C, 0x01, 0x27, 0x2E, 0x01, 0x2F, 0x01, 0x1F,
    0x01, 0x1E, 0x01, 0x15, 0x1E, 0x01, 0x17, 0x1E, 0x01, 0x17, 0x1E, 0x01, 0x33, 0x16, 0x36, 0x37,
    0x3E, 0x01, 0x35, 0x34, 0x26, 0x27, 0x2E, 0x01, 0x2F, 0x01, 0x05, 0x07, 0x05, 0x22, 0x06, 0x07,
    0x0E, 0x01, 0x15, 0x14, 0x16, 0x17, 0x1E, 0x01, 0x33, 0x32, 0x36, 0x37, 0x3E, 0x01, 0x35, 0x34,
    0x26, 0x27, 0x2E, 0x01, 0x0B, 0x02, 0x19, 0x3A, 0x22, 0x44, 0x70, 0x2D, 0x2C, 0x71, 0x45, 0x16,
    0x2B, 0x15, 0x22, 0x01, 0x03, 0x02, 0x05, 0x10, 0x0B, 0x09, 0x18, 0x0F, 0x04, 0x09, 0x04, 0xFD,
    0x86, 0x02, 0x06, 0x02, 0x01, 0x03, 0x01, 0x01, 0x0F, 0x08, 0x0B, 0x04, 0x01, 0x02, 0x01, 0x02,
    0x02, 0x01, 0x03, 0x0B, 0x08, 0x10, 0x07, 0x10, 0x08, 0x11, 0x17, 0x05, 0x03, 0x04, 0x01, 0x03,
    0x03, 0x06, 0x06, 0x01, 0x08, 0x08, 0x06, 0x0B, 0x05, 0x09, 0x0A, 0x01, 0x01, 0x01, 0x01, 0x02,
    0x04, 0x01, 0x03, 0x08, 0x05, 0x07, 0x0F, 0x06, 0x09, 0x12, 0x08, 0x0F, 0x21, 0x12, 0x12, 0x20,
    0x0E, 0x0F, 0x16, 0x08, 0x06, 0x0A, 0x03, 0x02, 0x03, 0x01, 0x02, 0x02, 0x03, 0x05, 0x02, 0x03,
    0x07, 0x05, 0x06, 0x0A, 0x05, 0x04, 0x06, 0x02, 0x03, 0x06, 0x03, 0x09, 0x16, 0x0D, 0x0F, 0x1D,
    0x0C, 0x11, 0x1D, 0x0D, 0x09, 0x17, 0x0D, 0x0A, 0x0C, 0x03, 0x04, 0x08, 0x05, 0x03, 0x09, 0x07,
    0x09, 0x12, 0x09, 0x0F, 0x1C, 0x0E, 0x0D, 0x17, 0x0A, 0x09, 0x12, 0x09, 0x06, 0x0D, 0x07, 0x05,
    0x0A, 0x04, 0x0A, 0x11, 0x07, 0x07, 0x0D, 0x06, 0x0C, 0x15, 0x09, 0x09, 0x15, 0x0A, 0x04, 0x10,
    0x0B, 0x09, 0x14, 0x0A, 0x23, 0x15, 0x2E, 0x36, 0x07, 0x01, 0x0F, 0x0E, 0x0A, 0x0B, 0x01, 0x01,
    0x03, 0x02, 0x06, 0x03, 0x02, 0x0B, 0x08, 0x0A, 0x0E, 0x05, 0x02, 0x0B, 0x07, 0x05, 0x09, 0x04,
    0x05, 0x09, 0x04, 0x02, 0x06, 0x05, 0x03, 0x0C, 0x0A, 0x0D, 0x1A, 0x0D, 0x11, 0x1A, 0x09, 0x09,
    0x21, 0x18, 0x1B, 0x2C, 0x11, 0x16, 0x29, 0x13, 0x19, 0x22, 0x09, 0x0E, 0x24, 0x16, 0x15, 0x28,
    0x14, 0x0D, 0x22, 0x15, 0x11, 0x21, 0x10, 0x0E, 0x26, 0x18, 0x12, 0x22, 0x11, 0x08, 0x0E, 0x05,
    0x01, 0x07, 0x03, 0x0C, 0x09, 0x02, 0x0B, 0x09, 0x01, 0x0C, 0x08, 0x01, 0x0A, 0x09, 0x01, 0x09,
    0x08, 0x02, 0x09, 0x08, 0x02, 0x07, 0x01, 0x09, 0x01, 0x07, 0x08, 0x02, 0x0C, 0x06, 0x08, 0x03,
    0x02, 0x05, 0x03, 0x02, 0x04, 0x02, 0x02, 0x05, 0x04, 0x03, 0x04, 0x01, 0x02, 0x08, 0x06, 0x04,
    0x08, 0x03, 0x04, 0x09, 0x04, 0x03, 0x06, 0x05, 0x08, 0x08, 0x06, 0x0B, 0x05, 0x06, 0x08, 0x03,
    0x04, 0x05, 0x01, 0x04, 0x0C, 0x09, 0x05, 0x09, 0x04, 0x59, 0x31, 0x45, 0x13, 0x18, 0x3C, 0x24,
    0x1F, 0x32, 0x14, 0x29, 0x45, 0x1B, 0x06, 0x19, 0x12, 0x12, 0x14, 0x03, 0x04, 0x0A, 0x06, 0x06,
    0x09, 0x02, 0x01, 0x03, 0x02, 0x01, 0x04, 0x03, 0x05, 0x09, 0x05, 0x05, 0x0A, 0x04, 0x04, 0x05,
    0x01, 0x01, 0x01, 0x02, 0x0B, 0x05, 0x03, 0x05, 0x02, 0x02, 0x05, 0x03, 0x04, 0x07, 0x04, 0x07,
    0x0A, 0x03, 0x06, 0x06, 0x01, 0x01, 0x03, 0x0D, 0x06, 0x03, 0x06, 0x02, 0x03, 0x05, 0x01, 0x03,
    0x08, 0x04, 0x05, 0x08, 0x04, 0x04, 0x05, 0x01, 0x01, 0x01, 0x02, 0x06, 0x0B, 0x06, 0x03, 0x04,
    0x01, 0x02, 0x04, 0x01, 0x03, 0x06, 0x04, 0x0C, 0x11, 0x06, 0x02, 0x03, 0x01, 0x01, 0x01, 0x03,
    0x02, 0x04, 0x0F, 0x06, 0x03, 0x04, 0x02, 0x02, 0x04, 0x03, 0x01, 0x06, 0x04, 0x04, 0x06, 0x04,
    0x03, 0x06, 0x03, 0x05, 0x04, 0x01, 0x03, 0x02, 0x05, 0x0C, 0x06, 0x04, 0x03, 0x01, 0x01, 0x03,
    0x03, 0x03, 0x05, 0x02, 0x04, 0x08, 0x05, 0x05, 0x09, 0x04, 0x06, 0x03, 0x01, 0x02, 0x02, 0x03,
    0x10, 0x03, 0x02, 0x05, 0x02, 0x02, 0x03, 0x02, 0x02, 0x08, 0x05, 0x03, 0x08, 0x04, 0x04, 0x07,
    0x03, 0x02, 0x03, 0x01, 0x01, 0x02, 0x03, 0x02, 0x05, 0x0E, 0x05, 0x03, 0x04, 0x01, 0x03, 0x03,
    0x02, 0x06, 0x03, 0x05, 0x07, 0x02, 0x04, 0x08, 0x04, 0x02, 0x03, 0x01, 0x01, 0x01, 0x03, 0x02,
    0x04, 0x01, 0x49, 0xE7, 0xFA, 0x01, 0x06, 0x0A, 0x04, 0x04, 0x04, 0x04, 0x04, 0x04, 0x0A, 0x06,
    0x06, 0x0A, 0x05, 0x04, 0x03, 0x03, 0x04, 0x05, 0x0A, 0x01, 0x7B, 0x08, 0x12, 0x0A, 0x13, 0x1A,
    0x08, 0x06, 0x0B, 0x03, 0x01, 0x02, 0x02, 0x08, 0x06, 0x09, 0x12, 0x08, 0x07, 0x0C, 0x03, 0x01,
    0x01, 0x04, 0x01, 0x02, 0x02, 0x03, 0x02, 0x04, 0x46, 0x25, 0x33, 0x0D, 0x02, 0x05, 0x02, 0x03,
    0x04, 0x01, 0x03, 0x03, 0x01, 0x02, 0x01, 0x02, 0x01, 0x01, 0x02, 0x02, 0x01, 0x04, 0x03, 0x04,
    0x0D, 0x09, 0x0A, 0x09, 0x07, 0x0E, 0x07, 0x0D, 0x14, 0x06, 0x05, 0x0F, 0x0B, 0x14, 0x05, 0x09,
    0x06, 0x0A, 0x0F, 0x05, 0x07, 0x0C, 0x04, 0x06, 0x07, 0x01, 0x01, 0x0C, 0x0B, 0x0A, 0x1E, 0x12,
    0x11, 0x18, 0x08, 0x04, 0x05, 0x01, 0x01, 0x02, 0x03, 0x01, 0x05, 0x04, 0x06, 0x10, 0x0A, 0x07,
    0x0A, 0x03, 0x06, 0x0B, 0x05, 0x0B, 0x13, 0x07, 0x08, 0x09, 0x02, 0x02, 0x08, 0x09, 0x05, 0x10,
    0x0A, 0x08, 0x08, 0x01, 0x01, 0x01, 0x01, 0x04, 0x04, 0x03, 0x06, 0x02, 0x03, 0x03, 0x02, 0x01,
    0x06, 0x04, 0x04, 0x0B, 0x07, 0x05, 0x0C, 0x06, 0x04, 0x06, 0x01, 0x04, 0x05, 0x01, 0x01, 0x02,
    0x02, 0x02, 0x07, 0x05, 0x05, 0x10, 0x0B, 0x04, 0x13, 0x10, 0x0B, 0x1A, 0x0F, 0x0D, 0x04, 0x4C,
    0x56, 0x0A, 0x01, 0x14, 0x11, 0x0D, 0x10, 0x04, 0x04, 0x0C, 0x06, 0x06, 0x0B, 0x06, 0x03, 0x0C,
    0x0A, 0x09, 0x10, 0x06, 0x04, 0x10, 0x0C, 0x0A, 0x0D, 0x04, 0x05, 0x06, 0x02, 0x01, 0x01, 0x01,
    0x01, 0x01, 0x05, 0x03, 0x04, 0x07, 0x03, 0x03, 0x0E, 0x0A, 0x0C, 0x13, 0x07, 0x09, 0x0E, 0x06,
    0x08, 0x0B, 0x02, 0x03, 0x04, 0x02, 0x01, 0x01, 0x01, 0x01, 0x05, 0x03, 0x02, 0x04, 0x01, 0x01,
    0x02, 0x01, 0x01, 0x01, 0x01, 0x06, 0x02, 0x07, 0x01, 0x07, 0x02, 0x08, 0x01, 0x08, 0x01, 0x08,
    0x01, 0x09, 0x05, 0x01, 0x09, 0x01, 0x08, 0x01, 0x0C, 0x01, 0x09, 0x02, 0x0B, 0x08, 0x0A, 0x02,
    0x09, 0x02, 0x08, 0x01, 0x06, 0x04, 0x02, 0x04, 0x01, 0x01, 0x04, 0x02, 0x03, 0x03, 0x01, 0x01,
    0x01, 0x01, 0x01, 0x05, 0x03, 0x04, 0x03, 0x01, 0x01, 0x01, 0x01, 0x02, 0x01, 0x01, 0x04, 0x03,
    0x03, 0x05, 0x01, 0x01, 0x01, 0x01, 0x06, 0x06, 0x04, 0x06, 0x04, 0x11, 0x09, 0x0D, 0x04, 0x03,
    0x06, 0x02, 0x01, 0x01, 0x01, 0x01, 0x0D, 0x0C, 0x03, 0x0C, 0x0A, 0x09, 0x0A, 0x01, 0x02, 0x01,
    0x01, 0x02, 0x01, 0x05, 0x03, 0x02, 0x08, 0x06, 0x0A, 0x0D, 0x02, 0x01, 0x03, 0x02, 0x07, 0x05,
    0x05, 0x09, 0x04, 0x07, 0x09, 0x06, 0x09, 0x03, 0x05, 0x09, 0x04, 0x04, 0x05, 0x01, 0x01, 0x01,
    0x02, 0x08, 0x06, 0x06, 0x0C, 0x06, 0x07, 0x02, 0x09, 0x05, 0x08, 0x04, 0x07, 0x08, 0x02, 0x04,
    0x05, 0x01, 0x01, 0x02, 0x01, 0x06, 0x04, 0x04, 0x0B, 0x06, 0x0B, 0x01, 0x08, 0x04, 0x07, 0x02,
    0x06, 0x07, 0x02, 0x04, 0x06, 0x01, 0x05, 0x01, 0x06, 0x02, 0x05, 0x04, 0x04, 0x06, 0x04, 0x03,
    0x06, 0x03, 0x05, 0x01, 0x0B, 0x05, 0x0A, 0x04, 0x04, 0x07, 0x02, 0x02, 0x03, 0x02, 0x02, 0x03,
    0x01, 0x03, 0x03, 0x0A, 0x07, 0x02, 0x07, 0x05, 0x08, 0x02, 0x09, 0x05, 0x07, 0x01, 0x03, 0x06,
    0x04, 0x04, 0x05, 0x02, 0x02, 0x03, 0x01, 0x01, 0x01, 0x03, 0x04, 0x0E, 0x0A, 0x02, 0x06, 0x03,
    0x06, 0x04, 0x04, 0x04, 0x09, 0x05, 0x03, 0x05, 0x02, 0x04, 0x07, 0x04, 0x03, 0x03, 0x03, 0x03,
    0x02, 0x06, 0x04, 0x03, 0x06, 0x04, 0x02, 0x06, 0x03, 0x06, 0x04, 0x06, 0x04, 0x07, 0x02, 0x03,
    0x06, 0x03, 0x04, 0x06, 0x02, 0x02, 0x04, 0x01, 0x03, 0x03, 0x03, 0x06, 0x04, 0x02, 0x07, 0x04,
    0x03, 0x04, 0x02, 0x04, 0x2A, 0xF2, 0xAB, 0x04, 0x04, 0x04, 0x0B, 0x05, 0x06, 0x0A, 0x03, 0x04,
    0x04, 0x04, 0x04, 0x03, 0x0A, 0x06, 0x05, 0x0B, 0x04, 0x04, 0x04, 0x00, 0x00, 0x02, 0x00, 0x07,
    0x00, 0xE7, 0x09, 0x93, 0x02, 0x98, 0x00, 0x18, 0x02, 0x35, 0x00, 0x00, 0x13, 0x0E, 0x01, 0x15,
    0x14, 0x16, 0x17, 0x1E, 0x01, 0x33, 0x32, 0x36, 0x37, 0x3E, 0x01, 0x35, 0x34, 0x26, 0x27, 0x2E,
    0x01, 0x23, 0x22, 0x06, 0x07, 0x25, 0x1E, 0x01, 0x17, 0x05, 0x25, 0x2E, 0x01, 0x07, 0x2E, 0x01,
    0x27, 0x2E, 0x01, 0x23, 0x22, 0x06, 0x07, 0x0E, 0x01, 0x15, 0x2E, 0x01, 0x27, 0x2E, 0x01, 0x23,
    0x22, 0x06, 0x07, 0x0E, 0x01, 0x07, 0x34, 0x26, 0x27, 0x2E, 0x01, 0x23, 0x22, 0x06, 0x07, 0x0E,
    0x01, 0x07, 0x34, 0x26, 0x27, 0x2E, 0x01, 0x23, 0x22, 0x06, 0x07, 0x0E, 0x01, 0x15, 0x2E, 0x01,
    0x27, 0x2E, 0x01, 0x23, 0x22, 0x06, 0x07, 0x0E, 0x01, 0x07, 0x34, 0x26, 0x27, 0x2E, 0x01, 0x23,
    0x22, 0x06, 0x07, 0x0E, 0x01, 0x07, 0x34, 0x26, 0x27, 0x2E, 0x01, 0x23, 0x22, 0x06, 0x07, 0x0E,
    0x01, 0x15, 0x2E, 0x01, 0x27, 0x2E, 0x01, 0x23, 0x22, 0x06, 0x07, 0x0E, 0x01, 0x07, 0x34, 0x26,
    0x27, 0x2E, 0x01, 0x23, 0x22, 0x06, 0x07, 0x0E, 0x01, 0x07, 0x34, 0x26, 0x27, 0x2E, 0x01, 0x23,
    0x22, 0x06, 0x07, 0x0E, 0x01, 0x15, 0x2E, 0x01, 0x27, 0x2E, 0x01, 0x23, 0x22, 0x06, 0x07, 0x0E,
    0x01, 0x07, 0x34, 0x26, 0x27, 0x2E, 0x01, 0x23, 0x22, 0x06, 0x07, 0x0E, 0x01, 0x15, 0x26, 0x06,
    0x07, 0x23, 0x07, 0x0E, 0x01, 0x07, 0x0E, 0x01, 0x07, 0x22, 0x26, 0x27, 0x2E, 0x01, 0x27, 0x2E,
    0x01, 0x27, 0x2E, 0x01, 0x27, 0x2E, 0x01, 0x27, 0x26, 0x06, 0x07, 0x0E, 0x01, 0x23, 0x2E, 0x01,
    0x23, 0x34, 0x26, 0x27, 0x2E, 0x01, 0x23, 0x22, 0x06, 0x07, 0x0E, 0x01, 0x15, 0x2A, 0x01, 0x23,
    0x06, 0x22, 0x23, 0x34, 0x26, 0x27, 0x2E, 0x01, 0x23, 0x22, 0x06, 0x07, 0x0E, 0x01, 0x1D, 0x01,
    0x22, 0x06, 0x23, 0x34, 0x26, 0x27, 0x2E, 0x01, 0x23, 0x22, 0x06, 0x07, 0x0E, 0x01, 0x15, 0x30,
    0x16, 0x15, 0x22, 0x06, 0x07, 0x34, 0x26, 0x27, 0x2E, 0x01, 0x23, 0x22, 0x06, 0x07, 0x0E, 0x01,
    0x15, 0x14, 0x16, 0x31, 0x0E, 0x01, 0x07, 0x2E, 0x01, 0x31, 0x2E, 0x01, 0x23, 0x22, 0x06, 0x07,
    0x0E, 0x01, 0x15, 0x14, 0x16, 0x15, 0x0E, 0x01, 0x07, 0x0E, 0x01, 0x07, 0x2E, 0x01, 0x23, 0x22,
    0x06, 0x07, 0x0E, 0x01, 0x15, 0x14, 0x16, 0x17, 0x32, 0x16, 0x33, 0x22, 0x14, 0x31, 0x0E, 0x01,
    0x07, 0x06, 0x26, 0x27, 0x2E, 0x01, 0x27, 0x2E, 0x01, 0x27, 0x2E, 0x01, 0x27, 0x2E, 0x01, 0x35,
    0x37, 0x07, 0x27, 0x37, 0x33, 0x34, 0x36, 0x37, 0x3E, 0x01, 0x37, 0x3E, 0x01, 0x37, 0x14, 0x16,
    0x17, 0x1E, 0x01, 0x33, 0x32, 0x36, 0x37, 0x3E, 0x01, 0x35, 0x30, 0x34, 0x31, 0x3E, 0x01, 0x33,
    0x14, 0x16, 0x17, 0x1E, 0x01, 0x33, 0x32, 0x36, 0x37, 0x3E, 0x01, 0x3D, 0x01, 0x36, 0x32, 0x37,
    0x14, 0x16, 0x17, 0x1E, 0x01, 0x33, 0x32, 0x36, 0x37, 0x3E, 0x01, 0x35, 0x30, 0x34, 0x35, 0x32,
    0x36, 0x33, 0x14, 0x16, 0x17, 0x1E, 0x01, 0x33, 0x32, 0x36, 0x37, 0x3E, 0x01, 0x3D, 0x01, 0x36,
    0x32, 0x33, 0x14, 0x16, 0x17, 0x1E, 0x01, 0x33, 0x32, 0x36, 0x37, 0x3E, 0x01, 0x3D, 0x01, 0x32,
    0x36, 0x33, 0x14, 0x16, 0x17, 0x1E, 0x01, 0x33, 0x32, 0x36, 0x37, 0x3E, 0x01, 0x3D, 0x01, 0x3E,
    0x01, 0x37, 0x36, 0x16, 0x17, 0x1E, 0x01, 0x17, 0x31, 0x14, 0x16, 0x17, 0x1E, 0x01, 0x33, 0x32,
    0x36, 0x37, 0x3E, 0x01, 0x35, 0x16, 0x32, 0x33, 0x14, 0x16, 0x17, 0x1E, 0x01, 0x33, 0x32, 0x36,
    0x37, 0x3E, 0x01, 0x3D, 0x01, 0x32, 0x36, 0x37, 0x14, 0x16, 0x17, 0x1E, 0x01, 0x33, 0x32, 0x36,
    0x37, 0x3E, 0x01, 0x35, 0x34, 0x30, 0x35, 0x3E, 0x01, 0x37, 0x30, 0x16, 0x17, 0x1E, 0x01, 0x33,
    0x32, 0x36, 0x37, 0x3E, 0x01, 0x35, 0x34, 0x26, 0x27, 0x3E, 0x01, 0x37, 0x1E, 0x01, 0x33, 0x32,
    0x36, 0x37, 0x3E, 0x01, 0x35, 0x34, 0x26, 0x27, 0x34, 0x26, 0x23, 0x3E, 0x01, 0x37, 0x3E, 0x01,
    0x17, 0x1E, 0x01, 0x17, 0x1E, 0x01, 0x17, 0x05, 0x16, 0x17, 0x1E, 0x01, 0x17, 0x16, 0x17, 0x1E,
    0x01, 0x17, 0x3F, 0x03, 0x04, 0x04, 0x03, 0x04, 0x08, 0x05, 0x05, 0x08, 0x03, 0x04, 0x03, 0x03,
    0x04, 0x03, 0x08, 0x05, 0x05, 0x08, 0x04, 0x08, 0xCE, 0x29, 0x44, 0x19, 0xFE, 0xF6, 0xFE, 0x50,
    0x04, 0x0E, 0x0A, 0x03, 0x03, 0x01, 0x02, 0x04, 0x02, 0x03, 0x04, 0x02, 0x01, 0x01, 0x01, 0x04,
    0x03, 0x04, 0x0A, 0x06, 0x05, 0x0A, 0x04, 0x02, 0x04, 0x01, 0x02, 0x01, 0x01, 0x04, 0x03, 0x02,
    0x04, 0x02, 0x01, 0x01, 0x01, 0x01, 0x01, 0x02, 0x04, 0x02, 0x03, 0x04, 0x02, 0x01, 0x01, 0x02,
    0x03, 0x03, 0x04, 0x0A, 0x06, 0x05, 0x0A, 0x05, 0x02, 0x03, 0x01, 0x02, 0x02, 0x01, 0x03, 0x03,
    0x02, 0x05, 0x01, 0x01, 0x02, 0x01, 0x01, 0x01, 0x02, 0x04, 0x02, 0x03, 0x04, 0x02, 0x01, 0x01,
    0x01, 0x04, 0x03, 0x04, 0x09, 0x06, 0x06, 0x0A, 0x04, 0x02, 0x04, 0x01, 0x02, 0x01, 0x01, 0x04,
    0x03, 0x02, 0x04, 0x02, 0x01, 0x01, 0x01, 0x01, 0x01, 0x02, 0x04, 0x02, 0x03, 0x04, 0x02, 0x01,
    0x01, 0x01, 0x04, 0x03, 0x04, 0x0A, 0x06, 0x05, 0x0A, 0x05, 0x02, 0x03, 0x01, 0x02, 0x02, 0x01,
    0x04, 0x02, 0x03, 0x04, 0x01, 0x01, 0x02, 0x09, 0x0F, 0x06, 0x68, 0x02, 0x01, 0x03, 0x02, 0x06,
    0x12, 0x0B, 0x07, 0x0A, 0x04, 0x03, 0x07, 0x04, 0x04, 0x07, 0x03, 0x05, 0x0C, 0x06, 0x10, 0x28,
    0x18, 0x14, 0x4A, 0x37, 0x26, 0x6A, 0x44, 0x49, 0x63, 0x1A, 0x01, 0x01, 0x02, 0x03, 0x02, 0x02,
    0x03, 0x02, 0x01, 0x02, 0x03, 0x05, 0x02, 0x03, 0x06, 0x02, 0x02, 0x01, 0x01, 0x04, 0x01, 0x02,
    0x03, 0x02, 0x02, 0x01, 0x05, 0x09, 0x04, 0x02, 0x01, 0x02, 0x03, 0x02, 0x01, 0x04, 0x02, 0x01,
    0x02, 0x01, 0x04, 0x09, 0x04, 0x01, 0x02, 0x01, 0x03, 0x02, 0x02, 0x03, 0x02, 0x02, 0x01, 0x01,
    0x04, 0x08, 0x03, 0x01, 0x01, 0x02, 0x03, 0x02, 0x02, 0x03, 0x02, 0x01, 0x02, 0x01, 0x01, 0x04,
    0x03, 0x02, 0x03, 0x01, 0x01, 0x03, 0x02, 0x02, 0x03, 0x02, 0x01, 0x02, 0x02, 0x01, 0x01, 0x01,
    0x01, 0x01, 0x05, 0x0B, 0x08, 0x09, 0x11, 0x09, 0x07, 0x0F, 0x08, 0x06, 0x18, 0x12, 0x11, 0x16,
    0x04, 0x03, 0x02, 0x03, 0x12, 0x2F, 0x2F, 0x0B, 0x01, 0x01, 0x02, 0x07, 0x05, 0x03, 0x18, 0x14,
    0x02, 0x02, 0x02, 0x05, 0x03, 0x02, 0x05, 0x02, 0x01, 0x02, 0x04, 0x09, 0x04, 0x02, 0x02, 0x02,
    0x04, 0x03, 0x03, 0x05, 0x02, 0x02, 0x02, 0x03, 0x09, 0x04, 0x02, 0x02, 0x02, 0x04, 0x03, 0x03,
    0x05, 0x02, 0x02, 0x01, 0x05, 0x0A, 0x05, 0x02, 0x02, 0x02, 0x04, 0x03, 0x03, 0x04, 0x02, 0x02,
    0x03, 0x04, 0x08, 0x04, 0x02, 0x02, 0x02, 0x05, 0x03, 0x02, 0x05, 0x02, 0x02, 0x01, 0x05, 0x08,
    0x05, 0x01, 0x02, 0x02, 0x05, 0x03, 0x03, 0x04, 0x02, 0x02, 0x02, 0x2A, 0x53, 0x2B, 0x41, 0x91,
    0x4F, 0x12, 0x2B, 0x1A, 0x02, 0x02, 0x01, 0x05, 0x03, 0x02, 0x05, 0x03, 0x02, 0x01, 0x06, 0x0B,
    0x04, 0x02, 0x02, 0x02, 0x05, 0x03, 0x03, 0x04, 0x02, 0x02, 0x02, 0x05, 0x0C, 0x05, 0x02, 0x02,
    0x02, 0x04, 0x03, 0x03, 0x04, 0x02, 0x02, 0x02, 0x06, 0x09, 0x05, 0x02, 0x01, 0x02, 0x05, 0x02,
    0x03, 0x04, 0x02, 0x03, 0x02, 0x01, 0x01, 0x05, 0x0A, 0x04, 0x01, 0x04, 0x02, 0x03, 0x05, 0x01,
    0x02, 0x02, 0x02, 0x02, 0x01, 0x01, 0x06, 0x0D, 0x07, 0x05, 0x09, 0x05, 0x0A, 0x0F, 0x05, 0x03,
    0x03, 0x01, 0x01, 0x39, 0x56, 0x49, 0x4A, 0x7A, 0x32, 0x31, 0x26, 0x4A, 0x9E, 0x52, 0x01, 0xE5,
    0x03, 0x09, 0x05, 0x04, 0x08, 0x04, 0x03, 0x03, 0x03, 0x03, 0x03, 0x09, 0x04, 0x05, 0x09, 0x03,
    0x04, 0x03, 0x03, 0x04, 0x31, 0x06, 0x0D, 0x06, 0xCC, 0x04, 0x0A, 0x05, 0x05, 0x02, 0x03, 0x01,
    0x01, 0x02, 0x02, 0x01, 0x01, 0x02, 0x01, 0x01, 0x02, 0x01, 0x01, 0x02, 0x02, 0x01, 0x01, 0x02,
    0x01, 0x01, 0x02, 0x01, 0x01, 0x02, 0x02, 0x01, 0x01, 0x02, 0x01, 0x01, 0x02, 0x01, 0x01, 0x02,
    0x02, 0x01, 0x01, 0x02, 0x01, 0x01, 0x02, 0x01, 0x01, 0x02, 0x02, 0x01, 0x01, 0x02, 0x01, 0x01,
    0x02, 0x01, 0x01, 0x02, 0x02, 0x01, 0x01, 0x02, 0x01, 0x01, 0x02, 0x01, 0x01, 0x02, 0x02, 0x01,
    0x01, 0x02, 0x01, 0x01, 0x02, 0x01, 0x01, 0x02, 0x02, 0x01, 0x01, 0x02, 0x01, 0x01, 0x02, 0x01,
    0x01, 0x02, 0x02, 0x01, 0x01, 0x02, 0x01, 0x01, 0x02, 0x01, 0x01, 0x02, 0x02, 0x01, 0x01, 0x02,
    0x01, 0x01, 0x02, 0x01, 0x01, 0x02, 0x02, 0x01, 0x01, 0x02, 0x01, 0x01, 0x02, 0x01, 0x01, 0x02,
    0x02, 0x01, 0x01, 0x02, 0x01, 0x06, 0x08, 0x0E, 0x0B, 0x07, 0x0C, 0x06, 0x12, 0x13, 0x01, 0x02,
    0x03, 0x02, 0x08, 0x04, 0x07, 0x0B, 0x03, 0x07, 0x0C, 0x05, 0x0C, 0x0F, 0x02, 0x02, 0x02, 0x04,
    0x02, 0x03, 0x01, 0x02, 0x01, 0x04, 0x01, 0x01, 0x02, 0x02, 0x01, 0x01, 0x04, 0x01, 0x01, 0x02,
    0x03, 0x01, 0x01, 0x02, 0x02, 0x01, 0x01, 0x03, 0x02, 0x01, 0x01, 0x02, 0x02, 0x01, 0x02, 0x01,
    0x01, 0x02, 0x01, 0x03, 0x02, 0x01, 0x01, 0x01, 0x01, 0x01, 0x03, 0x01, 0x01, 0x02, 0x02, 0x01,
    0x01, 0x04, 0x02, 0x01, 0x01, 0x01, 0x02, 0x02, 0x01, 0x02, 0x01, 0x02, 0x02, 0x01, 0x01, 0x04,
    0x01, 0x01, 0x02, 0x01, 0x01, 0x02, 0x01, 0x01, 0x03, 0x01, 0x01, 0x01, 0x02, 0x01, 0x01, 0x04,
    0x02, 0x02, 0x03, 0x02, 0x01, 0x01, 0x08, 0x0A, 0x02, 0x03, 0x01, 0x04, 0x03, 0x0B, 0x08, 0x07,
    0x1D, 0x15, 0x16, 0x1C, 0x08, 0x04, 0x08, 0x04, 0x05, 0x01, 0x37, 0x3E, 0x03, 0x05, 0x02, 0x06,
    0x08, 0x03, 0x02, 0x04, 0x03, 0x02, 0x04, 0x01, 0x03, 0x02, 0x02, 0x03, 0x01, 0x05, 0x03, 0x01,
    0x01, 0x01, 0x02, 0x05, 0x01, 0x02, 0x02, 0x02, 0x02, 0x02, 0x04, 0x03, 0x01, 0x01, 0x01, 0x02,
    0x04, 0x02, 0x02, 0x02, 0x02, 0x02, 0x02, 0x04, 0x03, 0x01, 0x01, 0x01, 0x02, 0x04, 0x02, 0x02,
    0x02, 0x02, 0x02, 0x02, 0x05, 0x02, 0x01, 0x01, 0x02, 0x04, 0x02, 0x02, 0x02, 0x02, 0x02, 0x02,
    0x04, 0x03, 0x01, 0x01, 0x02, 0x04, 0x02, 0x02, 0x02, 0x02, 0x02, 0x02, 0x04, 0x03, 0x01, 0x02,
    0x03, 0x01, 0x01, 0x04, 0x05, 0x01, 0x03, 0x02, 0x03, 0x05, 0x03, 0x01, 0x02, 0x02, 0x01, 0x02,
    0x05, 0x03, 0x01, 0x03, 0x04, 0x02, 0x02, 0x02, 0x02, 0x02, 0x02, 0x05, 0x03, 0x01, 0x01, 0x01,
    0x02, 0x04, 0x02, 0x02, 0x02, 0x02, 0x02, 0x02, 0x05, 0x03, 0x01, 0x01, 0x01, 0x02, 0x01, 0x02,
    0x01, 0x03, 0x02, 0x02, 0x03, 0x02, 0x04, 0x03, 0x02, 0x03, 0x01, 0x04, 0x08, 0x05, 0x01, 0x01,
    0x01, 0x02, 0x02, 0x05, 0x02, 0x03, 0x05, 0x02, 0x01, 0x01, 0x0B, 0x0D, 0x03, 0x03, 0x01, 0x01,
    0x02, 0x15, 0x13, 0x09, 0x12, 0x09, 0x03, 0x01, 0x01, 0x01, 0x04, 0x01, 0x02, 0x02, 0x05, 0x12,
    0x0E, 0x00, 0x00, 0x00, 0x00, 0x05, 0x00, 0x1F, 0x00, 0x2B, 0x09, 0x3D, 0x03, 0x55, 0x00, 0x17,
    0x00, 0x2F, 0x00, 0x48, 0x00, 0x60, 0x00, 0xD7, 0x00, 0x00, 0x25, 0x3E, 0x01, 0x35, 0x34, 0x26,
    0x27, 0x2E, 0x01, 0x23, 0x22, 0x06, 0x07, 0x0E, 0x01, 0x15, 0x14, 0x16, 0x17, 0x1E, 0x01, 0x33,
    0x32, 0x36, 0x01, 0x22, 0x06, 0x07, 0x0E, 0x01, 0x15, 0x14, 0x16, 0x17, 0x1E, 0x01, 0x33, 0x32,
    0x36, 0x37, 0x3E, 0x01, 0x35, 0x34, 0x26, 0x27, 0x2E, 0x01, 0x27, 0x22, 0x06, 0x07, 0x0E, 0x01,
    0x15, 0x14, 0x16, 0x17, 0x1E, 0x01, 0x33, 0x32, 0x36, 0x37, 0x3E, 0x01, 0x35, 0x34, 0x26, 0x27,
    0x2E, 0x01, 0x23, 0x27, 0x22, 0x06, 0x07, 0x0E, 0x01, 0x15, 0x14, 0x16, 0x17, 0x1E, 0x01, 0x33,
    0x32, 0x36, 0x37, 0x3E, 0x01, 0x35, 0x34, 0x26, 0x27, 0x2E, 0x01, 0x05, 0x3E, 0x01, 0x37, 0x3E,
    0x01, 0x37, 0x3E, 0x01, 0x37, 0x3E, 0x01, 0x37, 0x3E, 0x01, 0x37, 0x3E, 0x01, 0x37, 0x3E, 0x01,
    0x37, 0x17, 0x3E, 0x01, 0x2F, 0x01, 0x1F, 0x01, 0x1E, 0x01, 0x3F, 0x01, 0x17, 0x37, 0x17, 0x35,
    0x17, 0x35, 0x16, 0x17, 0x1E, 0x01, 0x17, 0x16, 0x17, 0x26, 0x27, 0x2E, 0x01, 0x27, 0x26, 0x27,
    0x0F, 0x01, 0x0E, 0x01, 0x23, 0x2E, 0x01, 0x27, 0x2E, 0x01, 0x27, 0x2E, 0x01, 0x07, 0x22, 0x06,
    0x07, 0x0E, 0x01, 0x07, 0x26, 0x06, 0x07, 0x0E, 0x01, 0x07, 0x0E, 0x01, 0x07, 0x0E, 0x01, 0x07,
    0x0E, 0x01, 0x07, 0x0E, 0x01, 0x07, 0x0E, 0x01, 0x07, 0x0E, 0x01, 0x23, 0x22, 0x26, 0x27, 0x2E,
    0x01, 0x35, 0x34, 0x36, 0x37, 0x3E, 0x01, 0x37, 0x3E, 0x01, 0x37, 0x36, 0x37, 0x3E, 0x01, 0x37,
    0x36, 0x37, 0x01, 0x33, 0x13, 0x13, 0x13, 0x13, 0x14, 0x2E, 0x1B, 0x1C, 0x2E, 0x13, 0x14, 0x13,
    0x13, 0x14, 0x13, 0x2E, 0x1C, 0x1B, 0x2E, 0x05, 0x98, 0x05, 0x0A, 0x04, 0x04, 0x04, 0x04, 0x04,
    0x04, 0x0A, 0x05, 0x06, 0x0A, 0x04, 0x04, 0x04, 0x04, 0x04, 0x04, 0x0A, 0x5E, 0x07, 0x0B, 0x05,
    0x05, 0x05, 0x05, 0x05, 0x05, 0x0B, 0x07, 0x07, 0x0B, 0x05, 0x05, 0x05, 0x05, 0x05, 0x05, 0x0B,
    0x07, 0x63, 0x08, 0x0F, 0x05, 0x06, 0x06, 0x06, 0x06, 0x05, 0x0F, 0x08, 0x09, 0x0E, 0x06, 0x06,
    0x06, 0x06, 0x06, 0x06, 0x0E, 0xFC, 0xBD, 0x16, 0x33, 0x1C, 0x11, 0x32, 0x22, 0x20, 0x32, 0x11,
    0x1C, 0x32, 0x16, 0x2B, 0x4C, 0x20, 0x0B, 0x1B, 0x11, 0x14, 0x1C, 0x08, 0x51, 0x06, 0x04, 0x02,
    0x1D, 0x56, 0x1A, 0x04, 0x08, 0x05, 0x05, 0x3B, 0x05, 0x38, 0x3C, 0x8C, 0x6D, 0x6D, 0x9C, 0x2F,
    0x2E, 0x0F, 0x70, 0x72, 0x72, 0xE7, 0x75, 0x76, 0x77, 0x0A, 0x3A, 0x2F, 0x5E, 0x2F, 0x06, 0x0A,
    0x04, 0x07, 0x0D, 0x08, 0x12, 0x35, 0x21, 0x2D, 0x67, 0x3A, 0x1D, 0x31, 0x14, 0x16, 0x33, 0x1C,
    0x3A, 0x5E, 0x24, 0x08, 0x0C, 0x04, 0x02, 0x05, 0x04, 0x03, 0x07, 0x04, 0x06, 0x10, 0x0B, 0x02,
    0x05, 0x04, 0x1B, 0x41, 0x26, 0x26, 0x42, 0x1B, 0x1B, 0x1B, 0x08, 0x08, 0x09, 0x18, 0x0F, 0x34,
    0x7B, 0x47, 0x25, 0x2A, 0x2A, 0x5B, 0x31, 0x32, 0x36, 0x84, 0x13, 0x2E, 0x1C, 0x1B, 0x2F, 0x13,
    0x13, 0x13, 0x13, 0x13, 0x13, 0x2F, 0x1B, 0x1C, 0x2E, 0x13, 0x14, 0x13, 0x13, 0x02, 0x3E, 0x04,
    0x04, 0x04, 0x0A, 0x06, 0x06, 0x0A, 0x04, 0x04, 0x04, 0x04, 0x04, 0x04, 0x0A, 0x06, 0x06, 0x0A,
    0x04, 0x04, 0x04, 0x21, 0x05, 0x04, 0x05, 0x0C, 0x07, 0x06, 0x0C, 0x05, 0x05, 0x04, 0x04, 0x05,
    0x05, 0x0C, 0x06, 0x07, 0x0C, 0x05, 0x04, 0x05, 0x20, 0x06, 0x06, 0x06, 0x0F, 0x08, 0x08, 0x0F,
    0x06, 0x06, 0x06, 0x06, 0x06, 0x06, 0x0F, 0x08, 0x08, 0x0F, 0x06, 0x06, 0x06, 0x3E, 0x06, 0x08,
    0x03, 0x01, 0x04, 0x01, 0x02, 0x03, 0x02, 0x03, 0x08, 0x06, 0x0B, 0x1B, 0x11, 0x05, 0x0F, 0x0A,
    0x0B, 0x11, 0x04, 0x3A, 0x03, 0x0A, 0x08, 0x24, 0x0C, 0x26, 0x05, 0x03, 0x01, 0x28, 0x37, 0x26,
    0x38, 0x25, 0x39, 0x23, 0x36, 0x45, 0x45, 0xA9, 0x63, 0x63, 0x73, 0x64, 0x4C, 0x4C, 0x67, 0x1B,
    0x1B, 0x04, 0x0C, 0x07, 0x32, 0x32, 0x0C, 0x12, 0x05, 0x0A, 0x10, 0x06, 0x0F, 0x10, 0x01, 0x20,
    0x20, 0x10, 0x1F, 0x10, 0x02, 0x01, 0x03, 0x06, 0x21, 0x1B, 0x06, 0x12, 0x0C, 0x06, 0x18, 0x13,
    0x11, 0x1B, 0x0A, 0x0F, 0x1A, 0x0B, 0x02, 0x05, 0x04, 0x1B, 0x1B, 0x1B, 0x1B, 0x1B, 0x41, 0x27,
    0x10, 0x24, 0x13, 0x14, 0x25, 0x11, 0x38, 0x5D, 0x25, 0x14, 0x12, 0x12, 0x21, 0x0E, 0x0F, 0x0C,
    0x00, 0x01, 0x00, 0x00, 0x00, 0x6D, 0x0B, 0xEE, 0x03, 0x2B, 0x01, 0x11, 0x00, 0x00, 0x01, 0x21,
    0x17, 0x16, 0x17, 0x1E, 0x01, 0x17, 0x16, 0x17, 0x06, 0x07, 0x0E, 0x01, 0x07, 0x06, 0x07, 0x0E,
    0x01, 0x07, 0x21, 0x2E, 0x01, 0x23, 0x22, 0x06, 0x07, 0x23, 0x2E, 0x01, 0x23, 0x22, 0x06, 0x07,
    0x23, 0x2E, 0x01, 0x23, 0x22, 0x06, 0x07, 0x23, 0x2E, 0x01, 0x23, 0x22, 0x06, 0x07, 0x23, 0x2E,
    0x01, 0x23, 0x22, 0x06, 0x07, 0x23, 0x2E, 0x01, 0x23, 0x22, 0x06, 0x07, 0x23, 0x2E, 0x01, 0x23,
    0x22, 0x06, 0x07, 0x23, 0x2E, 0x01, 0x23, 0x22, 0x06, 0x07, 0x23, 0x2E, 0x01, 0x23, 0x22, 0x06,
    0x07, 0x23, 0x2E, 0x01, 0x23, 0x22, 0x06, 0x07, 0x23, 0x2E, 0x01, 0x23, 0x22, 0x06, 0x07, 0x23,
    0x2E, 0x01, 0x07, 0x0E, 0x01, 0x0F, 0x01, 0x15, 0x07, 0x27, 0x3E, 0x01, 0x37, 0x36, 0x26, 0x27,
    0x26, 0x06, 0x07, 0x06, 0x07, 0x0E, 0x01, 0x23, 0x22, 0x27, 0x26, 0x27, 0x2E, 0x01, 0x27, 0x26,
    0x27, 0x26, 0x22, 0x0F, 0x01, 0x0E, 0x01, 0x23, 0x22, 0x26, 0x27, 0x2E, 0x01, 0x27, 0x23, 0x22,
    0x26, 0x35, 0x34, 0x36, 0x3B, 0x01, 0x3E, 0x01, 0x37, 0x3E, 0x01, 0x37, 0x3E, 0x01, 0x17, 0x1E,
    0x01, 0x17, 0x1E, 0x01, 0x17, 0x32, 0x36, 0x37, 0x3E, 0x01, 0x17, 0x16, 0x17, 0x1E, 0x01, 0x17,
    0x16, 0x37, 0x3E, 0x01, 0x37, 0x3E, 0x01, 0x37, 0x1F, 0x01, 0x0F, 0x01, 0x17, 0x1E, 0x01, 0x33,
    0x32, 0x36, 0x37, 0x33, 0x1E, 0x01, 0x33, 0x32, 0x36, 0x37, 0x33, 0x1E, 0x01, 0x33, 0x32, 0x36,
    0x37, 0x33, 0x1E, 0x01, 0x33, 0x32, 0x36, 0x37, 0x33, 0x1E, 0x01, 0x33, 0x32, 0x36, 0x37, 0x33,
    0x1E, 0x01, 0x33, 0x32, 0x36, 0x37, 0x33, 0x1E, 0x01, 0x33, 0x32, 0x36, 0x37, 0x33, 0x1E, 0x01,
    0x33, 0x32, 0x36, 0x37, 0x33, 0x1E, 0x01, 0x33, 0x32, 0x36, 0x37, 0x33, 0x1E, 0x01, 0x33, 0x32,
    0x36, 0x37, 0x33, 0x1E, 0x01, 0x33, 0x32, 0x36, 0x37, 0x33, 0x1E, 0x01, 0x33, 0x32, 0x36, 0x37,
    0x07, 0xE2, 0x01, 0xB6, 0xF6, 0x42, 0x37, 0x36, 0x58, 0x22, 0x21, 0x16, 0x19, 0x21, 0x22, 0x54,
    0x32, 0x32, 0x3B, 0x31, 0x7F, 0x4D, 0xFE, 0x40, 0x02, 0x07, 0x05, 0x05, 0x06, 0x02, 0x03, 0x02,
    0x06, 0x05, 0x05, 0x07, 0x02, 0x0C, 0x05, 0x0E, 0x0A, 0x09, 0x0E, 0x05, 0x0C, 0x02, 0x07, 0x05,
    0x05, 0x07, 0x02, 0x02, 0x02, 0x07, 0x05, 0x05, 0x06, 0x02, 0x0D, 0x03, 0x0F, 0x0A, 0x09, 0x0E,
    0x05, 0x0C, 0x03, 0x07, 0x04, 0x05, 0x07, 0x02, 0x01, 0x02, 0x07, 0x05, 0x04, 0x08, 0x03, 0x0C,
    0x04, 0x0D, 0x0A, 0x0B, 0x0E, 0x04, 0x0C, 0x02, 0x06, 0x05, 0x05, 0x07, 0x02, 0x02, 0x02, 0x07,
    0x05, 0x05, 0x07, 0x02, 0x69, 0x09, 0x0F, 0x05, 0x0C, 0x11, 0x05, 0x16, 0x41, 0x4A, 0x09, 0x0B,
    0x02, 0x04, 0x21, 0x25, 0x44, 0x6A, 0x26, 0x08, 0x18, 0x19, 0x54, 0x3B, 0x3B, 0x4C, 0x4F, 0x3D,
    0x3D, 0x57, 0x18, 0x19, 0x07, 0x0A, 0x10, 0x06, 0x0A, 0x27, 0x30, 0x08, 0x28, 0x34, 0x0D, 0x09,
    0x0C, 0x01, 0x03, 0x08, 0x08, 0x08, 0x08, 0x03, 0x01, 0x0F, 0x0D, 0x10, 0x19, 0x0A, 0x08, 0x19,
    0x10, 0x0D, 0x18, 0x0B, 0x02, 0x14, 0x13, 0x04, 0x5B, 0x58, 0x59, 0x91, 0x37, 0x5C, 0x4A, 0x49,
    0x6B, 0x22, 0x23, 0x0F, 0x2D, 0x3F, 0x13, 0x12, 0x1B, 0x0A, 0x44, 0x04, 0x1F, 0x04, 0x17, 0x0B,
    0x10, 0x04, 0x06, 0x12, 0x0D, 0x62, 0x03, 0x07, 0x04, 0x05, 0x07, 0x02, 0x02, 0x02, 0x07, 0x05,
    0x03, 0x07, 0x03, 0x0C, 0x06, 0x0E, 0x09, 0x08, 0x0D, 0x06, 0x0E, 0x02, 0x07, 0x04, 0x04, 0x07,
    0x03, 0x01, 0x03, 0x07, 0x04, 0x05, 0x06, 0x02, 0x0E, 0x05, 0x0E, 0x08, 0x09, 0x0E, 0x05, 0x0D,
    0x03, 0x07, 0x03, 0x05, 0x07, 0x02, 0x02, 0x03, 0x07, 0x04, 0x05, 0x07, 0x02, 0x0D, 0x04, 0x0E,
    0x09, 0x0A, 0x0D, 0x04, 0x0E, 0x03, 0x06, 0x05, 0x05, 0x06, 0x02, 0x03, 0x02, 0x07, 0x04, 0x04,
    0x07, 0x03, 0x02, 0x59, 0x18, 0x0A, 0x0C, 0x0C, 0x1D, 0x11, 0x11, 0x13, 0x16, 0x12, 0x13, 0x1E,
    0x0C, 0x0C, 0x08, 0x07, 0x08, 0x02, 0x0D, 0x0D, 0x0D, 0x0D, 0x0D, 0x0D, 0x0D, 0x0D, 0x0D, 0x0D,
    0x0D, 0x0D, 0x0D, 0x0D, 0x0D, 0x0D, 0x0D, 0x0D, 0x0D, 0x0D, 0x0D, 0x0D, 0x0D, 0x0D, 0x0D, 0x0D,
    0x0D, 0x0D, 0x0D, 0x0D, 0x0D, 0x0D, 0x0D, 0x0D, 0x0D, 0x0D, 0x0D, 0x0D, 0x0D, 0x0D, 0x0D, 0x0D,
    0x0D, 0x0D, 0x05, 0x05, 0x02, 0x04, 0x07, 0x02, 0x03, 0x11, 0xBD, 0x15, 0x0D, 0x1F, 0x12, 0x23,
    0x36, 0x15, 0x09, 0x02, 0x0B, 0x02, 0x02, 0x02, 0x01, 0x01, 0x01, 0x02, 0x02, 0x07, 0x04, 0x04,
    0x06, 0x02, 0x03, 0x08, 0x22, 0x23, 0x23, 0x22, 0x18, 0x3A, 0x22, 0x0F, 0x0E, 0x0E, 0x0E, 0x26,
    0x34, 0x0E, 0x11, 0x15, 0x04, 0x04, 0x03, 0x01, 0x01, 0x05, 0x05, 0x01, 0x0C, 0x0C, 0x08, 0x0A,
    0x09, 0x06, 0x03, 0x04, 0x04, 0x03, 0x03, 0x01, 0x01, 0x01, 0x09, 0x1E, 0x14, 0x14, 0x45, 0x32,
    0x0F, 0x29, 0x5A, 0x3E, 0x0A, 0x04, 0x04, 0x08, 0x08, 0x0D, 0x0D, 0x0D, 0x0D, 0x0D, 0x0D, 0x0D,
    0x0D, 0x0D, 0x0D, 0x0D, 0x0D, 0x0D, 0x0D, 0x0D, 0x0D, 0x0D, 0x0D, 0x0D, 0x0D, 0x0D, 0x0D, 0x0D,
    0x0D, 0x0D, 0x0D, 0x0D, 0x0D, 0x0D, 0x0D, 0x0D, 0x0D, 0x0D, 0x0D, 0x0D, 0x0D, 0x0D, 0x0D, 0x0D,
    0x0D, 0x0D, 0x0D, 0x0D, 0x0D, 0x00, 0x00, 0x00, 0x00, 0x02, 0x00, 0x20, 0xFF, 0xE1, 0x09, 0x49,
    0x03, 0x9A, 0x00, 0xFB, 0x01, 0x21, 0x00, 0x00, 0x01, 0x14, 0x06, 0x07, 0x0E, 0x01, 0x07, 0x21,
    0x15, 0x07, 0x21, 0x35, 0x23, 0x0E, 0x01, 0x1F, 0x01, 0x33, 0x17, 0x07, 0x17, 0x1E, 0x01, 0x17,
    0x1E, 0x01, 0x17, 0x1E, 0x01, 0x17, 0x1E, 0x01, 0x17, 0x07, 0x2E, 0x01, 0x27, 0x2E, 0x01, 0x27,
    0x2E, 0x01, 0x2F, 0x01, 0x07, 0x23, 0x07, 0x23, 0x37, 0x23, 0x0F, 0x01, 0x0E, 0x01, 0x07, 0x23,
    0x2E, 0x01, 0x27, 0x07, 0x0E, 0x01, 0x07, 0x0E, 0x01, 0x07, 0x0E, 0x01, 0x07, 0x0E, 0x01, 0x07,
    0x0E, 0x01, 0x07, 0x0E, 0x01, 0x15, 0x14, 0x06, 0x07, 0x14, 0x06, 0x07, 0x0E, 0x01, 0x07, 0x0E,
    0x01, 0x07, 0x0E, 0x01, 0x07, 0x0E, 0x01, 0x07, 0x0E, 0x01, 0x07, 0x27, 0x3E, 0x01, 0x37, 0x3E,
    0x01, 0x37, 0x3E, 0x01, 0x37, 0x3E, 0x01, 0x37, 0x3E, 0x01, 0x37, 0x3E, 0x01, 0x37, 0x36, 0x26,
    0x27, 0x2E, 0x01, 0x27, 0x2E, 0x01, 0x27, 0x2E, 0x01, 0x27, 0x2E, 0x01, 0x35, 0x23, 0x22, 0x26,
    0x2F, 0x02, 0x07, 0x17, 0x07, 0x23, 0x27, 0x37, 0x27, 0x07, 0x0E, 0x01, 0x07, 0x0E, 0x01, 0x07,
    0x0E, 0x01, 0x15, 0x07, 0x0E, 0x01, 0x07, 0x0E, 0x01, 0x07, 0x0E, 0x01, 0x23, 0x2A, 0x01, 0x23,
    0x2E, 0x01, 0x27, 0x2E, 0x01, 0x35, 0x26, 0x36, 0x37, 0x34, 0x36, 0x37, 0x3E, 0x01, 0x37, 0x34,
    0x36, 0x3D, 0x01, 0x26, 0x36, 0x37, 0x3E, 0x01, 0x33, 0x36, 0x16, 0x17, 0x1E, 0x01, 0x17, 0x33,
    0x37, 0x3E, 0x01, 0x37, 0x3E, 0x01, 0x37, 0x3E, 0x01, 0x37, 0x3A, 0x01, 0x3B, 0x01, 0x17, 0x33,
    0x37, 0x3E, 0x01, 0x37, 0x3E, 0x01, 0x17, 0x3A, 0x01, 0x33, 0x17, 0x37, 0x17, 0x07, 0x17, 0x21,
    0x17, 0x21, 0x35, 0x23, 0x35, 0x37, 0x33, 0x17, 0x15, 0x33, 0x17, 0x15, 0x23, 0x15, 0x21, 0x17,
    0x1E, 0x01, 0x15, 0x05, 0x27, 0x23, 0x07, 0x0E, 0x01, 0x07, 0x14, 0x16, 0x17, 0x1E, 0x01, 0x1F,
    0x01, 0x27, 0x2E, 0x01, 0x27, 0x2E, 0x01, 0x27, 0x35, 0x23, 0x07, 0x0E, 0x01, 0x15, 0x06, 0x14,
    0x17, 0x1E, 0x01, 0x17, 0x33, 0x3E, 0x01, 0x3F, 0x01, 0x09, 0x49, 0x03, 0x03, 0x01, 0x04, 0x02,
    0xFD, 0x3B, 0x08, 0xFD, 0x7B, 0x1A, 0x03, 0x01, 0x03, 0x12, 0x09, 0x03, 0x10, 0x04, 0x03, 0x08,
    0x04, 0x0D, 0x22, 0x15, 0x14, 0x39, 0x24, 0x12, 0x20, 0x0F, 0x61, 0x0E, 0x20, 0x12, 0x24, 0x3B,
    0x16, 0x16, 0x27, 0x10, 0x19, 0x09, 0x23, 0x0B, 0x08, 0x08, 0x26, 0x09, 0x2E, 0x02, 0x08, 0x07,
    0x90, 0x09, 0x10, 0x06, 0x05, 0x03, 0x04, 0x01, 0x01, 0x02, 0x01, 0x01, 0x02, 0x02, 0x01, 0x04,
    0x03, 0x04, 0x06, 0x02, 0x02, 0x03, 0x01, 0x02, 0x06, 0x04, 0x04, 0x06, 0x02, 0x01, 0x02, 0x01,
    0x01, 0x02, 0x01, 0x02, 0x06, 0x05, 0x03, 0x05, 0x02, 0x9C, 0x01, 0x03, 0x04, 0x06, 0x10, 0x09,
    0x09, 0x15, 0x0C, 0x06, 0x08, 0x02, 0x02, 0x05, 0x02, 0x04, 0x04, 0x01, 0x01, 0x03, 0x05, 0x03,
    0x0C, 0x07, 0x04, 0x06, 0x02, 0x02, 0x03, 0x01, 0x02, 0x03, 0x64, 0x06, 0x0B, 0x04, 0x0F, 0x07,
    0x03, 0x11, 0x07, 0x29, 0x09, 0x1A, 0x01, 0x0B, 0x06, 0x09, 0x03, 0x04, 0x06, 0x02, 0x01, 0x01,
    0x0F, 0x07, 0x0A, 0x02, 0x03, 0x05, 0x03, 0x01, 0x04, 0x03, 0x04, 0x0B, 0x06, 0x08, 0x0A, 0x03,
    0x03, 0x04, 0x01, 0x01, 0x01, 0x04, 0x05, 0x05, 0x05, 0x02, 0x01, 0x01, 0x02, 0x02, 0x03, 0x08,
    0x04, 0x06, 0x1A, 0x15, 0x0A, 0x14, 0x0A, 0x24, 0x01, 0x02, 0x04, 0x02, 0x05, 0x07, 0x02, 0x03,
    0x05, 0x03, 0x01, 0x02, 0x01, 0x5F, 0x09, 0x2E, 0x01, 0x02, 0x06, 0x04, 0x04, 0x08, 0x04, 0x04,
    0x06, 0x03, 0x05, 0x0B, 0x37, 0x0C, 0x0C, 0x01, 0xEE, 0x0B, 0x02, 0x53, 0x08, 0x05, 0x16, 0x13,
    0x0C, 0x09, 0x08, 0x02, 0xC9, 0x05, 0x03, 0x02, 0xF9, 0x9C, 0x0A, 0x69, 0x06, 0x02, 0x04, 0x02,
    0x01, 0x02, 0x01, 0x03, 0x01, 0x02, 0x0B, 0x06, 0x08, 0x02, 0x01, 0x02, 0x01, 0x1A, 0x0B, 0x06,
    0x06, 0x01, 0x01, 0x05, 0x0E, 0x08, 0x84, 0x04, 0x06, 0x02, 0x1C, 0x02, 0xB6, 0x0B, 0x1A, 0x0E,
    0x07, 0x0D, 0x05, 0x15, 0x0B, 0x1D, 0x02, 0x0A, 0x09, 0x38, 0x09, 0x07, 0x0E, 0x09, 0x13, 0x0B,
    0x22, 0x4A, 0x28, 0x28, 0x5E, 0x35, 0x1A, 0x2D, 0x13, 0x4B, 0x12, 0x2B, 0x1B, 0x35, 0x62, 0x2C,
    0x2C, 0x53, 0x27, 0x3C, 0x03, 0x37, 0x35, 0x09, 0x5C, 0x05, 0x06, 0x01, 0x01, 0x04, 0x04, 0x04,
    0x03, 0x06, 0x04, 0x02, 0x09, 0x06, 0x06, 0x09, 0x03, 0x02, 0x07, 0x05, 0x05, 0x0A, 0x05, 0x06,
    0x0B, 0x05, 0x07, 0x09, 0x03, 0x03, 0x0A, 0x06, 0x07, 0x0B, 0x06, 0x04, 0x0B, 0x08, 0x06, 0x09,
    0x04, 0x04, 0x09, 0x05, 0x02, 0x04, 0x02, 0x55, 0x06, 0x10, 0x0A, 0x13, 0x28, 0x15, 0x11, 0x22,
    0x11, 0x07, 0x0B, 0x03, 0x05, 0x09, 0x04, 0x0C, 0x14, 0x08, 0x0B, 0x13, 0x07, 0x07, 0x0A, 0x04,
    0x01, 0x03, 0x01, 0x01, 0x02, 0x01, 0x02, 0x04, 0x02, 0x0A, 0x0A, 0x4B, 0x02, 0x09, 0x39, 0x0E,
    0x11, 0x34, 0x0C, 0x05, 0x05, 0x0C, 0x07, 0x07, 0x0E, 0x07, 0x04, 0x05, 0x02, 0x59, 0x2C, 0x2E,
    0x03, 0x02, 0x04, 0x03, 0x01, 0x02, 0x02, 0x04, 0x04, 0x03, 0x06, 0x02, 0x02, 0x06, 0x05, 0x01,
    0x1E, 0x1C, 0x1B, 0x29, 0x0D, 0x09, 0x34, 0x2B, 0x46, 0x0A, 0x0E, 0x04, 0x03, 0x03, 0x01, 0x02,
    0x04, 0x02, 0x05, 0x02, 0x15, 0x07, 0x0D, 0x07, 0x0E, 0x11, 0x03, 0x03, 0x03, 0x01, 0x04, 0x25,
    0x06, 0x09, 0x03, 0x03, 0x02, 0x01, 0x14, 0x1B, 0x18, 0x15, 0x14, 0x01, 0x0D, 0x3F, 0x07, 0x33,
    0x20, 0x0D, 0x2C, 0x0F, 0x17, 0x0E, 0x19, 0x0B, 0xE6, 0x09, 0x0B, 0x05, 0x0B, 0x05, 0x04, 0x0C,
    0x07, 0x07, 0x0A, 0x03, 0x0D, 0x05, 0x09, 0x11, 0x08, 0x08, 0x11, 0x09, 0x0F, 0x1C, 0x0E, 0x0F,
    0x02, 0x05, 0x0C, 0x07, 0x05, 0x07, 0x02, 0x01, 0x05, 0x04, 0x4E, 0x00, 0x00, 0x08, 0x00, 0x54,
    0x00, 0x94, 0x08, 0x54, 0x02, 0xEF, 0x00, 0xAB, 0x00, 0xCF, 0x00, 0xF8, 0x01, 0x25, 0x01, 0xB6,
    0x01, 0xDE, 0x02, 0x09, 0x02, 0x36, 0x00, 0x00, 0x01, 0x27, 0x23, 0x17, 0x16, 0x1F, 0x01, 0x16,
    0x17, 0x06, 0x07, 0x06, 0x07, 0x06, 0x07, 0x06, 0x07, 0x06, 0x07, 0x06, 0x07, 0x06, 0x07, 0x06,
    0x07, 0x06, 0x07, 0x06, 0x27, 0x26, 0x35, 0x26, 0x27, 0x26, 0x2F, 0x01, 0x26, 0x27, 0x26, 0x07,
    0x06, 0x07, 0x06, 0x07, 0x06, 0x15, 0x06, 0x17, 0x16, 0x17, 0x16, 0x17, 0x16, 0x17, 0x16, 0x17,
    0x16, 0x07, 0x06, 0x07, 0x06, 0x07, 0x06, 0x07, 0x06, 0x27, 0x26, 0x27, 0x26, 0x27, 0x26, 0x27,
    0x26, 0x27, 0x26, 0x27, 0x26, 0x27, 0x26, 0x27, 0x26, 0x27, 0x26, 0x35, 0x34, 0x37, 0x36, 0x37,
    0x36, 0x37, 0x36, 0x37, 0x36, 0x37, 0x36, 0x37, 0x36, 0x17, 0x16, 0x17, 0x16, 0x17, 0x16, 0x17,
    0x16, 0x15, 0x06, 0x07, 0x06, 0x07, 0x06, 0x17, 0x15, 0x14, 0x17, 0x16, 0x17, 0x16, 0x17, 0x16,
    0x37, 0x36, 0x37, 0x36, 0x37, 0x36, 0x37, 0x34, 0x37, 0x36, 0x35, 0x37, 0x36, 0x37, 0x36, 0x17,
    0x16, 0x17, 0x16, 0x17, 0x16, 0x17, 0x16, 0x17, 0x16, 0x33, 0x32, 0x17, 0x32, 0x17, 0x16, 0x17,
    0x33, 0x16, 0x33, 0x16, 0x33, 0x32, 0x17, 0x16, 0x17, 0x16, 0x17, 0x16, 0x17, 0x16, 0x17, 0x16,
    0x17, 0x16, 0x17, 0x16, 0x25, 0x39, 0x01, 0x06, 0x07, 0x06, 0x17, 0x16, 0x17, 0x16, 0x17, 0x16,
    0x17, 0x16, 0x17, 0x16, 0x17, 0x16, 0x17, 0x16, 0x37, 0x36, 0x37, 0x34, 0x37, 0x36, 0x27, 0x26,
    0x27, 0x26, 0x27, 0x26, 0x27, 0x26, 0x07, 0x06, 0x13, 0x07, 0x33, 0x37, 0x36, 0x37, 0x36, 0x27,
    0x34, 0x27, 0x26, 0x35, 0x34, 0x27, 0x26, 0x27, 0x26, 0x27, 0x26, 0x27, 0x26, 0x07, 0x06, 0x07,
    0x06, 0x07, 0x06, 0x07, 0x06, 0x07, 0x06, 0x17, 0x16, 0x17, 0x16, 0x17, 0x16, 0x17, 0x16, 0x37,
    0x36, 0x37, 0x31, 0x36, 0x37, 0x36, 0x37, 0x36, 0x37, 0x36, 0x27, 0x26, 0x27, 0x26, 0x27, 0x26,
    0x27, 0x26, 0x27, 0x26, 0x27, 0x26, 0x27, 0x26, 0x07, 0x06, 0x07, 0x06, 0x07, 0x06, 0x07, 0x06,
    0x15, 0x06, 0x1F, 0x01, 0x16, 0x17, 0x16, 0x33, 0x32, 0x37, 0x36, 0x37, 0x36, 0x37, 0x25, 0x31,
    0x16, 0x17, 0x16, 0x17, 0x16, 0x17, 0x06, 0x07, 0x06, 0x07, 0x06, 0x07, 0x06, 0x07, 0x06, 0x07,
    0x06, 0x07, 0x06, 0x07, 0x06, 0x07, 0x06, 0x07, 0x06, 0x0F, 0x01, 0x06, 0x07, 0x06, 0x07, 0x06,
    0x07, 0x06, 0x27, 0x26, 0x35, 0x26, 0x35, 0x26, 0x27, 0x26, 0x27, 0x26, 0x27, 0x26, 0x07, 0x06,
    0x07, 0x06, 0x17, 0x16, 0x17, 0x16, 0x17, 0x16, 0x07, 0x06, 0x07, 0x06, 0x07, 0x06, 0x27, 0x26,
    0x27, 0x26, 0x27, 0x26, 0x27, 0x26, 0x27, 0x26, 0x27, 0x26, 0x27, 0x26, 0x3F, 0x01, 0x36, 0x37,
    0x36, 0x37, 0x36, 0x37, 0x36, 0x37, 0x36, 0x37, 0x36, 0x37, 0x36, 0x17, 0x16, 0x17, 0x16, 0x17,
    0x16, 0x17, 0x16, 0x07, 0x06, 0x07, 0x06, 0x07, 0x06, 0x07, 0x06, 0x07, 0x06, 0x15, 0x14, 0x17,
    0x16, 0x17, 0x16, 0x37, 0x36, 0x37, 0x36, 0x37, 0x36, 0x37, 0x36, 0x37, 0x36, 0x17, 0x16, 0x17,
    0x16, 0x33, 0x16, 0x17, 0x16, 0x17, 0x16, 0x17, 0x16, 0x17, 0x16, 0x17, 0x16, 0x17, 0x16, 0x25,
    0x39, 0x01, 0x06, 0x07, 0x06, 0x17, 0x16, 0x17, 0x16, 0x17, 0x16, 0x17, 0x16, 0x17, 0x16, 0x17,
    0x16, 0x17, 0x16, 0x37, 0x36, 0x37, 0x36, 0x37, 0x36, 0x37, 0x36, 0x37, 0x36, 0x27, 0x26, 0x27,
    0x26, 0x27, 0x26, 0x27, 0x26, 0x07, 0x06, 0x13, 0x07, 0x33, 0x37, 0x36, 0x37, 0x36, 0x27, 0x26,
    0x35, 0x34, 0x27, 0x26, 0x27, 0x26, 0x35, 0x26, 0x27, 0x26, 0x27, 0x26, 0x07, 0x06, 0x07, 0x06,
    0x07, 0x06, 0x07, 0x06, 0x07, 0x06, 0x17, 0x16, 0x17, 0x16, 0x17, 0x16, 0x17, 0x16, 0x17, 0x16,
    0x37, 0x36, 0x37, 0x31, 0x36, 0x37, 0x36, 0x37, 0x36, 0x37, 0x36, 0x27, 0x26, 0x27, 0x26, 0x27,
    0x26, 0x27, 0x26, 0x27, 0x26, 0x27, 0x26, 0x27, 0x26, 0x07, 0x06, 0x07, 0x06, 0x07, 0x06, 0x07,
    0x06, 0x15, 0x06, 0x1F, 0x01, 0x16, 0x17, 0x16, 0x33, 0x32, 0x37, 0x36, 0x37, 0x36, 0x37, 0x03,
    0xE8, 0x0E, 0x01, 0x0F, 0x03, 0x0A, 0x0F, 0x02, 0x18, 0x3A, 0x42, 0x40, 0x44, 0x23, 0x2B, 0x1B,
    0x34, 0x15, 0x28, 0x20, 0x1E, 0x0C, 0x14, 0x12, 0x0C, 0x04, 0x08, 0x08, 0x0A, 0x07, 0x01, 0x02,
    0x02, 0x0D, 0x17, 0x0C, 0x11, 0x10, 0x12, 0x12, 0x11, 0x12, 0x08, 0x07, 0x01, 0x03, 0x01, 0x05,
    0x02, 0x02, 0x02, 0x02, 0x01, 0x07, 0x04, 0x01, 0x02, 0x04, 0x08, 0x05, 0x03, 0x1C, 0x15, 0x12,
    0x12, 0x0A, 0x04, 0x07, 0x07, 0x04, 0x03, 0x05, 0x06, 0x02, 0x06, 0x0A, 0x0C, 0x01, 0x02, 0x02,
    0x02, 0x0B, 0x09, 0x11, 0x0B, 0x18, 0x02, 0x04, 0x04, 0x02, 0x07, 0x07, 0x0A, 0x0E, 0x11, 0x03,
    0x0C, 0x0C, 0x0E, 0x05, 0x05, 0x02, 0x03, 0x0C, 0x07, 0x0A, 0x02, 0x03, 0x05, 0x0E, 0x0F, 0x0F,
    0x1C, 0x19, 0x18, 0x14, 0x0E, 0x06, 0x03, 0x06, 0x02, 0x02, 0x03, 0x01, 0x05, 0x03, 0x05, 0x01,
    0x04, 0x04, 0x01, 0x01, 0x03, 0x03, 0x01, 0x03, 0x07, 0x05, 0x08, 0x04, 0x01, 0x02, 0x03, 0x0C,
    0x07, 0x0E, 0x04, 0x06, 0x07, 0x03, 0x0A, 0x15, 0x15, 0x0B, 0x27, 0x17, 0x36, 0x20, 0x2F, 0x26,
    0x2B, 0x28, 0x29, 0xFC, 0xDD, 0x09, 0x04, 0x09, 0x05, 0x04, 0x08, 0x03, 0x04, 0x05, 0x02, 0x07,
    0x07, 0x03, 0x05, 0x05, 0x02, 0x0A, 0x04, 0x05, 0x01, 0x0A, 0x08, 0x0B, 0x02, 0x05, 0x06, 0x03,
    0x08, 0x0B, 0x0C, 0x07, 0x09, 0x37, 0x04, 0x01, 0x03, 0x05, 0x07, 0x06, 0x01, 0x01, 0x01, 0x01,
    0x01, 0x01, 0x01, 0x02, 0x01, 0x04, 0x05, 0x0B, 0x0B, 0x09, 0x02, 0x05, 0x06, 0x03, 0x07, 0x09,
    0x07, 0x05, 0x05, 0x01, 0x04, 0x08, 0x04, 0x08, 0x0B, 0x07, 0x09, 0x0B, 0x0F, 0x08, 0x0A, 0x0B,
    0x05, 0x01, 0x01, 0x04, 0x0F, 0x0E, 0x05, 0x0A, 0x0B, 0x06, 0x01, 0x19, 0x05, 0x08, 0x08, 0x05,
    0x07, 0x0A, 0x0A, 0x06, 0x06, 0x02, 0x02, 0x01, 0x02, 0x01, 0x01, 0x03, 0x02, 0x07, 0x08, 0x10,
    0x0E, 0x0D, 0x05, 0x09, 0x0A, 0x01, 0x07, 0x7A, 0x01, 0x03, 0x04, 0x02, 0x03, 0x08, 0x17, 0x30,
    0x25, 0x26, 0x21, 0x2C, 0x2E, 0x21, 0x0D, 0x1A, 0x1A, 0x0D, 0x0E, 0x1A, 0x1B, 0x0C, 0x1D, 0x1B,
    0x1B, 0x1D, 0x12, 0x0A, 0x03, 0x01, 0x04, 0x01, 0x07, 0x09, 0x05, 0x06, 0x02, 0x01, 0x05, 0x0A,
    0x0C, 0x0F, 0x0C, 0x1E, 0x25, 0x26, 0x08, 0x04, 0x02, 0x02, 0x06, 0x06, 0x08, 0x08, 0x08, 0x07,
    0x11, 0x0F, 0x13, 0x1A, 0x10, 0x07, 0x09, 0x09, 0x01, 0x09, 0x08, 0x0C, 0x05, 0x12, 0x03, 0x03,
    0x02, 0x02, 0x02, 0x03, 0x04, 0x0B, 0x09, 0x11, 0x0C, 0x07, 0x0C, 0x07, 0x03, 0x07, 0x04, 0x08,
    0x0F, 0x11, 0x11, 0x07, 0x07, 0x0A, 0x02, 0x0B, 0x04, 0x05, 0x06, 0x03, 0x02, 0x02, 0x03, 0x01,
    0x06, 0x02, 0x07, 0x0B, 0x0D, 0x1E, 0x1E, 0x15, 0x1E, 0x10, 0x11, 0x07, 0x04, 0x01, 0x01, 0x07,
    0x08, 0x09, 0x07, 0x09, 0x1D, 0x23, 0x2E, 0x16, 0x21, 0x21, 0x16, 0x2C, 0x1B, 0x1D, 0x24, 0x13,
    0x35, 0x32, 0x3A, 0xFC, 0xBC, 0x05, 0x07, 0x09, 0x04, 0x04, 0x08, 0x03, 0x04, 0x05, 0x02, 0x0A,
    0x05, 0x03, 0x04, 0x04, 0x03, 0x0B, 0x04, 0x04, 0x01, 0x01, 0x01, 0x02, 0x02, 0x02, 0x02, 0x08,
    0x0A, 0x01, 0x06, 0x07, 0x03, 0x08, 0x0B, 0x0B, 0x07, 0x09, 0x36, 0x04, 0x01, 0x03, 0x04, 0x08,
    0x06, 0x01, 0x01, 0x01, 0x01, 0x01, 0x01, 0x01, 0x02, 0x01, 0x04, 0x04, 0x0B, 0x0B, 0x0A, 0x03,
    0x05, 0x05, 0x03, 0x0A, 0x05, 0x08, 0x05, 0x01, 0x02, 0x03, 0x01, 0x03, 0x08, 0x06, 0x07, 0x09,
    0x08, 0x09, 0x0B, 0x08, 0x0F, 0x0B, 0x0A, 0x05, 0x01, 0x02, 0x05, 0x0F, 0x0E, 0x05, 0x0A, 0x0B,
    0x06, 0x01, 0x19, 0x04, 0x08, 0x09, 0x05, 0x07, 0x0A, 0x0B, 0x04, 0x08, 0x01, 0x01, 0x02, 0x02,
    0x01, 0x01, 0x03, 0x02, 0x07, 0x08, 0x10, 0x0E, 0x0D, 0x05, 0x09, 0x0A, 0x01, 0x01, 0xE1, 0x0A,
    0x0A, 0x02, 0x06, 0x09, 0x01, 0x13, 0x21, 0x1C, 0x1B, 0x0F, 0x08, 0x05, 0x03, 0x06, 0x03, 0x04,
    0x05, 0x01, 0x01, 0x02, 0x01, 0x08, 0x03, 0x18, 0x18, 0x12, 0x0A, 0x14, 0x10, 0x10, 0x0E, 0x0F,
    0x17, 0x0A, 0x09, 0x06, 0x01, 0x02, 0x08, 0x08, 0x12, 0x0D, 0x13, 0x10, 0x11, 0x0A, 0x0B, 0x03,
    0x07, 0x07, 0x04, 0x02, 0x0C, 0x07, 0x09, 0x0B, 0x09, 0x0C, 0x05, 0x04, 0x1E, 0x15, 0x10, 0x12,
    0x15, 0x07, 0x0E, 0x0E, 0x07, 0x05, 0x0A, 0x0B, 0x06, 0x0A, 0x16, 0x19, 0x18, 0x12, 0x22, 0x3A,
    0x20, 0x2B, 0x2E, 0x21, 0x23, 0x16, 0x2A, 0x04, 0x07, 0x07, 0x04, 0x0C, 0x07, 0x09, 0x09, 0x0D,
    0x02, 0x09, 0x0E, 0x12, 0x0A, 0x0A, 0x06, 0x0A, 0x06, 0x1A, 0x0D, 0x13, 0x18, 0x13, 0x09, 0x0B,
    0x11, 0x0B, 0x0C, 0x04, 0x07, 0x0A, 0x0A, 0x14, 0x10, 0x11, 0x0C, 0x1A, 0x03, 0x06, 0x06, 0x03,
    0x12, 0x08, 0x02, 0x02, 0x08, 0x03, 0x04, 0x05, 0x02, 0x02, 0x05, 0x06, 0x03, 0x05, 0x02, 0x01,
    0x02, 0x01, 0x01, 0x01, 0x01, 0x01, 0x01, 0x01, 0x01, 0x04, 0x03, 0x06, 0x04, 0x06, 0x0A, 0x0B,
    0x10, 0x11, 0xA4, 0x0F, 0x06, 0x0F, 0x08, 0x07, 0x03, 0x02, 0x02, 0x02, 0x02, 0x03, 0x04, 0x02,
    0x02, 0x02, 0x02, 0x04, 0x04, 0x03, 0x0A, 0x02, 0x27, 0x1D, 0x08, 0x03, 0x04, 0x05, 0x02, 0x06,
    0x02, 0x02, 0x0F, 0x12, 0xFE, 0x2A, 0x03, 0x03, 0x05, 0x04, 0x05, 0x07, 0x03, 0x05, 0x05, 0x02,
    0x02, 0x04, 0x05, 0x03, 0x05, 0x0C, 0x08, 0x09, 0x0C, 0x03, 0x03, 0x06, 0x01, 0x03, 0x04, 0x02,
    0x06, 0x05, 0x05, 0x08, 0x07, 0x05, 0x07, 0x0C, 0x09, 0x0A, 0x0C, 0x01, 0x02, 0xC1, 0x0F, 0x07,
    0x0B, 0x0D, 0x05, 0x03, 0x03, 0x06, 0x12, 0x0D, 0x04, 0x09, 0x09, 0x05, 0x01, 0x16, 0x04, 0x07,
    0x07, 0x04, 0x05, 0x01, 0x01, 0x08, 0x06, 0x0F, 0x0D, 0x0B, 0x14, 0x0B, 0x10, 0x0F, 0x2D, 0x18,
    0x13, 0x14, 0x0B, 0x04, 0x08, 0x09, 0x01, 0x5F, 0x01, 0x03, 0x03, 0x01, 0x03, 0x06, 0x0D, 0x18,
    0x12, 0x0F, 0x0D, 0x0C, 0x0C, 0x04, 0x01, 0x03, 0x04, 0x02, 0x02, 0x03, 0x04, 0x01, 0x05, 0x01,
    0x01, 0x05, 0x03, 0x01, 0x0A, 0x07, 0x07, 0x01, 0x0C, 0x11, 0x18, 0x17, 0x06, 0x0C, 0x07, 0x0A,
    0x09, 0x11, 0x0C, 0x0F, 0x08, 0x14, 0x0A, 0x0A, 0x27, 0x10, 0x14, 0x15, 0x0F, 0x11, 0x0E, 0x0E,
    0x12, 0x12, 0x12, 0x12, 0x0A, 0x0C, 0x1F, 0x0C, 0x11, 0x11, 0x01, 0x11, 0x11, 0x16, 0x0B, 0x24,
    0x2A, 0x1B, 0x36, 0x17, 0x17, 0x2D, 0x21, 0x1E, 0x1B, 0x21, 0x18, 0x0C, 0x18, 0x0B, 0x03, 0x0C,
    0x09, 0x02, 0x03, 0x0E, 0x0F, 0x09, 0x06, 0x0E, 0x03, 0x13, 0x06, 0x0B, 0x0B, 0x07, 0x03, 0x06,
    0x06, 0x03, 0x0C, 0x06, 0x12, 0x1B, 0x19, 0x13, 0x15, 0x08, 0x08, 0x0A, 0x0D, 0x14, 0x15, 0x1E,
    0x12, 0x0B, 0x0F, 0x0D, 0x14, 0x18, 0x18, 0x03, 0x0C, 0x02, 0x01, 0x02, 0x04, 0x03, 0x04, 0x03,
    0x06, 0x08, 0x04, 0x0B, 0x18, 0x1E, 0xB9, 0x08, 0x0D, 0x10, 0x07, 0x07, 0x03, 0x02, 0x02, 0x02,
    0x02, 0x04, 0x03, 0x02, 0x02, 0x02, 0x02, 0x05, 0x05, 0x04, 0x09, 0x03, 0x05, 0x06, 0x09, 0x0A,
    0x08, 0x1D, 0x08, 0x01, 0x05, 0x05, 0x03, 0x06, 0x02, 0x02, 0x0F, 0x12, 0xFE, 0x2A, 0x03, 0x03,
    0x05, 0x04, 0x05, 0x07, 0x02, 0x05, 0x05, 0x03, 0x03, 0x04, 0x05, 0x02, 0x05, 0x0C, 0x08, 0x09,
    0x0C, 0x03, 0x03, 0x06, 0x01, 0x03, 0x04, 0x02, 0x08, 0x03, 0x05, 0x08, 0x02, 0x04, 0x04, 0x02,
    0x07, 0x0C, 0x0B, 0x08, 0x0D, 0x02, 0x02, 0xC1, 0x07, 0x0F, 0x0B, 0x0D, 0x05, 0x03, 0x03, 0x06,
    0x12, 0x0D, 0x04, 0x09, 0x09, 0x05, 0x01, 0x16, 0x04, 0x07, 0x07, 0x04, 0x05, 0x01, 0x01, 0x08,
    0x08, 0x0D, 0x0D, 0x0B, 0x14, 0x0B, 0x10, 0x0F, 0x2D, 0x18, 0x13, 0x14, 0x0B, 0x04, 0x08, 0x09,
    0x01, 0x00, 0x00, 0x00, 0x00, 0x02, 0x00, 0x61, 0x00, 0x27, 0x06, 0x14, 0x03, 0x59, 0x01, 0x02,
    0x01, 0x1F, 0x00, 0x00, 0x01, 0x16, 0x07, 0x06, 0x07, 0x06, 0x07, 0x06, 0x07, 0x06, 0x07, 0x06,
    0x07, 0x06, 0x23, 0x21, 0x22, 0x07, 0x06, 0x07, 0x06, 0x07, 0x06, 0x07, 0x06, 0x07, 0x06, 0x15,
    0x14, 0x07, 0x22, 0x07, 0x06, 0x07, 0x22, 0x07, 0x06, 0x07, 0x06, 0x07, 0x06, 0x23, 0x06, 0x23,
    0x06, 0x07, 0x22, 0x27, 0x26, 0x07, 0x06, 0x07, 0x06, 0x07, 0x06, 0x07, 0x06, 0x07, 0x06, 0x0F,
    0x01, 0x06, 0x17, 0x16, 0x17, 0x22, 0x07, 0x06, 0x07, 0x06, 0x27, 0x22, 0x27, 0x22, 0x27, 0x22,
    0x27, 0x26, 0x27, 0x26, 0x35, 0x26, 0x37, 0x36, 0x37, 0x36, 0x37, 0x36, 0x37, 0x36, 0x37, 0x36,
    0x37, 0x36, 0x37, 0x36, 0x35, 0x34, 0x37, 0x36, 0x27, 0x26, 0x27, 0x26, 0x27, 0x26, 0x27, 0x23,
    0x22, 0x27, 0x23, 0x22, 0x27, 0x26, 0x37, 0x36, 0x37, 0x36, 0x37, 0x36, 0x37, 0x36, 0x37, 0x36,
    0x37, 0x36, 0x27, 0x26, 0x27, 0x26, 0x27, 0x26, 0x27, 0x26, 0x3D, 0x01, 0x26, 0x37, 0x36, 0x37,
    0x32, 0x33, 0x36, 0x37, 0x32, 0x1F, 0x01, 0x16, 0x3B, 0x01, 0x32, 0x37, 0x36, 0x37, 0x36, 0x37,
    0x36, 0x27, 0x26, 0x37, 0x36, 0x17, 0x16, 0x33, 0x32, 0x17, 0x16, 0x17, 0x16, 0x17, 0x16, 0x1F,
    0x01, 0x16, 0x37, 0x36, 0x33, 0x36, 0x37, 0x36, 0x33, 0x32, 0x37, 0x33, 0x32, 0x17, 0x16, 0x3B,
    0x01, 0x16, 0x33, 0x32, 0x17, 0x32, 0x17, 0x32, 0x17, 0x16, 0x33, 0x32, 0x17, 0x16, 0x33, 0x32,
    0x37, 0x36, 0x33, 0x16, 0x3B, 0x01, 0x16, 0x33, 0x32, 0x17, 0x33, 0x32, 0x07, 0x06, 0x17, 0x16,
    0x37, 0x33, 0x36, 0x37, 0x36, 0x37, 0x36, 0x17, 0x16, 0x33, 0x32, 0x37, 0x32, 0x37, 0x36, 0x37,
    0x36, 0x37, 0x36, 0x37, 0x36, 0x17, 0x16, 0x17, 0x16, 0x17, 0x16, 0x17, 0x32, 0x15, 0x06, 0x15,
    0x06, 0x15, 0x14, 0x17, 0x14, 0x17, 0x16, 0x01, 0x36, 0x27, 0x26, 0x35, 0x34, 0x27, 0x26, 0x2B,
    0x01, 0x22, 0x07, 0x06, 0x1D, 0x01, 0x14, 0x17, 0x14, 0x17, 0x16, 0x17, 0x16, 0x17, 0x16, 0x37,
    0x36, 0x3B, 0x01, 0x32, 0x06, 0x14, 0x01, 0x07, 0x08, 0x04, 0x02, 0x09, 0x02, 0x04, 0x05, 0x03,
    0x05, 0x06, 0x05, 0x0C, 0xFD, 0xDF, 0x10, 0x0E, 0x12, 0x08, 0x0D, 0x0B, 0x08, 0x08, 0x09, 0x01,
    0x03, 0x05, 0x02, 0x06, 0x07, 0x04, 0x03, 0x07, 0x07, 0x03, 0x03, 0x08, 0x08, 0x03, 0x14, 0x14,
    0x0D, 0x1C, 0x0F, 0x15, 0x17, 0x0C, 0x18, 0x05, 0x04, 0x06, 0x03, 0x08, 0x08, 0x04, 0x04, 0x02,
    0x06, 0x03, 0x09, 0x07, 0x06, 0x24, 0x26, 0x26, 0x23, 0x34, 0x26, 0x1C, 0x3E, 0x09, 0x05, 0x09,
    0x05, 0x0E, 0x05, 0x05, 0x01, 0x05, 0x05, 0x0A, 0x0B, 0x0F, 0x12, 0x0B, 0x09, 0x02, 0x03, 0x08,
    0x02, 0x04, 0x04, 0x02, 0x01, 0x03, 0x06, 0x0D, 0x0D, 0x1B, 0x0B, 0x18, 0x25, 0x0C, 0x06, 0x14,
    0x0E, 0x05, 0x04, 0x0B, 0x0B, 0x12, 0x18, 0x0B, 0x0F, 0x0D, 0x0A, 0x05, 0x01, 0x04, 0x02, 0x03,
    0x01, 0x06, 0x08, 0x02, 0x06, 0x04, 0x06, 0x02, 0x02, 0x02, 0x09, 0x02, 0x04, 0x04, 0x02, 0x01,
    0x05, 0x06, 0x04, 0x04, 0x1C, 0x07, 0x06, 0x09, 0x10, 0x1A, 0x05, 0x05, 0x04, 0x04, 0x05, 0x04,
    0x12, 0x16, 0x01, 0x05, 0x0A, 0x02, 0x02, 0x03, 0x01, 0x02, 0x01, 0x03, 0x06, 0x0C, 0x07, 0x0C,
    0x10, 0x0C, 0x0C, 0x0E, 0x43, 0x21, 0x63, 0x0B, 0x04, 0x05, 0x0C, 0x2C, 0x07, 0x0F, 0x0F, 0x07,
    0x3F, 0x1F, 0x10, 0x1F, 0x1F, 0x0F, 0x04, 0x08, 0x06, 0x07, 0x04, 0x01, 0x01, 0x05, 0x0B, 0x18,
    0x90, 0x13, 0x24, 0x24, 0x13, 0x1B, 0x07, 0x01, 0x03, 0x04, 0x02, 0x07, 0x08, 0x01, 0x02, 0x02,
    0x02, 0x06, 0x11, 0x14, 0x03, 0x0C, 0x04, 0x05, 0x08, 0x04, 0x06, 0x07, 0x03, 0x09, 0x0B, 0x0C,
    0x04, 0x05, 0x01, 0x01, 0x0B, 0x03, 0x0B, 0x0D, 0x01, 0x01, 0x02, 0x01, 0x01, 0xFD, 0x03, 0x07,
    0x01, 0x01, 0x01, 0x01, 0x1C, 0x43, 0x18, 0x0D, 0x14, 0x01, 0x02, 0x05, 0x04, 0x02, 0x0D, 0x0B,
    0x15, 0x18, 0x07, 0x22, 0x12, 0x02, 0xEE, 0x10, 0x13, 0x13, 0x11, 0x09, 0x1D, 0x07, 0x0D, 0x0D,
    0x06, 0x0B, 0x01, 0x01, 0x0B, 0x0E, 0x06, 0x09, 0x14, 0x0E, 0x15, 0x17, 0x13, 0x17, 0x15, 0x0C,
    0x02, 0x01, 0x02, 0x01, 0x01, 0x01, 0x01, 0x01, 0x01, 0x01, 0x03, 0x01, 0x02, 0x09, 0x08, 0x0A,
    0x11, 0x17, 0x11, 0x21, 0x15, 0x28, 0x21, 0x1D, 0x14, 0x09, 0x1E, 0x0B, 0x12, 0x0E, 0x0E, 0x06,
    0x08, 0x01, 0x03, 0x01, 0x02, 0x01, 0x01, 0x01, 0x13, 0x12, 0x0A, 0x19, 0x23, 0x1F, 0x1C, 0x22,
    0x2A, 0x32, 0x19, 0x15, 0x05, 0x08, 0x10, 0x07, 0x07, 0x07, 0x06, 0x0A, 0x10, 0x0B, 0x0F, 0x1A,
    0x0D, 0x0D, 0x05, 0x02, 0x02, 0x01, 0x05, 0x04, 0x10, 0x0F, 0x08, 0x0A, 0x03, 0x04, 0x05, 0x03,
    0x11, 0x05, 0x0F, 0x0A, 0x08, 0x07, 0x0A, 0x0B, 0x03, 0x0A, 0x07, 0x09, 0x08, 0x0B, 0x08, 0x01,
    0x02, 0x02, 0x01, 0x01, 0x03, 0x04, 0x02, 0x0C, 0x10, 0x0B, 0x10, 0x03, 0x05, 0x0D, 0x0C, 0x05,
    0x04, 0x02, 0x02, 0x0C, 0x03, 0x02, 0x03, 0x02, 0x02, 0x01, 0x03, 0x06, 0x02, 0x01, 0x01, 0x05,
    0x05, 0x01, 0x07, 0x08, 0x01, 0x01, 0x01, 0x01, 0x01, 0x02, 0x03, 0x07, 0x06, 0x01, 0x01, 0x01,
    0x06, 0x06, 0x04, 0x01, 0x01, 0x01, 0x06, 0x06, 0x01, 0x04, 0x02, 0x02, 0x01, 0x05, 0x02, 0x04,
    0x04, 0x02, 0x06, 0x03, 0x03, 0x07, 0x08, 0x09, 0x05, 0x01, 0x01, 0x03, 0x06, 0x03, 0x06, 0x06,
    0x03, 0x07, 0x0E, 0x03, 0x07, 0x07, 0xFE, 0xCA, 0x0D, 0x10, 0x0A, 0x14, 0x1B, 0x11, 0x18, 0x01,
    0x02, 0x1A, 0x4A, 0x08, 0x03, 0x03, 0x08, 0x0C, 0x01, 0x02, 0x05, 0x04, 0x02, 0x02, 0x00, 0x00,
    0x00, 0x04, 0x00, 0x51, 0x00, 0x27, 0x09, 0x8E, 0x03, 0x59, 0x00, 0xCB, 0x01, 0x6F, 0x01, 0x98,
    0x01, 0xBC, 0x00, 0x00, 0x01, 0x15, 0x21, 0x27, 0x26, 0x23, 0x06, 0x23, 0x26, 0x23, 0x22, 0x27,
    0x22, 0x07, 0x06, 0x23, 0x27, 0x34, 0x27, 0x26, 0x23, 0x26, 0x27, 0x26, 0x23, 0x26, 0x07, 0x15,
    0x06, 0x07, 0x06, 0x07, 0x26, 0x27, 0x26, 0x07, 0x06, 0x07, 0x14, 0x07, 0x06, 0x07, 0x14, 0x17,
    0x16, 0x17, 0x16, 0x17, 0x06, 0x07, 0x06, 0x07, 0x06, 0x07, 0x06, 0x07, 0x06, 0x07, 0x06, 0x17,
    0x16, 0x17, 0x16, 0x17, 0x16, 0x07, 0x06, 0x07, 0x06, 0x07, 0x06, 0x07, 0x06, 0x07, 0x06, 0x07,
    0x06, 0x07, 0x06, 0x07, 0x06, 0x07, 0x06, 0x07, 0x06, 0x17, 0x16, 0x07, 0x16, 0x17, 0x16, 0x15,
    0x16, 0x17, 0x16, 0x17, 0x14, 0x17, 0x14, 0x1F, 0x01, 0x16, 0x37, 0x36, 0x33, 0x32, 0x17, 0x16,
    0x37, 0x36, 0x37, 0x36, 0x35, 0x26, 0x27, 0x26, 0x35, 0x34, 0x37, 0x36, 0x3F, 0x01, 0x36, 0x37,
    0x36, 0x37, 0x36, 0x37, 0x36, 0x3F, 0x01, 0x36, 0x17, 0x16, 0x17, 0x16, 0x17, 0x16, 0x37, 0x36,
    0x37, 0x36, 0x37, 0x35, 0x37, 0x26, 0x27, 0x26, 0x37, 0x36, 0x37, 0x36, 0x37, 0x36, 0x33, 0x16,
    0x33, 0x32, 0x17, 0x16, 0x3B, 0x01, 0x16, 0x37, 0x33, 0x16, 0x37, 0x36, 0x3F, 0x01, 0x33, 0x26,
    0x37, 0x36, 0x37, 0x36, 0x37, 0x36, 0x27, 0x26, 0x27, 0x26, 0x27, 0x26, 0x27, 0x26, 0x27, 0x26,
    0x27, 0x22, 0x27, 0x26, 0x23, 0x22, 0x27, 0x26, 0x27, 0x26, 0x07, 0x06, 0x0F, 0x01, 0x06, 0x07,
    0x17, 0x16, 0x07, 0x06, 0x07, 0x22, 0x07, 0x06, 0x07, 0x06, 0x17, 0x14, 0x17, 0x16, 0x17, 0x16,
    0x1F, 0x01, 0x06, 0x07, 0x06, 0x07, 0x06, 0x07, 0x06, 0x07, 0x23, 0x06, 0x07, 0x06, 0x15, 0x06,
    0x17, 0x16, 0x15, 0x17, 0x15, 0x16, 0x17, 0x16, 0x17, 0x14, 0x0F, 0x01, 0x14, 0x17, 0x16, 0x17,
    0x16, 0x17, 0x16, 0x17, 0x16, 0x33, 0x17, 0x33, 0x32, 0x17, 0x16, 0x37, 0x36, 0x27, 0x26, 0x35,
    0x36, 0x37, 0x36, 0x37, 0x36, 0x37, 0x36, 0x37, 0x36, 0x17, 0x16, 0x37, 0x36, 0x37, 0x36, 0x37,
    0x35, 0x37, 0x36, 0x27, 0x26, 0x35, 0x34, 0x37, 0x36, 0x35, 0x36, 0x37, 0x36, 0x37, 0x36, 0x37,
    0x36, 0x17, 0x16, 0x33, 0x16, 0x33, 0x32, 0x17, 0x16, 0x3F, 0x01, 0x33, 0x26, 0x37, 0x36, 0x37,
    0x36, 0x37, 0x36, 0x27, 0x26, 0x27, 0x26, 0x27, 0x26, 0x07, 0x06, 0x07, 0x06, 0x0F, 0x01, 0x15,
    0x21, 0x27, 0x26, 0x07, 0x06, 0x23, 0x34, 0x35, 0x26, 0x27, 0x26, 0x27, 0x26, 0x27, 0x26, 0x23,
    0x26, 0x07, 0x15, 0x22, 0x07, 0x06, 0x07, 0x26, 0x27, 0x26, 0x07, 0x06, 0x07, 0x06, 0x07, 0x14,
    0x17, 0x16, 0x15, 0x14, 0x05, 0x33, 0x16, 0x17, 0x16, 0x17, 0x16, 0x17, 0x14, 0x07, 0x06, 0x07,
    0x06, 0x07, 0x22, 0x27, 0x22, 0x27, 0x26, 0x27, 0x26, 0x2F, 0x01, 0x26, 0x27, 0x34, 0x27, 0x26,
    0x27, 0x26, 0x37, 0x36, 0x37, 0x36, 0x37, 0x36, 0x37, 0x36, 0x37, 0x36, 0x33, 0x05, 0x33, 0x16,
    0x17, 0x16, 0x1F, 0x01, 0x07, 0x06, 0x07, 0x06, 0x07, 0x26, 0x23, 0x22, 0x27, 0x23, 0x26, 0x2F,
    0x02, 0x23, 0x26, 0x37, 0x36, 0x37, 0x36, 0x35, 0x36, 0x37, 0x36, 0x37, 0x33, 0x36, 0x17, 0x16,
    0x04, 0x89, 0xFD, 0xEF, 0x08, 0x0E, 0x10, 0x0B, 0x13, 0x0D, 0x18, 0x19, 0x0C, 0x15, 0x28, 0x2A,
    0x14, 0x04, 0x01, 0x01, 0x05, 0x04, 0x08, 0x08, 0x03, 0x0C, 0x0C, 0x12, 0x0C, 0x14, 0x09, 0x12,
    0x08, 0x12, 0x0A, 0x05, 0x01, 0x01, 0x02, 0x01, 0x03, 0x01, 0x01, 0x01, 0x01, 0x07, 0x0D, 0x0D,
    0x14, 0x0D, 0x05, 0x0B, 0x06, 0x01, 0x03, 0x01, 0x09, 0x0F, 0x22, 0x1C, 0x0B, 0x10, 0x07, 0x07,
    0x0E, 0x0E, 0x03, 0x02, 0x06, 0x06, 0x02, 0x05, 0x0A, 0x0B, 0x02, 0x14, 0x0B, 0x02, 0x03, 0x06,
    0x01, 0x02, 0x03, 0x02, 0x01, 0x01, 0x02, 0x01, 0x12, 0x10, 0x15, 0x0F, 0x01, 0x01, 0x0C, 0x1B,
    0x20, 0x15, 0x29, 0x10, 0x2A, 0x20, 0x17, 0x07, 0x05, 0x03, 0x04, 0x01, 0x03, 0x03, 0x04, 0x03,
    0x12, 0x03, 0x05, 0x06, 0x02, 0x03, 0x06, 0x05, 0x09, 0x17, 0x15, 0x1A, 0x25, 0x0B, 0x13, 0x11,
    0x10, 0x13, 0x1A, 0x23, 0x15, 0x26, 0x0A, 0x02, 0x01, 0x02, 0x17, 0x14, 0x0C, 0x11, 0x16, 0x0D,
    0x10, 0x09, 0x13, 0x23, 0x12, 0x11, 0x23, 0x1E, 0x0E, 0x0F, 0x19, 0x0C, 0x0D, 0x03, 0x01, 0x03,
    0x51, 0x01, 0x03, 0x04, 0x01, 0x02, 0x03, 0x04, 0x03, 0x01, 0x02, 0x02, 0x01, 0x05, 0x01, 0x02,
    0x04, 0x05, 0x05, 0x02, 0x04, 0x04, 0x02, 0x02, 0x04, 0x05, 0x03, 0x06, 0x0A, 0x07, 0x05, 0x09,
    0x05, 0x03, 0xD7, 0x07, 0x0F, 0x13, 0x16, 0x08, 0x09, 0x09, 0x08, 0x08, 0x02, 0x09, 0x15, 0x1C,
    0x1C, 0x0B, 0x0D, 0x06, 0x13, 0x13, 0x0F, 0x15, 0x08, 0x12, 0x07, 0x02, 0x03, 0x06, 0x05, 0x01,
    0x03, 0x02, 0x02, 0x13, 0x11, 0x09, 0x1B, 0x01, 0x03, 0x04, 0x05, 0x08, 0x03, 0x08, 0x01, 0x03,
    0x04, 0x02, 0x02, 0x77, 0x1F, 0x11, 0x18, 0x15, 0x16, 0x08, 0x09, 0x0B, 0x07, 0x05, 0x09, 0x06,
    0x07, 0x06, 0x11, 0x22, 0x33, 0x2E, 0x2B, 0x22, 0x23, 0x1F, 0x22, 0x0A, 0x05, 0x04, 0x04, 0x01,
    0x01, 0x01, 0x0D, 0x08, 0x10, 0x1B, 0x1B, 0x21, 0x1C, 0x13, 0x24, 0x12, 0x24, 0x0D, 0x26, 0x1B,
    0x16, 0x04, 0x55, 0x01, 0x02, 0x01, 0x01, 0x01, 0x01, 0x0C, 0x05, 0x05, 0x04, 0x06, 0x17, 0x16,
    0x17, 0x02, 0x04, 0x03, 0x06, 0x03, 0xFD, 0xF2, 0x09, 0x56, 0x2A, 0x2B, 0x54, 0x01, 0x01, 0x01,
    0x08, 0x04, 0x08, 0x08, 0x04, 0x0C, 0x0C, 0x0F, 0x10, 0x11, 0x0D, 0x0C, 0x0D, 0x0C, 0x0F, 0x05,
    0x02, 0x04, 0x01, 0x02, 0x01, 0xFD, 0x34, 0x35, 0x0C, 0x0A, 0x09, 0x04, 0x08, 0x01, 0x02, 0x05,
    0x18, 0x17, 0x32, 0x14, 0x09, 0x14, 0x09, 0x14, 0x0B, 0x0A, 0x14, 0x0C, 0x04, 0x08, 0x01, 0x02,
    0x01, 0x03, 0x06, 0x01, 0x06, 0x08, 0x03, 0x12, 0x0D, 0x0E, 0x13, 0x0B, 0x18, 0x04, 0x96, 0x64,
    0x0E, 0x08, 0x09, 0x05, 0x09, 0x04, 0x03, 0x18, 0x1A, 0x2E, 0x05, 0x0A, 0x0A, 0x05, 0x1E, 0x14,
    0x0B, 0x1E, 0x14, 0x03, 0x07, 0x02, 0x01, 0x01, 0x01, 0x04, 0x0E, 0x10, 0x09, 0x04, 0x0D, 0x0F,
    0x16, 0x03, 0x2E, 0x03, 0x0D, 0x03, 0x01, 0x01, 0x01, 0x02, 0x02, 0x18, 0x03, 0x01, 0x01, 0x01,
    0x01, 0x02, 0x01, 0x01, 0x1B, 0x02, 0x05, 0x08, 0x04, 0x04, 0x02, 0x02, 0x01, 0x02, 0x03, 0x01,
    0x03, 0x04, 0x02, 0x0D, 0x0E, 0x05, 0x09, 0x09, 0x04, 0x1B, 0x15, 0x16, 0x13, 0x03, 0x01, 0x03,
    0x06, 0x06, 0x0F, 0x0A, 0x0A, 0x03, 0x04, 0x05, 0x13, 0x1C, 0x16, 0x14, 0x1B, 0x1F, 0x07, 0x06,
    0x0D, 0x0D, 0x07, 0x0D, 0x18, 0x18, 0x04, 0x2C, 0x15, 0x18, 0x0C, 0x18, 0x0C, 0x11, 0x0D, 0x15,
    0x0B, 0x01, 0x04, 0x02, 0x03, 0x0B, 0x01, 0x04, 0x01, 0x0D, 0x07, 0x0F, 0x07, 0x0F, 0x0C, 0x02,
    0x01, 0x02, 0x03, 0x0E, 0x07, 0x0E, 0x0C, 0x11, 0x19, 0x0F, 0x13, 0x14, 0x10, 0x0D, 0x12, 0x0A,
    0x39, 0x09, 0x12, 0x13, 0x0A, 0x0B, 0x12, 0x0E, 0x0B, 0x0D, 0x05, 0x05, 0x07, 0x01, 0x01, 0x02,
    0x01, 0x01, 0x01, 0x0C, 0x07, 0x0E, 0x02, 0x0A, 0x22, 0x12, 0x1A, 0x14, 0x12, 0x0A, 0x0D, 0x04,
    0x03, 0x01, 0x01, 0x01, 0x02, 0x02, 0x01, 0x05, 0x03, 0x02, 0x06, 0x17, 0x1E, 0x24, 0x11, 0x10,
    0x0A, 0x0F, 0x08, 0x05, 0x08, 0x09, 0x04, 0x0C, 0x0D, 0x09, 0x01, 0x01, 0x07, 0x02, 0x02, 0x01,
    0x01, 0x01, 0x01, 0x02, 0x01, 0x07, 0x09, 0x05, 0x06, 0x2E, 0x23, 0x1A, 0x1E, 0x13, 0x04, 0x04,
    0x06, 0x08, 0x0D, 0x0D, 0x08, 0x02, 0x04, 0x04, 0x15, 0x25, 0x25, 0x24, 0x25, 0x22, 0x2F, 0x0F,
    0x25, 0x1D, 0x0D, 0x18, 0x16, 0x11, 0x0C, 0x0E, 0x12, 0x09, 0x05, 0x06, 0x0A, 0x01, 0x01, 0x04,
    0x05, 0x03, 0x09, 0x11, 0x09, 0x0B, 0x04, 0x01, 0x02, 0x01, 0x01, 0x01, 0x02, 0x01, 0x01, 0x0A,
    0x1F, 0x2A, 0x29, 0x23, 0x1B, 0x1A, 0x17, 0x1F, 0x14, 0x20, 0x1A, 0x14, 0x19, 0x0D, 0x0D, 0x02,
    0x01, 0x0B, 0x08, 0x0D, 0x04, 0x0B, 0x05, 0x0C, 0x0B, 0x07, 0x09, 0x05, 0x04, 0x08, 0x11, 0x0C,
    0x08, 0x0E, 0x18, 0x04, 0x05, 0x01, 0x01, 0x01, 0x02, 0x01, 0x07, 0x09, 0x14, 0x28, 0x0A, 0x14,
    0x14, 0x0A, 0x0A, 0x1A, 0x14, 0x12, 0x16, 0x0E, 0x0E, 0x14, 0x05, 0x03, 0x03, 0x04, 0x05, 0x01,
    0x0A, 0x02, 0x01, 0x01, 0x03, 0x05, 0x06, 0x03, 0x07, 0x06, 0x01, 0x01, 0x02, 0x01, 0x01, 0x19,
    0x08, 0x08, 0x03, 0x01, 0x04, 0x02, 0x02, 0x02, 0x02, 0x06, 0x05, 0x05, 0x0A, 0x03, 0x05, 0x06,
    0xBC, 0x07, 0x08, 0x09, 0x08, 0x0E, 0x0B, 0x08, 0x12, 0x11, 0x0A, 0x0B, 0x08, 0x01, 0x01, 0x02,
    0x06, 0x04, 0x06, 0x0C, 0x03, 0x08, 0x04, 0x08, 0x08, 0x05, 0x0C, 0x0C, 0x04, 0x08, 0x08, 0x02,
    0x08, 0x03, 0x02, 0x01, 0x01, 0x06, 0x06, 0x07, 0x08, 0x09, 0x20, 0x13, 0x12, 0x0C, 0x0C, 0x06,
    0x01, 0x01, 0x02, 0x06, 0x0C, 0x14, 0x0B, 0x0E, 0x05, 0x08, 0x08, 0x05, 0x0E, 0x07, 0x08, 0x05,
    0x05, 0x01, 0x02, 0x00, 0x00, 0x02, 0x00, 0x59, 0x00, 0x27, 0x04, 0xD4, 0x03, 0x5A, 0x00, 0xBA,
    0x00, 0xD4, 0x00, 0x00, 0x01, 0x16, 0x17, 0x15, 0x06, 0x15, 0x14, 0x15, 0x06, 0x07, 0x14, 0x07,
    0x06, 0x15, 0x06, 0x15, 0x14, 0x07, 0x26, 0x27, 0x26, 0x07, 0x06, 0x07, 0x06, 0x2B, 0x01, 0x22,
    0x27, 0x26, 0x07, 0x06, 0x07, 0x06, 0x07, 0x06, 0x17, 0x14, 0x17, 0x16, 0x17, 0x16, 0x15, 0x14,
    0x07, 0x06, 0x15, 0x14, 0x07, 0x06, 0x07, 0x06, 0x07, 0x06, 0x07, 0x06, 0x27, 0x26, 0x07, 0x06,
    0x23, 0x22, 0x27, 0x26, 0x07, 0x06, 0x07, 0x06, 0x15, 0x14, 0x07, 0x06, 0x07, 0x06, 0x07, 0x06,
    0x07, 0x06, 0x07, 0x06, 0x0F, 0x01, 0x06, 0x07, 0x06, 0x15, 0x06, 0x0F, 0x01, 0x06, 0x17, 0x16,
    0x17, 0x16, 0x17, 0x16, 0x07, 0x06, 0x23, 0x06, 0x07, 0x06, 0x07, 0x06, 0x07, 0x06, 0x27, 0x26,
    0x27, 0x26, 0x35, 0x34, 0x37, 0x36, 0x37, 0x36, 0x37, 0x36, 0x37, 0x36, 0x37, 0x36, 0x37, 0x36,
    0x37, 0x36, 0x37, 0x36, 0x37, 0x36, 0x37, 0x36, 0x37, 0x36, 0x3D, 0x01, 0x34, 0x27, 0x26, 0x27,
    0x26, 0x37, 0x36, 0x37, 0x36, 0x37, 0x36, 0x37, 0x36, 0x37, 0x36, 0x37, 0x36, 0x3F, 0x01, 0x31,
    0x37, 0x36, 0x27, 0x26, 0x37, 0x36, 0x17, 0x16, 0x17, 0x16, 0x17, 0x16, 0x37, 0x21, 0x32, 0x1F,
    0x01, 0x16, 0x37, 0x21, 0x32, 0x37, 0x36, 0x33, 0x32, 0x37, 0x32, 0x17, 0x16, 0x17, 0x16, 0x01,
    0x34, 0x37, 0x36, 0x27, 0x26, 0x27, 0x26, 0x2B, 0x01, 0x22, 0x1D, 0x01, 0x14, 0x07, 0x06, 0x17,
    0x16, 0x37, 0x36, 0x3B, 0x01, 0x32, 0x17, 0x16, 0x35, 0x04, 0xCE, 0x05, 0x01, 0x01, 0x01, 0x01,
    0x05, 0x05, 0x01, 0x03, 0x09, 0x1C, 0x1D, 0x02, 0x05, 0x02, 0x04, 0x10, 0xC9, 0x12, 0x0A, 0x0A,
    0x12, 0x11, 0x11, 0x10, 0x10, 0x09, 0x02, 0x01, 0x01, 0x01, 0x01, 0x01, 0x01, 0x01, 0x02, 0x02,
    0x08, 0x11, 0x13, 0x14, 0x23, 0x27, 0x26, 0x26, 0x07, 0x0F, 0x0F, 0x08, 0x10, 0x0A, 0x0A, 0x0C,
    0x11, 0x02, 0x01, 0x05, 0x04, 0x02, 0x01, 0x04, 0x04, 0x01, 0x06, 0x03, 0x09, 0x01, 0x01, 0x02,
    0x01, 0x04, 0x02, 0x03, 0x02, 0x04, 0x03, 0x03, 0x01, 0x07, 0x16, 0x18, 0x10, 0x34, 0x19, 0x1A,
    0x34, 0x14, 0x16, 0x17, 0x0E, 0x0D, 0x06, 0x07, 0x03, 0x02, 0x06, 0x09, 0x07, 0x06, 0x0E, 0x02,
    0x09, 0x04, 0x07, 0x01, 0x02, 0x03, 0x02, 0x02, 0x02, 0x03, 0x01, 0x06, 0x01, 0x04, 0x12, 0x2B,
    0x15, 0x24, 0x02, 0x02, 0x04, 0x06, 0x03, 0x01, 0x03, 0x04, 0x02, 0x05, 0x0B, 0x07, 0x09, 0x0A,
    0x0A, 0x06, 0x03, 0x02, 0x02, 0x02, 0x06, 0x14, 0x1F, 0x18, 0x18, 0x09, 0x06, 0x02, 0x2E, 0x04,
    0x02, 0x05, 0x02, 0x05, 0x01, 0x26, 0x07, 0x06, 0x06, 0x04, 0x07, 0x03, 0x07, 0x03, 0x0C, 0x06,
    0x07, 0xFE, 0x21, 0x01, 0x01, 0x05, 0x01, 0x04, 0x03, 0x05, 0xCE, 0x13, 0x01, 0x01, 0x08, 0x0A,
    0x17, 0x1E, 0x04, 0x70, 0x13, 0x0F, 0x16, 0x03, 0x30, 0x1A, 0x17, 0x33, 0x07, 0x10, 0x04, 0x07,
    0x08, 0x04, 0x06, 0x02, 0x03, 0x06, 0x04, 0x08, 0x06, 0x06, 0x04, 0x01, 0x02, 0x07, 0x16, 0x05,
    0x10, 0x01, 0x01, 0x02, 0x03, 0x0A, 0x09, 0x0B, 0x04, 0x0A, 0x04, 0x06, 0x06, 0x04, 0x05, 0x0B,
    0x0C, 0x05, 0x04, 0x08, 0x08, 0x04, 0x10, 0x07, 0x16, 0x0A, 0x0B, 0x03, 0x06, 0x05, 0x05, 0x02,
    0x01, 0x01, 0x01, 0x01, 0x03, 0x09, 0x0E, 0x1B, 0x16, 0x1A, 0x08, 0x07, 0x07, 0x09, 0x05, 0x0F,
    0x0F, 0x04, 0x18, 0x0B, 0x24, 0x03, 0x06, 0x06, 0x02, 0x06, 0x0C, 0x08, 0x06, 0x02, 0x04, 0x02,
    0x04, 0x04, 0x18, 0x07, 0x08, 0x02, 0x01, 0x02, 0x02, 0x02, 0x01, 0x03, 0x0F, 0x0C, 0x0D, 0x0B,
    0x11, 0x18, 0x19, 0x13, 0x1C, 0x2C, 0x1E, 0x18, 0x30, 0x07, 0x1E, 0x0F, 0x14, 0x03, 0x08, 0x08,
    0x04, 0x04, 0x08, 0x08, 0x03, 0x0F, 0x02, 0x08, 0x0A, 0x1B, 0x0B, 0x09, 0x15, 0x09, 0x10, 0x2B,
    0x12, 0x10, 0x16, 0x0C, 0x03, 0x12, 0x12, 0x0A, 0x1B, 0x14, 0x0D, 0x07, 0x07, 0x07, 0x05, 0x0A,
    0x04, 0x02, 0x03, 0x01, 0x01, 0x04, 0x03, 0x0F, 0x05, 0x01, 0x01, 0x05, 0x03, 0x02, 0x12, 0x11,
    0x01, 0x01, 0x01, 0x10, 0x11, 0xFE, 0xC5, 0x0E, 0x09, 0x0C, 0x09, 0x04, 0x02, 0x01, 0x14, 0x2D,
    0x0C, 0x0A, 0x0F, 0x05, 0x07, 0x03, 0x02, 0x01, 0x01, 0x13, 0x00, 0x00, 0x00, 0x02, 0x00, 0x52,
    0x00, 0x26, 0x05, 0x73, 0x03, 0x59, 0x00, 0xAE, 0x00, 0xC4, 0x00, 0x00, 0x01, 0x26, 0x27, 0x26,
    0x35, 0x26, 0x27, 0x26, 0x37, 0x34, 0x2B, 0x01, 0x22, 0x35, 0x26, 0x27, 0x26, 0x27, 0x22, 0x07,
    0x22, 0x07, 0x06, 0x23, 0x06, 0x0F, 0x01, 0x06, 0x23, 0x21, 0x06, 0x27, 0x26, 0x27, 0x26, 0x23,
    0x26, 0x07, 0x06, 0x07, 0x06, 0x07, 0x06, 0x07, 0x06, 0x23, 0x06, 0x23, 0x06, 0x07, 0x06, 0x17,
    0x16, 0x1D, 0x01, 0x16, 0x17, 0x16, 0x17, 0x16, 0x17, 0x16, 0x17, 0x16, 0x17, 0x16, 0x17, 0x16,
    0x17, 0x16, 0x07, 0x06, 0x07, 0x06, 0x0F, 0x01, 0x06, 0x07, 0x06, 0x07, 0x06, 0x07, 0x35, 0x06,
    0x07, 0x06, 0x17, 0x16, 0x17, 0x16, 0x33, 0x07, 0x06, 0x07, 0x06, 0x15, 0x21, 0x32, 0x37, 0x36,
    0x37, 0x36, 0x37, 0x36, 0x37, 0x36, 0x37, 0x36, 0x37, 0x36, 0x37, 0x36, 0x37, 0x36, 0x37, 0x36,
    0x3F, 0x01, 0x36, 0x37, 0x36, 0x17, 0x16, 0x17, 0x16, 0x17, 0x16, 0x33, 0x32, 0x17, 0x16, 0x33,
    0x16, 0x37, 0x33, 0x16, 0x37, 0x36, 0x37, 0x32, 0x37, 0x36, 0x35, 0x34, 0x27, 0x26, 0x27, 0x26,
    0x27, 0x26, 0x37, 0x36, 0x37, 0x36, 0x37, 0x32, 0x33, 0x36, 0x37, 0x32, 0x37, 0x32, 0x3F, 0x01,
    0x36, 0x37, 0x36, 0x33, 0x32, 0x37, 0x36, 0x37, 0x36, 0x37, 0x36, 0x05, 0x32, 0x07, 0x14, 0x15,
    0x06, 0x15, 0x06, 0x15, 0x14, 0x07, 0x06, 0x2B, 0x01, 0x22, 0x37, 0x36, 0x35, 0x34, 0x37, 0x36,
    0x33, 0x05, 0x73, 0x01, 0x01, 0x02, 0x01, 0x02, 0x02, 0x02, 0x07, 0x1E, 0x08, 0x03, 0x04, 0x06,
    0x01, 0x01, 0x08, 0x01, 0x03, 0x04, 0x02, 0x06, 0x01, 0x01, 0x01, 0x03, 0xFC, 0x1E, 0x06, 0x02,
    0x01, 0x04, 0x04, 0x0D, 0x0E, 0x04, 0x06, 0x05, 0x06, 0x05, 0x04, 0x0F, 0x03, 0x07, 0x07, 0x04,
    0x0E, 0x04, 0x04, 0x04, 0x03, 0x02, 0x02, 0x03, 0x0A, 0x03, 0x07, 0x07, 0x04, 0x03, 0x07, 0x07,
    0x04, 0x28, 0x02, 0x01, 0x10, 0x05, 0x0A, 0x06, 0x0D, 0x18, 0x10, 0x07, 0x18, 0x13, 0x1B, 0x14,
    0x06, 0x06, 0x07, 0x0E, 0x0E, 0x13, 0x11, 0x17, 0x03, 0x01, 0x01, 0x01, 0x01, 0x10, 0x0E, 0x07,
    0x07, 0x02, 0x01, 0x0C, 0x0C, 0x06, 0x01, 0x06, 0x06, 0x03, 0x05, 0x0A, 0x04, 0x09, 0x0A, 0x05,
    0x0B, 0x17, 0x16, 0x0B, 0x12, 0x0B, 0x07, 0x06, 0x0A, 0x03, 0x08, 0x08, 0x03, 0x03, 0x08, 0x08,
    0x03, 0x16, 0x12, 0x27, 0x28, 0x29, 0x1A, 0x36, 0x02, 0x09, 0x09, 0x03, 0x02, 0x02, 0x03, 0x02,
    0x01, 0x03, 0x02, 0x1B, 0x1B, 0x0C, 0x07, 0x0E, 0x0F, 0x07, 0x1C, 0x0F, 0x19, 0x36, 0x4E, 0x07,
    0x0D, 0x0D, 0x07, 0x06, 0x0D, 0x0E, 0x07, 0x21, 0x05, 0x05, 0xFE, 0x03, 0x12, 0x01, 0x01, 0x01,
    0x07, 0x07, 0x0E, 0xA0, 0x12, 0x02, 0x01, 0x07, 0x06, 0x11, 0x02, 0xC0, 0x09, 0x12, 0x12, 0x08,
    0x11, 0x24, 0x06, 0x0B, 0x0A, 0x02, 0x03, 0x01, 0x03, 0x01, 0x03, 0x01, 0x01, 0x02, 0x04, 0x02,
    0x01, 0x01, 0x03, 0x0D, 0x05, 0x04, 0x01, 0x01, 0x02, 0x09, 0x0A, 0x02, 0x01, 0x02, 0x01, 0x01,
    0x01, 0x08, 0x08, 0x04, 0x06, 0x07, 0x72, 0x0E, 0x08, 0x0D, 0x06, 0x01, 0x04, 0x04, 0x01, 0x02,
    0x03, 0x03, 0x02, 0x16, 0x2E, 0x2E, 0x25, 0x0C, 0x1A, 0x10, 0x15, 0x21, 0x16, 0x0B, 0x25, 0x1F,
    0x29, 0x19, 0x03, 0x18, 0x1B, 0x1B, 0x17, 0x14, 0x03, 0x04, 0x0F, 0x02, 0x06, 0x06, 0x02, 0x0A,
    0x09, 0x0E, 0x12, 0x1D, 0x1E, 0x11, 0x03, 0x0F, 0x0F, 0x08, 0x0D, 0x1C, 0x0B, 0x17, 0x17, 0x0B,
    0x1B, 0x26, 0x21, 0x12, 0x05, 0x02, 0x03, 0x05, 0x01, 0x01, 0x01, 0x01, 0x02, 0x02, 0x03, 0x01,
    0x02, 0x02, 0x01, 0x06, 0x0B, 0x0A, 0x04, 0x08, 0x09, 0x04, 0x0D, 0x0D, 0x1B, 0x11, 0x16, 0x11,
    0x02, 0x02, 0x01, 0x01, 0x01, 0x01, 0x02, 0x03, 0x01, 0x01, 0x01, 0x01, 0x01, 0x01, 0x03, 0x26,
    0x2A, 0x69, 0x22, 0x09, 0x0A, 0x0B, 0x05, 0x05, 0x03, 0x10, 0x06, 0x07, 0x20, 0x15, 0x13, 0x13,
    0x07, 0x08, 0x00, 0x00, 0x00, 0x02, 0x00, 0x58, 0x00, 0x27, 0x04, 0x97, 0x03, 0x59, 0x00, 0xB8,
    0x00, 0xFF, 0x00, 0x00, 0x01, 0x16, 0x15, 0x14, 0x15, 0x06, 0x07, 0x14, 0x07, 0x06, 0x23, 0x06,
    0x23, 0x22, 0x07, 0x23, 0x06, 0x23, 0x06, 0x27, 0x26, 0x07, 0x06, 0x07, 0x06, 0x15, 0x14, 0x1F,
    0x02, 0x31, 0x17, 0x16, 0x15, 0x14, 0x17, 0x16, 0x07, 0x06, 0x07, 0x06, 0x07, 0x06, 0x27, 0x26,
    0x23, 0x26, 0x23, 0x22, 0x23, 0x26, 0x27, 0x23, 0x22, 0x27, 0x22, 0x07, 0x06, 0x07, 0x06, 0x07,
    0x06, 0x07, 0x06, 0x17, 0x16, 0x15, 0x16, 0x15, 0x16, 0x15, 0x14, 0x17, 0x16, 0x15, 0x16, 0x17,
    0x16, 0x17, 0x16, 0x17, 0x16, 0x07, 0x06, 0x27, 0x26, 0x27, 0x26, 0x27, 0x26, 0x27, 0x26, 0x27,
    0x26, 0x27, 0x26, 0x27, 0x26, 0x27, 0x26, 0x27, 0x26, 0x37, 0x36, 0x37, 0x36, 0x37, 0x36, 0x37,
    0x36, 0x37, 0x36, 0x3F, 0x01, 0x36, 0x37, 0x36, 0x37, 0x36, 0x37, 0x36, 0x27, 0x26, 0x27, 0x26,
    0x27, 0x26, 0x27, 0x26, 0x37, 0x34, 0x37, 0x36, 0x37, 0x36, 0x37, 0x36, 0x37, 0x36, 0x37, 0x36,
    0x17, 0x16, 0x37, 0x36, 0x37, 0x36, 0x37, 0x36, 0x17, 0x16, 0x3B, 0x01, 0x32, 0x17, 0x16, 0x17,
    0x16, 0x33, 0x21, 0x32, 0x07, 0x06, 0x3B, 0x01, 0x32, 0x35, 0x26, 0x3B, 0x01, 0x32, 0x37, 0x33,
    0x32, 0x17, 0x16, 0x17, 0x15, 0x14, 0x15, 0x16, 0x17, 0x14, 0x17, 0x16, 0x05, 0x36, 0x27, 0x26,
    0x27, 0x26, 0x27, 0x26, 0x07, 0x23, 0x22, 0x27, 0x22, 0x07, 0x06, 0x17, 0x16, 0x17, 0x16, 0x17,
    0x16, 0x17, 0x16, 0x17, 0x16, 0x17, 0x32, 0x17, 0x16, 0x17, 0x16, 0x17, 0x16, 0x07, 0x06, 0x27,
    0x26, 0x27, 0x26, 0x27, 0x26, 0x27, 0x34, 0x27, 0x26, 0x23, 0x26, 0x07, 0x06, 0x07, 0x06, 0x15,
    0x06, 0x15, 0x14, 0x17, 0x16, 0x37, 0x36, 0x33, 0x16, 0x33, 0x16, 0x33, 0x16, 0x33, 0x16, 0x37,
    0x36, 0x35, 0x34, 0x04, 0x96, 0x01, 0x01, 0x01, 0x02, 0x03, 0x14, 0x0D, 0x1A, 0x1B, 0x0D, 0x3E,
    0x15, 0x2A, 0x0A, 0x16, 0x11, 0x0E, 0x11, 0x0B, 0x0B, 0x02, 0x03, 0x02, 0x02, 0x01, 0x01, 0x02,
    0x0F, 0x10, 0x07, 0x21, 0x2C, 0x28, 0x27, 0x0A, 0x13, 0x14, 0x0A, 0x0A, 0x13, 0x14, 0x0A, 0x0F,
    0x0B, 0x05, 0x06, 0x0D, 0x0D, 0x04, 0x10, 0x07, 0x08, 0x0E, 0x05, 0x01, 0x01, 0x01, 0x01, 0x01,
    0x01, 0x02, 0x0C, 0x04, 0x06, 0x06, 0x01, 0x18, 0x1B, 0x19, 0x09, 0x11, 0x21, 0x21, 0x0E, 0x3C,
    0x25, 0x15, 0x20, 0x09, 0x12, 0x12, 0x09, 0x14, 0x04, 0x0C, 0x01, 0x03, 0x08, 0x06, 0x0B, 0x08,
    0x0C, 0x0A, 0x10, 0x04, 0x07, 0x08, 0x03, 0x15, 0x01, 0x03, 0x04, 0x02, 0x03, 0x04, 0x04, 0x04,
    0x04, 0x15, 0x12, 0x16, 0x16, 0x11, 0x12, 0x01, 0x03, 0x03, 0x0E, 0x02, 0x17, 0x08, 0x07, 0x09,
    0x09, 0x0B, 0x0C, 0x0B, 0x0A, 0x05, 0x01, 0x02, 0x04, 0x03, 0x07, 0x08, 0x01, 0x0B, 0x07, 0x02,
    0x02, 0x01, 0x01, 0x02, 0x01, 0x65, 0x03, 0x01, 0x03, 0x05, 0x99, 0x01, 0x01, 0x01, 0x77, 0x45,
    0x23, 0x7C, 0x0B, 0x0C, 0x09, 0x02, 0x01, 0x01, 0x01, 0x01, 0xFE, 0x9D, 0x02, 0x02, 0x01, 0x09,
    0x01, 0x0D, 0x0C, 0x02, 0x30, 0x21, 0x10, 0x0D, 0x06, 0x05, 0x02, 0x02, 0x0A, 0x02, 0x06, 0x07,
    0x03, 0x05, 0x05, 0x04, 0x07, 0x01, 0x02, 0x02, 0x03, 0x04, 0x04, 0x0C, 0x0E, 0x0D, 0x0A, 0x07,
    0x0E, 0x0D, 0x0E, 0x11, 0x01, 0x02, 0x02, 0x03, 0x10, 0x0F, 0x0E, 0x0D, 0x0C, 0x01, 0x31, 0x33,
    0x16, 0x1E, 0x0D, 0x07, 0x0E, 0x0F, 0x07, 0x05, 0x0F, 0x0A, 0x09, 0x0B, 0x02, 0xDE, 0x0E, 0x1C,
    0x07, 0x0E, 0x0F, 0x07, 0x05, 0x1E, 0x16, 0x01, 0x01, 0x01, 0x01, 0x02, 0x02, 0x05, 0x04, 0x08,
    0x09, 0x13, 0x0B, 0x14, 0x1E, 0x0A, 0x09, 0x04, 0x06, 0x06, 0x04, 0x0D, 0x01, 0x02, 0x01, 0x07,
    0x03, 0x04, 0x01, 0x01, 0x01, 0x01, 0x01, 0x01, 0x2B, 0x2A, 0x0A, 0x2A, 0x15, 0x15, 0x2C, 0x13,
    0x0D, 0x06, 0x0B, 0x0B, 0x06, 0x04, 0x08, 0x08, 0x04, 0x09, 0x11, 0x07, 0x05, 0x03, 0x03, 0x03,
    0x01, 0x0E, 0x05, 0x04, 0x01, 0x04, 0x06, 0x07, 0x03, 0x0B, 0x08, 0x04, 0x07, 0x02, 0x03, 0x04,
    0x01, 0x04, 0x01, 0x01, 0x10, 0x1D, 0x1F, 0x19, 0x22, 0x1B, 0x26, 0x1F, 0x21, 0x08, 0x11, 0x11,
    0x09, 0x33, 0x03, 0x08, 0x09, 0x05, 0x08, 0x12, 0x16, 0x0E, 0x0B, 0x0F, 0x0C, 0x06, 0x04, 0x10,
    0x11, 0x20, 0x21, 0x17, 0x11, 0x16, 0x04, 0x20, 0x0B, 0x09, 0x0A, 0x05, 0x05, 0x03, 0x04, 0x05,
    0x02, 0x07, 0x07, 0x01, 0x01, 0x01, 0x02, 0x02, 0x02, 0x05, 0x07, 0x06, 0x06, 0x06, 0x06, 0x01,
    0x06, 0x07, 0x0B, 0x15, 0x05, 0x0A, 0x0B, 0x05, 0x05, 0x0A, 0x0A, 0xF6, 0x0F, 0x11, 0x0E, 0x10,
    0x01, 0x0C, 0x09, 0x06, 0x01, 0x02, 0x02, 0x13, 0x0E, 0x0C, 0x02, 0x08, 0x09, 0x04, 0x06, 0x03,
    0x04, 0x02, 0x01, 0x01, 0x01, 0x01, 0x01, 0x04, 0x05, 0x04, 0x05, 0x03, 0x08, 0x07, 0x0C, 0x0E,
    0x0C, 0x01, 0x17, 0x14, 0x01, 0x01, 0x01, 0x0F, 0x0E, 0x11, 0x0B, 0x17, 0x26, 0x01, 0x02, 0x03,
    0x02, 0x01, 0x01, 0x01, 0x01, 0x03, 0x06, 0x0C, 0x0E, 0x00, 0x00, 0x00, 0x00, 0x03, 0x00, 0x59,
    0x00, 0x26, 0x04, 0x8D, 0x03, 0x59, 0x00, 0xFE, 0x01, 0x07, 0x01, 0x67, 0x00, 0x00, 0x01, 0x06,
    0x17, 0x15, 0x14, 0x17, 0x16, 0x07, 0x06, 0x27, 0x22, 0x23, 0x26, 0x23, 0x26, 0x2B, 0x01, 0x22,
    0x27, 0x26, 0x07, 0x06, 0x07, 0x06, 0x15, 0x14, 0x17, 0x16, 0x15, 0x14, 0x07, 0x06, 0x17, 0x16,
    0x07, 0x06, 0x15, 0x14, 0x27, 0x23, 0x26, 0x23, 0x21, 0x22, 0x07, 0x06, 0x07, 0x06, 0x07, 0x06,
    0x17, 0x14, 0x07, 0x06, 0x07, 0x06, 0x07, 0x06, 0x07, 0x06, 0x07, 0x06, 0x07, 0x06, 0x07, 0x06,
    0x07, 0x06, 0x07, 0x06, 0x07, 0x06, 0x07, 0x06, 0x17, 0x16, 0x17, 0x16, 0x17, 0x16, 0x15, 0x14,
    0x27, 0x26, 0x23, 0x22, 0x07, 0x06, 0x23, 0x22, 0x27, 0x26, 0x27, 0x26, 0x27, 0x26, 0x27, 0x26,
    0x27, 0x26, 0x27, 0x26, 0x27, 0x26, 0x27, 0x26, 0x27, 0x26, 0x37, 0x36, 0x27, 0x26, 0x07, 0x06,
    0x3D, 0x01, 0x34, 0x37, 0x36, 0x37, 0x34, 0x37, 0x36, 0x3F, 0x01, 0x36, 0x37, 0x34, 0x37, 0x36,
    0x37, 0x36, 0x37, 0x36, 0x3F, 0x01, 0x36, 0x37, 0x36, 0x37, 0x36, 0x3F, 0x01, 0x36, 0x37, 0x36,
    0x35, 0x26, 0x37, 0x36, 0x37, 0x36, 0x37, 0x36, 0x37, 0x36, 0x35, 0x34, 0x37, 0x36, 0x27, 0x26,
    0x37, 0x36, 0x27, 0x26, 0x27, 0x26, 0x27, 0x26, 0x27, 0x26, 0x27, 0x26, 0x35, 0x34, 0x27, 0x26,
    0x23, 0x22, 0x27, 0x26, 0x35, 0x34, 0x37, 0x36, 0x35, 0x34, 0x37, 0x36, 0x37, 0x36, 0x27, 0x26,
    0x37, 0x36, 0x37, 0x36, 0x37, 0x36, 0x37, 0x36, 0x37, 0x36, 0x35, 0x33, 0x32, 0x17, 0x35, 0x33,
    0x16, 0x3B, 0x01, 0x32, 0x07, 0x14, 0x37, 0x32, 0x37, 0x32, 0x1D, 0x01, 0x14, 0x17, 0x16, 0x37,
    0x36, 0x3B, 0x01, 0x32, 0x17, 0x16, 0x37, 0x36, 0x27, 0x26, 0x35, 0x33, 0x16, 0x3B, 0x01, 0x16,
    0x37, 0x33, 0x16, 0x07, 0x06, 0x17, 0x16, 0x37, 0x36, 0x17, 0x16, 0x07, 0x06, 0x01, 0x16, 0x33,
    0x16, 0x33, 0x27, 0x26, 0x23, 0x26, 0x01, 0x36, 0x3D, 0x01, 0x26, 0x3D, 0x01, 0x34, 0x27, 0x26,
    0x27, 0x26, 0x27, 0x26, 0x07, 0x06, 0x27, 0x26, 0x07, 0x06, 0x07, 0x06, 0x1D, 0x01, 0x06, 0x17,
    0x16, 0x17, 0x16, 0x1F, 0x02, 0x14, 0x37, 0x36, 0x17, 0x16, 0x07, 0x06, 0x23, 0x06, 0x27, 0x22,
    0x27, 0x26, 0x27, 0x26, 0x27, 0x26, 0x27, 0x26, 0x37, 0x34, 0x37, 0x36, 0x35, 0x36, 0x37, 0x36,
    0x27, 0x26, 0x07, 0x06, 0x07, 0x06, 0x07, 0x06, 0x15, 0x14, 0x07, 0x06, 0x17, 0x16, 0x17, 0x16,
    0x17, 0x16, 0x15, 0x06, 0x37, 0x36, 0x33, 0x16, 0x3B, 0x01, 0x32, 0x37, 0x36, 0x35, 0x32, 0x33,
    0x16, 0x17, 0x16, 0x37, 0x36, 0x04, 0x8B, 0x02, 0x01, 0x02, 0x01, 0x03, 0x02, 0x21, 0x09, 0x0A,
    0x0A, 0x05, 0x05, 0x03, 0xA7, 0x04, 0x16, 0x12, 0x06, 0x0C, 0x04, 0x06, 0x01, 0x01, 0x01, 0x02,
    0x04, 0x08, 0x02, 0x02, 0x09, 0x0C, 0x10, 0x20, 0xFE, 0xEC, 0x06, 0x04, 0x04, 0x01, 0x01, 0x02,
    0x03, 0x01, 0x03, 0x05, 0x01, 0x01, 0x06, 0x02, 0x03, 0x03, 0x01, 0x03, 0x06, 0x04, 0x06, 0x02,
    0x04, 0x04, 0x02, 0x02, 0x01, 0x02, 0x04, 0x08, 0x05, 0x05, 0x09, 0x03, 0x0C, 0x0B, 0x09, 0x0C,
    0x03, 0x0D, 0x07, 0x0E, 0x06, 0x0A, 0x07, 0x0A, 0x07, 0x1A, 0x19, 0x08, 0x12, 0x12, 0x08, 0x14,
    0x0B, 0x15, 0x09, 0x05, 0x08, 0x0A, 0x04, 0x08, 0x01, 0x01, 0x05, 0x0E, 0x1C, 0x1D, 0x03, 0x01,
    0x02, 0x03, 0x03, 0x06, 0x03, 0x02, 0x02, 0x01, 0x02, 0x01, 0x01, 0x04, 0x03, 0x04, 0x07, 0x06,
    0x05, 0x04, 0x02, 0x04, 0x03, 0x03, 0x03, 0x02, 0x05, 0x01, 0x05, 0x02, 0x02, 0x02, 0x01, 0x02,
    0x07, 0x05, 0x05, 0x04, 0x01, 0x01, 0x04, 0x03, 0x06, 0x0B, 0x12, 0x14, 0x10, 0x0A, 0x06, 0x09,
    0x08, 0x02, 0x03, 0x04, 0x02, 0x02, 0x02, 0x01, 0x02, 0x01, 0x05, 0x07, 0x02, 0x02, 0x01, 0x01,
    0x03, 0x04, 0x03, 0x08, 0x05, 0x09, 0x03, 0x05, 0x0A, 0x0A, 0x11, 0x0B, 0x05, 0x62, 0x21, 0x41,
    0xD3, 0x04, 0x01, 0x06, 0x07, 0x02, 0x06, 0x02, 0x03, 0x04, 0x05, 0x0D, 0x5E, 0x08, 0x08, 0x0B,
    0x03, 0x03, 0x01, 0x02, 0x76, 0x27, 0x4F, 0x2C, 0x0F, 0x1D, 0x1A, 0x12, 0x03, 0x01, 0x01, 0x01,
    0x02, 0x05, 0x04, 0x04, 0x01, 0x02, 0xFC, 0x94, 0x01, 0x03, 0x01, 0x04, 0x01, 0x01, 0x01, 0x03,
    0x02, 0x18, 0x02, 0x01, 0x07, 0x0A, 0x02, 0x0C, 0x09, 0x10, 0x0A, 0x13, 0x19, 0x15, 0x18, 0x05,
    0x04, 0x04, 0x01, 0x0A, 0x0A, 0x06, 0x09, 0x09, 0x06, 0x06, 0x08, 0x08, 0x01, 0x04, 0x02, 0x01,
    0x07, 0x0A, 0x0A, 0x0C, 0x08, 0x0C, 0x09, 0x09, 0x08, 0x0A, 0x06, 0x0A, 0x02, 0x01, 0x01, 0x01,
    0x01, 0x03, 0x0A, 0x08, 0x09, 0x0A, 0x04, 0x04, 0x09, 0x09, 0x06, 0x08, 0x02, 0x01, 0x05, 0x05,
    0x01, 0x01, 0x02, 0x11, 0x2A, 0x16, 0x15, 0x2C, 0x48, 0x0F, 0x03, 0x04, 0x02, 0x04, 0x05, 0x02,
    0x03, 0x01, 0x02, 0x03, 0x25, 0x23, 0x11, 0x35, 0x10, 0x24, 0x18, 0x1C, 0x0C, 0x03, 0x01, 0x01,
    0x02, 0x02, 0x06, 0x0C, 0x07, 0x08, 0x10, 0x0C, 0x06, 0x06, 0x0C, 0x0D, 0x10, 0x19, 0x01, 0x05,
    0x09, 0x0E, 0x04, 0x05, 0x01, 0x01, 0x02, 0x04, 0x05, 0x06, 0x0E, 0x0C, 0x08, 0x0A, 0x0C, 0x0C,
    0x0A, 0x09, 0x10, 0x04, 0x08, 0x09, 0x05, 0x0A, 0x12, 0x09, 0x14, 0x07, 0x08, 0x07, 0x0A, 0x09,
    0x0C, 0x0D, 0x07, 0x0F, 0x1A, 0x1C, 0x0A, 0x04, 0x03, 0x05, 0x03, 0x0A, 0x01, 0x02, 0x01, 0x02,
    0x03, 0x04, 0x02, 0x06, 0x03, 0x01, 0x02, 0x02, 0x01, 0x02, 0x03, 0x05, 0x06, 0x02, 0x02, 0x02,
    0x01, 0x03, 0x07, 0x06, 0x04, 0x07, 0x07, 0x08, 0x19, 0x3F, 0x05, 0x01, 0x01, 0x06, 0x10, 0x14,
    0x12, 0x11, 0x0F, 0x0A, 0x05, 0x01, 0x05, 0x05, 0x03, 0x06, 0x06, 0x05, 0x09, 0x0D, 0x0A, 0x10,
    0x0A, 0x06, 0x0A, 0x04, 0x05, 0x05, 0x05, 0x0D, 0x02, 0x02, 0x09, 0x03, 0x03, 0x04, 0x01, 0x03,
    0x0E, 0x0C, 0x04, 0x04, 0x07, 0x06, 0x07, 0x0A, 0x06, 0x06, 0x08, 0x0F, 0x0F, 0x0F, 0x08, 0x04,
    0x01, 0x01, 0x05, 0x02, 0x02, 0x01, 0x02, 0x03, 0x06, 0x05, 0x0B, 0x05, 0x0A, 0x04, 0x0F, 0x0B,
    0x05, 0x04, 0x04, 0x02, 0x0A, 0x09, 0x0D, 0x0E, 0x06, 0x0E, 0x07, 0x0C, 0x08, 0x0B, 0x09, 0x07,
    0x0D, 0x01, 0x16, 0x01, 0x0A, 0x06, 0x02, 0x01, 0x05, 0x0A, 0x06, 0x03, 0x03, 0x01, 0x01, 0x01,
    0x02, 0x05, 0x07, 0x0C, 0x10, 0x02, 0x01, 0x01, 0x02, 0x01, 0x0F, 0x05, 0x02, 0x02, 0x01, 0x01,
    0x04, 0x03, 0x09, 0x0C, 0xFD, 0x18, 0x01, 0x01, 0x01, 0x01, 0x02, 0x01, 0x8B, 0x0A, 0x06, 0x10,
    0x0B, 0x18, 0x23, 0x03, 0x04, 0x06, 0x02, 0x0C, 0x01, 0x02, 0x01, 0x01, 0x03, 0x03, 0x05, 0x02,
    0x06, 0x07, 0x06, 0x1E, 0x10, 0x0D, 0x0A, 0x04, 0x08, 0x04, 0x02, 0x03, 0x04, 0x02, 0x01, 0x01,
    0x01, 0x0A, 0x09, 0x01, 0x01, 0x04, 0x06, 0x06, 0x06, 0x0B, 0x0E, 0x06, 0x08, 0x0F, 0x02, 0x04,
    0x05, 0x07, 0x07, 0x06, 0x17, 0x03, 0x02, 0x04, 0x04, 0x06, 0x07, 0x06, 0x06, 0x0A, 0x0B, 0x09,
    0x09, 0x0B, 0x0C, 0x09, 0x0A, 0x0B, 0x08, 0x0D, 0x0A, 0x01, 0x02, 0x01, 0x01, 0x01, 0x0E, 0x01,
    0x01, 0x01, 0x02, 0x02, 0x00, 0x02, 0x00, 0x53, 0x00, 0x26, 0x08, 0xFB, 0x03, 0x5A, 0x00, 0x6B,
    0x00, 0x98, 0x00, 0x00, 0x01, 0x17, 0x0F, 0x02, 0x21, 0x27, 0x07, 0x21, 0x07, 0x27, 0x23, 0x35,
    0x23, 0x35, 0x23, 0x15, 0x17, 0x15, 0x0F, 0x01, 0x21, 0x07, 0x06, 0x07, 0x06, 0x0F, 0x04, 0x2F,
    0x02, 0x0F, 0x01, 0x27, 0x03, 0x07, 0x17, 0x25, 0x37, 0x36, 0x37, 0x36, 0x37, 0x36, 0x37, 0x36,
    0x3F, 0x02, 0x36, 0x27, 0x26, 0x27, 0x26, 0x27, 0x26, 0x2F, 0x02, 0x3F, 0x01, 0x2F, 0x01, 0x26,
    0x27, 0x26, 0x35, 0x36, 0x37, 0x36, 0x33, 0x17, 0x37, 0x17, 0x3F, 0x01, 0x35, 0x1F, 0x02, 0x21,
    0x15, 0x33, 0x35, 0x21, 0x35, 0x33, 0x17, 0x15, 0x37, 0x17, 0x15, 0x33, 0x35, 0x33, 0x35, 0x33,
    0x37, 0x17, 0x21, 0x17, 0x37, 0x21, 0x1F, 0x01, 0x01, 0x35, 0x2F, 0x02, 0x0F, 0x02, 0x06, 0x07,
    0x06, 0x15, 0x1F, 0x01, 0x07, 0x27, 0x26, 0x27, 0x26, 0x37, 0x36, 0x37, 0x36, 0x3F, 0x01, 0x07,
    0x06, 0x07, 0x06, 0x07, 0x06, 0x07, 0x06, 0x07, 0x06, 0x17, 0x14, 0x1F, 0x05, 0x3F, 0x01, 0x08,
    0xF9, 0x02, 0x04, 0x09, 0x05, 0xFE, 0x41, 0x06, 0x09, 0xFE, 0xA9, 0x09, 0x0D, 0x91, 0x31, 0x1E,
    0x07, 0x07, 0x03, 0xFE, 0xBA, 0x06, 0x04, 0x02, 0x04, 0x01, 0x3A, 0x0E, 0x17, 0x96, 0x15, 0x25,
    0x16, 0x16, 0x1A, 0x0A, 0x49, 0x03, 0x10, 0xFE, 0xCB, 0x03, 0x06, 0x05, 0x0A, 0x06, 0x0D, 0x0A,
    0x11, 0x0C, 0x14, 0x0A, 0x02, 0x01, 0x02, 0x06, 0x07, 0x06, 0x0A, 0x0E, 0x26, 0x0B, 0x01, 0x03,
    0x35, 0x0A, 0x06, 0x01, 0x02, 0x01, 0x06, 0x04, 0x08, 0x10, 0x07, 0x2B, 0x13, 0x1E, 0x17, 0x5C,
    0x09, 0x01, 0x39, 0xAF, 0x01, 0x2E, 0x48, 0x08, 0x0A, 0x0B, 0x1C, 0x2B, 0x96, 0x0A, 0x0D, 0x01,
    0x57, 0x0A, 0x0A, 0x01, 0xBA, 0x07, 0x08, 0xFA, 0x56, 0x02, 0x10, 0x0A, 0xA4, 0x23, 0x11, 0x05,
    0x03, 0x03, 0x02, 0x06, 0x0A, 0x0B, 0x07, 0x01, 0x03, 0x01, 0x02, 0x05, 0x04, 0x0A, 0x10, 0x17,
    0x0C, 0x0A, 0x0A, 0x05, 0x0A, 0x03, 0x06, 0x02, 0x02, 0x01, 0x04, 0x19, 0x25, 0x2A, 0x1F, 0x47,
    0x3F, 0x1D, 0x03, 0x2D, 0x35, 0x38, 0x1E, 0x0D, 0x04, 0x03, 0x06, 0x05, 0x1A, 0x15, 0x32, 0x06,
    0x18, 0x06, 0x31, 0x03, 0x04, 0x03, 0x06, 0x03, 0x8C, 0x10, 0x05, 0x05, 0x08, 0x0C, 0x03, 0x05,
    0x03, 0x03, 0xFE, 0xCA, 0x23, 0x17, 0x03, 0x47, 0x38, 0x1C, 0x36, 0x1A, 0x30, 0x1C, 0x2E, 0x1A,
    0x29, 0x1A, 0x0B, 0x05, 0x06, 0x05, 0x07, 0x03, 0x04, 0x05, 0x0D, 0x0C, 0x21, 0x15, 0x06, 0x03,
    0x04, 0x04, 0x06, 0x04, 0x06, 0x06, 0x03, 0x02, 0x26, 0x1C, 0x5E, 0x39, 0x19, 0x0D, 0x02, 0x07,
    0x06, 0x05, 0x27, 0x0A, 0x1A, 0x01, 0x0D, 0x17, 0x14, 0x2A, 0x06, 0x06, 0x01, 0x04, 0x09, 0x1E,
    0xFE, 0xEC, 0x09, 0x0E, 0x09, 0x01, 0x01, 0x24, 0x17, 0x09, 0x08, 0x09, 0x0A, 0x1D, 0x0E, 0x07,
    0x18, 0x0F, 0x09, 0x0C, 0x07, 0x10, 0x0C, 0x0B, 0x0E, 0x13, 0x06, 0x04, 0x05, 0x04, 0x07, 0x0C,
    0x06, 0x0C, 0x07, 0x0E, 0x07, 0x0B, 0x08, 0x1D, 0x10, 0x02, 0x02, 0x03, 0x04, 0x41, 0x00, 0x00,
    0x00, 0x02, 0x00, 0x65, 0x00, 0x27, 0x05, 0xF6, 0x03, 0x56, 0x01, 0xA7, 0x01, 0xEE, 0x00, 0x00,
    0x01, 0x06, 0x17, 0x15, 0x23, 0x22, 0x27, 0x21, 0x06, 0x2F, 0x02, 0x34, 0x27, 0x22, 0x27, 0x22,
    0x07, 0x06, 0x17, 0x26, 0x23, 0x06, 0x27, 0x16, 0x07, 0x06, 0x07, 0x06, 0x07, 0x06, 0x07, 0x06,
    0x0F, 0x01, 0x06, 0x23, 0x22, 0x07, 0x06, 0x23, 0x07, 0x15, 0x0F, 0x01, 0x06, 0x07, 0x06, 0x1D,
    0x01, 0x14, 0x07, 0x06, 0x1D, 0x01, 0x14, 0x17, 0x16, 0x15, 0x14, 0x17, 0x16, 0x1F, 0x02, 0x32,
    0x17, 0x16, 0x17, 0x16, 0x33, 0x16, 0x33, 0x16, 0x33, 0x32, 0x37, 0x36, 0x15, 0x14, 0x17, 0x16,
    0x17, 0x16, 0x17, 0x16, 0x17, 0x16, 0x17, 0x16, 0x17, 0x16, 0x17, 0x16, 0x07, 0x06, 0x0F, 0x02,
    0x14, 0x07, 0x06, 0x15, 0x14, 0x0F, 0x02, 0x06, 0x07, 0x06, 0x07, 0x06, 0x07, 0x06, 0x07, 0x06,
    0x07, 0x06, 0x07, 0x06, 0x17, 0x14, 0x07, 0x14, 0x23, 0x07, 0x06, 0x15, 0x06, 0x15, 0x14, 0x07,
    0x06, 0x07, 0x06, 0x07, 0x06, 0x07, 0x06, 0x1D, 0x01, 0x14, 0x17, 0x16, 0x17, 0x16, 0x35, 0x14,
    0x3B, 0x01, 0x32, 0x17, 0x16, 0x33, 0x16, 0x33, 0x32, 0x17, 0x16, 0x33, 0x32, 0x33, 0x16, 0x17,
    0x16, 0x33, 0x16, 0x33, 0x16, 0x33, 0x16, 0x33, 0x16, 0x33, 0x32, 0x17, 0x16, 0x37, 0x36, 0x3D,
    0x01, 0x27, 0x34, 0x27, 0x26, 0x23, 0x22, 0x35, 0x34, 0x35, 0x36, 0x37, 0x36, 0x37, 0x36, 0x35,
    0x34, 0x37, 0x36, 0x3F, 0x01, 0x36, 0x37, 0x36, 0x37, 0x36, 0x35, 0x36, 0x3F, 0x01, 0x36, 0x37,
    0x34, 0x3F, 0x01, 0x36, 0x37, 0x36, 0x37, 0x36, 0x35, 0x34, 0x3F, 0x01, 0x32, 0x37, 0x36, 0x33,
    0x16, 0x33, 0x32, 0x17, 0x34, 0x27, 0x26, 0x3B, 0x01, 0x15, 0x14, 0x17, 0x16, 0x15, 0x14, 0x17,
    0x32, 0x33, 0x16, 0x33, 0x16, 0x33, 0x32, 0x37, 0x36, 0x37, 0x15, 0x14, 0x07, 0x06, 0x17, 0x16,
    0x3B, 0x01, 0x16, 0x37, 0x36, 0x27, 0x26, 0x3D, 0x01, 0x34, 0x27, 0x26, 0x37, 0x36, 0x37, 0x36,
    0x37, 0x36, 0x37, 0x36, 0x37, 0x36, 0x37, 0x36, 0x27, 0x26, 0x23, 0x22, 0x3D, 0x01, 0x34, 0x3F,
    0x01, 0x36, 0x37, 0x36, 0x3B, 0x01, 0x32, 0x3D, 0x01, 0x34, 0x37, 0x33, 0x32, 0x37, 0x33, 0x16,
    0x33, 0x16, 0x37, 0x32, 0x17, 0x16, 0x33, 0x16, 0x33, 0x16, 0x37, 0x36, 0x35, 0x37, 0x36, 0x37,
    0x36, 0x37, 0x36, 0x37, 0x32, 0x37, 0x36, 0x3D, 0x01, 0x36, 0x35, 0x36, 0x35, 0x37, 0x36, 0x17,
    0x16, 0x3B, 0x01, 0x16, 0x37, 0x36, 0x3D, 0x01, 0x34, 0x37, 0x34, 0x27, 0x35, 0x14, 0x27, 0x26,
    0x27, 0x26, 0x07, 0x06, 0x23, 0x32, 0x27, 0x26, 0x15, 0x35, 0x34, 0x27, 0x26, 0x23, 0x26, 0x37,
    0x36, 0x27, 0x26, 0x23, 0x06, 0x27, 0x26, 0x35, 0x14, 0x2F, 0x01, 0x26, 0x37, 0x35, 0x34, 0x27,
    0x26, 0x35, 0x34, 0x2F, 0x01, 0x26, 0x23, 0x06, 0x23, 0x22, 0x07, 0x06, 0x0F, 0x01, 0x14, 0x17,
    0x14, 0x07, 0x06, 0x33, 0x07, 0x21, 0x22, 0x37, 0x35, 0x34, 0x2F, 0x02, 0x26, 0x27, 0x26, 0x27,
    0x26, 0x07, 0x06, 0x03, 0x14, 0x17, 0x16, 0x17, 0x16, 0x15, 0x06, 0x15, 0x07, 0x06, 0x07, 0x06,
    0x23, 0x07, 0x06, 0x17, 0x22, 0x27, 0x23, 0x22, 0x27, 0x26, 0x35, 0x34, 0x37, 0x36, 0x35, 0x34,
    0x37, 0x36, 0x37, 0x36, 0x37, 0x36, 0x37, 0x15, 0x16, 0x17, 0x16, 0x17, 0x16, 0x15, 0x14, 0x17,
    0x16, 0x17, 0x16, 0x17, 0x16, 0x17, 0x16, 0x37, 0x36, 0x27, 0x26, 0x27, 0x26, 0x27, 0x26, 0x27,
    0x26, 0x27, 0x33, 0x32, 0x37, 0x32, 0x17, 0x16, 0x17, 0x16, 0x02, 0xFD, 0x02, 0x01, 0x01, 0x3F,
    0x1F, 0xFE, 0x83, 0x0B, 0x03, 0x02, 0x02, 0x08, 0x0B, 0x03, 0x0B, 0x04, 0x07, 0x02, 0x01, 0x03,
    0x03, 0x02, 0x02, 0x0D, 0x11, 0x04, 0x04, 0x08, 0x02, 0x04, 0x04, 0x02, 0x03, 0x04, 0x01, 0x01,
    0x04, 0x04, 0x02, 0x02, 0x08, 0x03, 0x01, 0x05, 0x04, 0x01, 0x01, 0x01, 0x01, 0x04, 0x04, 0x02,
    0x02, 0x0A, 0x02, 0x06, 0x03, 0x06, 0x02, 0x05, 0x05, 0x02, 0x05, 0x0B, 0x0B, 0x09, 0x0C, 0x02,
    0x02, 0x04, 0x03, 0x04, 0x01, 0x01, 0x01, 0x01, 0x02, 0x04, 0x02, 0x02, 0x01, 0x03, 0x04, 0x01,
    0x04, 0x02, 0x08, 0x08, 0x04, 0x04, 0x01, 0x04, 0x01, 0x04, 0x01, 0x07, 0x0B, 0x0A, 0x08, 0x05,
    0x0A, 0x0A, 0x0A, 0x03, 0x01, 0x02, 0x01, 0x03, 0x01, 0x01, 0x01, 0x01, 0x04, 0x04, 0x01, 0x02,
    0x04, 0x04, 0x02, 0x01, 0x09, 0x08, 0x0B, 0x12, 0x02, 0x04, 0x04, 0x02, 0x06, 0x04, 0x0D, 0x16,
    0x10, 0x10, 0x07, 0x0D, 0x0E, 0x07, 0x07, 0x0D, 0x0D, 0x07, 0x02, 0x05, 0x06, 0x03, 0x06, 0x0C,
    0x02, 0x0A, 0x08, 0x07, 0x09, 0x02, 0x04, 0x03, 0x01, 0x01, 0x01, 0x01, 0x01, 0x01, 0x01, 0x01,
    0x01, 0x01, 0x04, 0x01, 0x02, 0x01, 0x01, 0x02, 0x02, 0x04, 0x08, 0x02, 0x01, 0x02, 0x06, 0x01,
    0x05, 0x01, 0x04, 0x02, 0x04, 0x04, 0x02, 0x04, 0x03, 0x05, 0x0D, 0x1C, 0x1B, 0x0D, 0x01, 0x02,
    0x0A, 0x87, 0x02, 0x01, 0x13, 0x05, 0x05, 0x06, 0x03, 0x03, 0x01, 0x09, 0x03, 0x01, 0x06, 0x01,
    0x02, 0x03, 0x03, 0x03, 0xB1, 0x09, 0x01, 0x02, 0x01, 0x01, 0x01, 0x01, 0x02, 0x02, 0x03, 0x03,
    0x07, 0x09, 0x02, 0x02, 0x01, 0x02, 0x01, 0x02, 0x05, 0x01, 0x07, 0x06, 0x07, 0x0A, 0x0A, 0x07,
    0x07, 0x0C, 0x20, 0x17, 0x03, 0x0E, 0x03, 0x02, 0x63, 0x1F, 0x3F, 0x26, 0x26, 0x33, 0x19, 0x02,
    0x04, 0x04, 0x02, 0x04, 0x01, 0x02, 0x03, 0x02, 0x03, 0x01, 0x02, 0x01, 0x02, 0x01, 0x05, 0x03,
    0x01, 0x01, 0x01, 0x05, 0x0C, 0x10, 0x03, 0x0C, 0x02, 0x01, 0x01, 0x01, 0x01, 0x04, 0x02, 0x01,
    0x08, 0x0A, 0x0E, 0x06, 0x05, 0x07, 0x05, 0x01, 0x02, 0x01, 0x04, 0x02, 0x02, 0x02, 0x02, 0x05,
    0x03, 0x01, 0x02, 0x04, 0x04, 0x02, 0x01, 0x04, 0x04, 0x03, 0x05, 0x08, 0x08, 0x06, 0x0C, 0x03,
    0x06, 0x01, 0x08, 0x05, 0x01, 0x01, 0x02, 0x02, 0x04, 0xFE, 0x00, 0x02, 0x02, 0x01, 0x01, 0x04,
    0x03, 0x08, 0x08, 0x04, 0x11, 0x0E, 0x09, 0x5B, 0x02, 0x02, 0x01, 0x01, 0x01, 0x02, 0x01, 0x01,
    0x04, 0x01, 0x04, 0x02, 0x01, 0x10, 0x13, 0x3C, 0x27, 0x11, 0x19, 0x05, 0x04, 0x04, 0x03, 0x03,
    0x08, 0x01, 0x02, 0x0C, 0x01, 0x02, 0x03, 0x01, 0x04, 0x07, 0x07, 0x02, 0x0C, 0x09, 0x0B, 0x0D,
    0x08, 0x08, 0x08, 0x01, 0x01, 0x09, 0x0A, 0x02, 0x0B, 0x06, 0x0B, 0x01, 0x30, 0x0B, 0x07, 0x08,
    0x08, 0x08, 0x03, 0x02, 0x03, 0x44, 0x07, 0x07, 0x10, 0x01, 0x02, 0x05, 0x09, 0x0A, 0x04, 0x02,
    0x01, 0x04, 0x05, 0x0B, 0x01, 0x02, 0x02, 0x09, 0x07, 0x09, 0x02, 0x03, 0x04, 0x02, 0x02, 0x02,
    0x02, 0x03, 0x04, 0x03, 0x03, 0x04, 0x02, 0x04, 0x03, 0x01, 0x02, 0x01, 0x05, 0x09, 0x0A, 0x07,
    0x07, 0x0E, 0x3C, 0x0B, 0x07, 0x07, 0x0A, 0x04, 0x04, 0x06, 0x01, 0x03, 0x0A, 0x07, 0x05, 0x02,
    0x01, 0x01, 0x01, 0x01, 0x02, 0x09, 0x06, 0x06, 0x05, 0x04, 0x03, 0x06, 0x01, 0x03, 0x03, 0x02,
    0x04, 0x04, 0x03, 0x06, 0x07, 0x03, 0x04, 0x05, 0x0A, 0x07, 0x0A, 0x06, 0x08, 0x08, 0x02, 0x05,
    0x08, 0x01, 0x04, 0x02, 0x04, 0x03, 0x0E, 0x0D, 0x0E, 0x12, 0x0A, 0x16, 0x12, 0x0A, 0x03, 0x04,
    0x03, 0x06, 0x01, 0x06, 0x01, 0x02, 0x01, 0x01, 0x01, 0x01, 0x05, 0x0A, 0x0B, 0x03, 0x0B, 0x12,
    0x0C, 0x14, 0x09, 0x03, 0x06, 0x03, 0x04, 0x05, 0x02, 0x09, 0x01, 0x01, 0x02, 0x02, 0x03, 0x01,
    0x01, 0x01, 0x01, 0x01, 0x01, 0x01, 0x03, 0x03, 0x02, 0x04, 0x0D, 0x16, 0x08, 0x02, 0x07, 0x06,
    0x01, 0x01, 0x02, 0x02, 0x03, 0x01, 0x04, 0x04, 0x01, 0x02, 0x03, 0x04, 0x01, 0x06, 0x03, 0x04,
    0x03, 0x05, 0x05, 0x02, 0x07, 0x07, 0x10, 0x06, 0x02, 0x02, 0x06, 0x0F, 0x08, 0x07, 0x05, 0x03,
    0x04, 0x05, 0x03, 0x05, 0x06, 0x10, 0x10, 0x01, 0x01, 0x0B, 0x07, 0x09, 0x19, 0x06, 0x12, 0x09,
    0x0C, 0x05, 0x01, 0x01, 0x01, 0x07, 0x05, 0x04, 0xE5, 0x0D, 0x0A, 0x11, 0x06, 0x05, 0x01, 0x01,
    0x02, 0x09, 0x05, 0x06, 0xBC, 0x13, 0x0B, 0x0C, 0x12, 0x08, 0x05, 0x04, 0x03, 0x05, 0x05, 0x05,
    0x09, 0x08, 0x0B, 0x0C, 0x08, 0x03, 0x01, 0x4A, 0x08, 0x06, 0x0A, 0x0A, 0x0E, 0x0F, 0x09, 0x3C,
    0x0A, 0x01, 0x01, 0x01, 0x02, 0x02, 0x01, 0x01, 0x01, 0x01, 0x01, 0x02, 0x05, 0x04, 0x03, 0x03,
    0x01, 0x06, 0x03, 0x02, 0x06, 0x06, 0x03, 0x01, 0x01, 0x02, 0x02, 0x02, 0x08, 0x05, 0x02, 0x02,
    0x01, 0x02, 0x02, 0x04, 0x0E, 0x0A, 0x05, 0x0A, 0x05, 0x09, 0x02, 0x04, 0x01, 0x01, 0x03, 0x01,
    0x02, 0x05, 0x02, 0x01, 0x08, 0x04, 0x04, 0x05, 0x01, 0x09, 0x08, 0x03, 0x05, 0x01, 0x02, 0x02,
    0x04, 0x01, 0x04, 0x03, 0x02, 0x02, 0x04, 0x05, 0x01, 0x01, 0x02, 0x02, 0x04, 0x05, 0x05, 0x01,
    0x07, 0x01, 0x09, 0x05, 0x02, 0x01, 0x03, 0x01, 0x03, 0x01, 0x09, 0x0B, 0x08, 0x02, 0x02, 0x04,
    0x03, 0x06, 0x03, 0x04, 0x0B, 0x09, 0x06, 0xFE, 0x95, 0x03, 0x04, 0x04, 0x03, 0x03, 0x03, 0x02,
    0x05, 0x03, 0x02, 0x01, 0x07, 0x06, 0x04, 0x04, 0x01, 0x01, 0x01, 0x02, 0x04, 0x07, 0x05, 0x06,
    0x05, 0x08, 0x08, 0x03, 0x08, 0x0D, 0x0E, 0x01, 0x05, 0x01, 0x04, 0x04, 0x02, 0x08, 0x04, 0x04,
    0x04, 0x06, 0x03, 0x0C, 0x04, 0x05, 0x04, 0x03, 0x05, 0x05, 0x08, 0x04, 0x04, 0x05, 0x02, 0x0B,
    0x07, 0x0B, 0x0B, 0x01, 0x02, 0x05, 0x09, 0x0B, 0x00, 0x03, 0x00, 0x5D, 0x00, 0x27, 0x05, 0x2D,
    0x03, 0x5A, 0x01, 0x29, 0x01, 0x41, 0x01, 0x81, 0x00, 0x00, 0x01, 0x26, 0x2B, 0x01, 0x26, 0x27,
    0x26, 0x35, 0x26, 0x27, 0x22, 0x27, 0x22, 0x07, 0x14, 0x07, 0x06, 0x07, 0x06, 0x07, 0x22, 0x27,
    0x22, 0x07, 0x06, 0x07, 0x06, 0x07, 0x26, 0x27, 0x26, 0x07, 0x22, 0x07, 0x06, 0x07, 0x06, 0x07,
    0x06, 0x23, 0x06, 0x07, 0x06, 0x17, 0x06, 0x17, 0x16, 0x17, 0x16, 0x17, 0x16, 0x07, 0x06, 0x15,
    0x06, 0x07, 0x06, 0x07, 0x06, 0x07, 0x16, 0x07, 0x06, 0x17, 0x16, 0x37, 0x36, 0x17, 0x16, 0x17,
    0x16, 0x07, 0x06, 0x07, 0x06, 0x07, 0x06, 0x07, 0x06, 0x07, 0x06, 0x07, 0x06, 0x07, 0x06, 0x07,
    0x06, 0x07, 0x06, 0x07, 0x06, 0x07, 0x06, 0x17, 0x16, 0x17, 0x16, 0x17, 0x15, 0x32, 0x17, 0x16,
    0x33, 0x16, 0x33, 0x32, 0x37, 0x32, 0x37, 0x16, 0x37, 0x36, 0x33, 0x32, 0x37, 0x36, 0x37, 0x36,
    0x37, 0x26, 0x27, 0x26, 0x27, 0x26, 0x27, 0x26, 0x35, 0x26, 0x37, 0x36, 0x37, 0x36, 0x37, 0x36,
    0x37, 0x36, 0x37, 0x36, 0x37, 0x36, 0x37, 0x36, 0x37, 0x36, 0x17, 0x16, 0x17, 0x16, 0x17, 0x16,
    0x37, 0x36, 0x37, 0x36, 0x37, 0x36, 0x37, 0x36, 0x37, 0x36, 0x35, 0x26, 0x35, 0x34, 0x27, 0x26,
    0x37, 0x36, 0x37, 0x36, 0x37, 0x16, 0x17, 0x16, 0x17, 0x16, 0x17, 0x16, 0x17, 0x16, 0x17, 0x16,
    0x17, 0x16, 0x17, 0x16, 0x17, 0x16, 0x17, 0x16, 0x17, 0x16, 0x37, 0x33, 0x16, 0x37, 0x36, 0x33,
    0x16, 0x37, 0x36, 0x37, 0x36, 0x33, 0x36, 0x33, 0x36, 0x37, 0x36, 0x35, 0x36, 0x3D, 0x01, 0x36,
    0x37, 0x36, 0x37, 0x26, 0x27, 0x26, 0x2F, 0x01, 0x26, 0x27, 0x26, 0x27, 0x26, 0x27, 0x26, 0x27,
    0x32, 0x37, 0x33, 0x36, 0x37, 0x36, 0x37, 0x36, 0x27, 0x26, 0x27, 0x26, 0x27, 0x26, 0x07, 0x36,
    0x33, 0x16, 0x37, 0x32, 0x37, 0x36, 0x37, 0x36, 0x27, 0x26, 0x37, 0x16, 0x3B, 0x01, 0x36, 0x35,
    0x34, 0x27, 0x22, 0x27, 0x26, 0x2B, 0x01, 0x26, 0x27, 0x26, 0x27, 0x26, 0x27, 0x26, 0x27, 0x26,
    0x27, 0x22, 0x27, 0x26, 0x23, 0x22, 0x27, 0x06, 0x07, 0x06, 0x07, 0x06, 0x15, 0x23, 0x22, 0x27,
    0x23, 0x07, 0x23, 0x22, 0x05, 0x17, 0x16, 0x07, 0x16, 0x07, 0x06, 0x07, 0x26, 0x27, 0x26, 0x27,
    0x36, 0x3F, 0x01, 0x36, 0x35, 0x36, 0x33, 0x32, 0x31, 0x36, 0x33, 0x36, 0x05, 0x16, 0x17, 0x16,
    0x17, 0x16, 0x17, 0x16, 0x07, 0x06, 0x07, 0x06, 0x07, 0x06, 0x07, 0x06, 0x27, 0x26, 0x27, 0x26,
    0x27, 0x26, 0x37, 0x36, 0x37, 0x36, 0x37, 0x36, 0x33, 0x15, 0x06, 0x15, 0x16, 0x17, 0x16, 0x07,
    0x16, 0x07, 0x06, 0x17, 0x16, 0x17, 0x16, 0x33, 0x34, 0x27, 0x26, 0x27, 0x26, 0x23, 0x26, 0x27,
    0x26, 0x37, 0x36, 0x37, 0x36, 0x37, 0x34, 0x37, 0x35, 0x36, 0x37, 0x36, 0x02, 0x4B, 0x2C, 0x58,
    0x84, 0x01, 0x01, 0x02, 0x04, 0x02, 0x08, 0x04, 0x08, 0x04, 0x01, 0x02, 0x01, 0x01, 0x04, 0x0F,
    0x08, 0x10, 0x08, 0x03, 0x08, 0x0A, 0x01, 0x04, 0x08, 0x08, 0x05, 0x02, 0x02, 0x03, 0x01, 0x02,
    0x02, 0x02, 0x02, 0x05, 0x03, 0x05, 0x02, 0x01, 0x06, 0x03, 0x08, 0x0A, 0x03, 0x04, 0x02, 0x01,
    0x02, 0x05, 0x0E, 0x16, 0x16, 0x13, 0x01, 0x01, 0x01, 0x08, 0x12, 0x17, 0x15, 0x12, 0x14, 0x04,
    0x05, 0x06, 0x09, 0x0D, 0x12, 0x07, 0x02, 0x04, 0x04, 0x02, 0x08, 0x03, 0x03, 0x07, 0x07, 0x04,
    0x03, 0x07, 0x07, 0x04, 0x07, 0x03, 0x03, 0x03, 0x06, 0x12, 0x12, 0x10, 0x02, 0x03, 0x03, 0x01,
    0x04, 0x06, 0x3F, 0x1F, 0x3E, 0x1F, 0x03, 0x03, 0x01, 0x01, 0x01, 0x01, 0x0C, 0x05, 0x05, 0x08,
    0x03, 0x08, 0x02, 0x06, 0x06, 0x03, 0x01, 0x01, 0x02, 0x04, 0x08, 0x03, 0x04, 0x05, 0x02, 0x07,
    0x0B, 0x08, 0x09, 0x04, 0x0A, 0x09, 0x0F, 0x10, 0x10, 0x16, 0x0A, 0x0E, 0x17, 0x0F, 0x16, 0x18,
    0x16, 0x16, 0x17, 0x05, 0x15, 0x0D, 0x0B, 0x01, 0x01, 0x02, 0x01, 0x01, 0x03, 0x05, 0x05, 0x07,
    0x04, 0x0A, 0x0A, 0x04, 0x09, 0x12, 0x14, 0x0B, 0x05, 0x0A, 0x0A, 0x05, 0x14, 0x0A, 0x14, 0x0A,
    0x01, 0x04, 0x03, 0x06, 0x10, 0x10, 0x20, 0x07, 0x07, 0x07, 0x08, 0x05, 0x05, 0x03, 0x05, 0x02,
    0x04, 0x05, 0x02, 0x07, 0x05, 0x01, 0x01, 0x04, 0x02, 0x02, 0x04, 0x04, 0x08, 0x0A, 0x04, 0x21,
    0x06, 0x0B, 0x0C, 0x05, 0x0B, 0x16, 0x0B, 0x18, 0x0F, 0x07, 0x16, 0x07, 0x07, 0x05, 0x08, 0x01,
    0x01, 0x04, 0x02, 0x0B, 0x0B, 0x0C, 0x0B, 0x34, 0x1B, 0x27, 0x27, 0x04, 0x08, 0x07, 0x01, 0x05,
    0x02, 0x02, 0x04, 0x1D, 0x39, 0x56, 0x07, 0x07, 0x0E, 0x1C, 0x1C, 0x0E, 0x55, 0x03, 0x02, 0x02,
    0x04, 0x07, 0x02, 0x01, 0x03, 0x03, 0x01, 0x03, 0x06, 0x06, 0x03, 0x0D, 0x06, 0x03, 0x02, 0x01,
    0x01, 0x01, 0xF6, 0x37, 0x1B, 0x1A, 0x1B, 0x36, 0x1B, 0xFE, 0x57, 0x08, 0x05, 0x02, 0x01, 0x03,
    0x03, 0x04, 0x06, 0x03, 0x06, 0x01, 0x01, 0x02, 0x01, 0x01, 0x01, 0x01, 0x01, 0x01, 0x01, 0x01,
    0x01, 0xE7, 0x0B, 0x0D, 0x0B, 0x08, 0x07, 0x02, 0x01, 0x01, 0x05, 0x0A, 0x0D, 0x0F, 0x1E, 0x21,
    0x23, 0x1E, 0x13, 0x0F, 0x0E, 0x02, 0x02, 0x08, 0x06, 0x0A, 0x06, 0x0E, 0x0A, 0x0E, 0x01, 0x02,
    0x03, 0x03, 0x01, 0x02, 0x05, 0x05, 0x0B, 0x0A, 0x0B, 0x0A, 0x11, 0x07, 0x03, 0x04, 0x05, 0x01,
    0x0B, 0x04, 0x04, 0x03, 0x01, 0x08, 0x04, 0x06, 0x01, 0x10, 0x0F, 0x0C, 0x03, 0x41, 0x01, 0x02,
    0x04, 0x04, 0x02, 0x08, 0x03, 0x01, 0x01, 0x01, 0x04, 0x04, 0x02, 0x04, 0x08, 0x01, 0x01, 0x04,
    0x08, 0x0D, 0x01, 0x01, 0x04, 0x02, 0x01, 0x01, 0x01, 0x01, 0x01, 0x01, 0x02, 0x05, 0x06, 0x06,
    0x08, 0x09, 0x06, 0x04, 0x08, 0x0A, 0x07, 0x09, 0x0D, 0x05, 0x0B, 0x09, 0x05, 0x10, 0x03, 0x03,
    0x06, 0x07, 0x09, 0x09, 0x05, 0x01, 0x03, 0x02, 0x0B, 0x0C, 0x16, 0x18, 0x13, 0x16, 0x13, 0x1A,
    0x0E, 0x05, 0x08, 0x08, 0x05, 0x12, 0x09, 0x0B, 0x15, 0x16, 0x0A, 0x0A, 0x15, 0x16, 0x0B, 0x16,
    0x1B, 0x19, 0x1A, 0x11, 0x06, 0x08, 0x01, 0x1A, 0x02, 0x02, 0x03, 0x01, 0x01, 0x01, 0x01, 0x01,
    0x01, 0x08, 0x05, 0x04, 0x0A, 0x08, 0x05, 0x01, 0x02, 0x03, 0x02, 0x0A, 0x14, 0x0A, 0x14, 0x14,
    0x18, 0x08, 0x0F, 0x0F, 0x05, 0x19, 0x1F, 0x16, 0x22, 0x0F, 0x0E, 0x0D, 0x05, 0x08, 0x03, 0x06,
    0x03, 0x05, 0x05, 0x04, 0x02, 0x02, 0x04, 0x05, 0x07, 0x02, 0x09, 0x04, 0x0A, 0x0A, 0x14, 0x0A,
    0x13, 0x07, 0x0C, 0x09, 0x09, 0x08, 0x09, 0x08, 0x06, 0x0F, 0x1E, 0x1E, 0x0F, 0x1F, 0x3C, 0x40,
    0x1F, 0x0F, 0x20, 0x20, 0x0F, 0x40, 0x1F, 0x40, 0x1F, 0x07, 0x09, 0x08, 0x06, 0x01, 0x01, 0x01,
    0x04, 0x03, 0x01, 0x06, 0x04, 0x02, 0x01, 0x01, 0x02, 0x04, 0x02, 0x03, 0x04, 0x02, 0x0C, 0x04,
    0x01, 0x01, 0x04, 0x15, 0x16, 0x1C, 0x0F, 0x6C, 0x12, 0x24, 0x24, 0x12, 0x23, 0x48, 0x24, 0x48,
    0x01, 0x03, 0x04, 0x02, 0x06, 0x04, 0x03, 0x04, 0x01, 0x04, 0x08, 0x08, 0x01, 0x02, 0x01, 0x01,
    0x02, 0x02, 0x07, 0x10, 0x11, 0x14, 0x0E, 0x01, 0x0F, 0x13, 0x12, 0x0E, 0x01, 0x01, 0x02, 0x07,
    0x05, 0x03, 0x05, 0x06, 0x02, 0x04, 0x04, 0x02, 0x01, 0x01, 0x01, 0x03, 0x06, 0x02, 0x03, 0x04,
    0x01, 0x01, 0x03, 0x21, 0x04, 0x02, 0x06, 0x04, 0x03, 0x02, 0x04, 0x02, 0x03, 0x04, 0x04, 0x01,
    0x04, 0x02, 0x01, 0x01, 0x01, 0x01, 0x01, 0xA7, 0x01, 0x07, 0x07, 0x0B, 0x0A, 0x0F, 0x0D, 0x0E,
    0x12, 0x0D, 0x10, 0x07, 0x0F, 0x03, 0x03, 0x07, 0x06, 0x10, 0x10, 0x15, 0x0E, 0x0E, 0x0D, 0x0A,
    0x05, 0x0A, 0x06, 0x05, 0x02, 0x03, 0x03, 0x02, 0x03, 0x04, 0x11, 0x12, 0x12, 0x0F, 0x0D, 0x0A,
    0x0C, 0x09, 0x06, 0x02, 0x04, 0x04, 0x0B, 0x10, 0x0F, 0x10, 0x09, 0x08, 0x05, 0x0A, 0x04, 0x02,
    0x05, 0x01, 0x08, 0x07, 0x00, 0x05, 0x00, 0x5D, 0x00, 0x27, 0x06, 0xE1, 0x03, 0x59, 0x01, 0x0B,
    0x01, 0x1B, 0x01, 0x2D, 0x01, 0x41, 0x01, 0x81, 0x00, 0x00, 0x01, 0x06, 0x27, 0x26, 0x35, 0x26,
    0x35, 0x26, 0x2B, 0x01, 0x22, 0x0F, 0x01, 0x06, 0x07, 0x06, 0x07, 0x06, 0x23, 0x21, 0x22, 0x27,
    0x26, 0x2B, 0x01, 0x22, 0x27, 0x26, 0x2B, 0x01, 0x22, 0x27, 0x26, 0x27, 0x26, 0x07, 0x06, 0x2B,
    0x01, 0x06, 0x27, 0x26, 0x35, 0x34, 0x27, 0x23, 0x22, 0x37, 0x36, 0x23, 0x22, 0x27, 0x26, 0x07,
    0x06, 0x15, 0x06, 0x17, 0x16, 0x17, 0x16, 0x17, 0x23, 0x22, 0x0F, 0x01, 0x06, 0x17, 0x14, 0x23,
    0x22, 0x27, 0x26, 0x27, 0x26, 0x07, 0x06, 0x07, 0x06, 0x07, 0x16, 0x37, 0x36, 0x17, 0x16, 0x17,
    0x16, 0x07, 0x06, 0x27, 0x26, 0x07, 0x22, 0x07, 0x06, 0x23, 0x07, 0x06, 0x07, 0x06, 0x0F, 0x01,
    0x06, 0x07, 0x22, 0x07, 0x06, 0x07, 0x06, 0x07, 0x06, 0x07, 0x06, 0x07, 0x06, 0x23, 0x22, 0x07,
    0x06, 0x15, 0x06, 0x07, 0x06, 0x07, 0x06, 0x07, 0x06, 0x07, 0x06, 0x07, 0x06, 0x07, 0x06, 0x07,
    0x06, 0x07, 0x06, 0x07, 0x06, 0x07, 0x06, 0x17, 0x16, 0x33, 0x16, 0x33, 0x16, 0x33, 0x16, 0x17,
    0x16, 0x33, 0x16, 0x17, 0x32, 0x37, 0x32, 0x37, 0x36, 0x37, 0x36, 0x37, 0x36, 0x37, 0x36, 0x3D,
    0x01, 0x26, 0x27, 0x26, 0x37, 0x36, 0x37, 0x36, 0x37, 0x36, 0x3F, 0x01, 0x36, 0x37, 0x36, 0x27,
    0x26, 0x33, 0x36, 0x37, 0x32, 0x37, 0x36, 0x37, 0x36, 0x17, 0x16, 0x17, 0x16, 0x37, 0x36, 0x27,
    0x34, 0x27, 0x26, 0x27, 0x26, 0x27, 0x26, 0x37, 0x36, 0x17, 0x16, 0x17, 0x16, 0x17, 0x16, 0x17,
    0x16, 0x3B, 0x01, 0x32, 0x37, 0x36, 0x37, 0x36, 0x37, 0x36, 0x35, 0x34, 0x37, 0x36, 0x37, 0x36,
    0x17, 0x16, 0x37, 0x36, 0x35, 0x34, 0x37, 0x36, 0x37, 0x36, 0x37, 0x36, 0x37, 0x36, 0x33, 0x21,
    0x32, 0x3F, 0x01, 0x36, 0x27, 0x26, 0x37, 0x36, 0x37, 0x36, 0x37, 0x36, 0x37, 0x36, 0x27, 0x26,
    0x37, 0x34, 0x27, 0x26, 0x27, 0x26, 0x05, 0x23, 0x22, 0x37, 0x36, 0x37, 0x36, 0x17, 0x16, 0x3B,
    0x01, 0x32, 0x37, 0x36, 0x17, 0x16, 0x17, 0x23, 0x22, 0x07, 0x06, 0x27, 0x26, 0x37, 0x33, 0x32,
    0x33, 0x36, 0x33, 0x36, 0x33, 0x36, 0x17, 0x16, 0x17, 0x26, 0x37, 0x36, 0x17, 0x32, 0x33, 0x16,
    0x33, 0x16, 0x3B, 0x01, 0x32, 0x37, 0x36, 0x17, 0x16, 0x23, 0x06, 0x23, 0x01, 0x36, 0x17, 0x16,
    0x17, 0x16, 0x17, 0x16, 0x07, 0x06, 0x15, 0x06, 0x07, 0x06, 0x07, 0x06, 0x07, 0x06, 0x27, 0x26,
    0x27, 0x26, 0x27, 0x26, 0x2F, 0x01, 0x26, 0x27, 0x26, 0x27, 0x36, 0x37, 0x36, 0x37, 0x32, 0x17,
    0x16, 0x15, 0x16, 0x17, 0x16, 0x17, 0x16, 0x1F, 0x01, 0x31, 0x17, 0x16, 0x37, 0x36, 0x2F, 0x01,
    0x26, 0x27, 0x26, 0x37, 0x36, 0x37, 0x32, 0x37, 0x36, 0x37, 0x36, 0x37, 0x06, 0xC2, 0x08, 0x01,
    0x01, 0x01, 0x01, 0x03, 0x09, 0x05, 0x0A, 0x0F, 0x03, 0x08, 0x09, 0x05, 0x0D, 0x0E, 0xFD, 0xAD,
    0x09, 0x05, 0x06, 0x0B, 0xE1, 0x0C, 0x18, 0x0D, 0x19, 0x16, 0x05, 0x01, 0x03, 0x03, 0x06, 0x12,
    0x16, 0x03, 0x09, 0x02, 0x01, 0x01, 0x01, 0x0A, 0x03, 0x01, 0x01, 0x05, 0x06, 0x06, 0x09, 0x02,
    0x02, 0x02, 0x02, 0x05, 0x0D, 0x0D, 0x07, 0x1C, 0x0C, 0x0D, 0x10, 0x07, 0x01, 0x0B, 0x0E, 0x0C,
    0x10, 0x09, 0x0D, 0x09, 0x04, 0x07, 0x08, 0x03, 0x07, 0x0E, 0x0F, 0x08, 0x10, 0x0E, 0x0D, 0x16,
    0x04, 0x07, 0x08, 0x04, 0x02, 0x04, 0x04, 0x02, 0x0C, 0x0C, 0x06, 0x0A, 0x06, 0x0D, 0x04, 0x0E,
    0x04, 0x08, 0x09, 0x05, 0x0F, 0x0B, 0x06, 0x03, 0x04, 0x06, 0x05, 0x06, 0x04, 0x05, 0x05, 0x02,
    0x03, 0x07, 0x0E, 0x12, 0x07, 0x04, 0x06, 0x07, 0x03, 0x04, 0x06, 0x06, 0x04, 0x1E, 0x18, 0x1A,
    0x07, 0x02, 0x02, 0x02, 0x10, 0x0D, 0x15, 0x07, 0x0D, 0x0E, 0x07, 0x09, 0x10, 0x10, 0x09, 0x20,
    0x11, 0x1B, 0x13, 0x1D, 0x01, 0x06, 0x02, 0x03, 0x0C, 0x09, 0x06, 0x06, 0x02, 0x01, 0x02, 0x04,
    0x01, 0x0A, 0x01, 0x0D, 0x09, 0x01, 0x03, 0x01, 0x02, 0x01, 0x02, 0x03, 0x08, 0x10, 0x08, 0x03,
    0x08, 0x08, 0x04, 0x0C, 0x09, 0x0B, 0x07, 0x0C, 0x05, 0x05, 0x03, 0x01, 0x01, 0x01, 0x01, 0x01,
    0x05, 0x04, 0x06, 0x06, 0x06, 0x01, 0x08, 0x0D, 0x0F, 0x10, 0x10, 0x17, 0x2A, 0x1A, 0x18, 0x1C,
    0x12, 0x17, 0x04, 0x04, 0x24, 0x23, 0x0D, 0x12, 0x19, 0x1A, 0x08, 0x04, 0x01, 0x01, 0x06, 0x04,
    0x08, 0x08, 0x02, 0x02, 0x10, 0x02, 0xC2, 0x06, 0x03, 0x02, 0x01, 0x02, 0x02, 0x02, 0x01, 0x01,
    0x02, 0x01, 0x02, 0x01, 0x03, 0x02, 0x01, 0x01, 0x01, 0x01, 0x0F, 0x0E, 0xFD, 0xDE, 0x69, 0x15,
    0x01, 0x01, 0x03, 0x03, 0x0A, 0x07, 0x07, 0x2F, 0x01, 0x1E, 0x0B, 0x03, 0x04, 0xFC, 0x48, 0x10,
    0x0F, 0x0C, 0x05, 0x06, 0x01, 0x47, 0x02, 0x04, 0x05, 0x08, 0x09, 0x06, 0x0D, 0x04, 0x05, 0x7B,
    0x02, 0x05, 0x06, 0x0D, 0x07, 0x07, 0x08, 0x04, 0x05, 0x02, 0x32, 0x05, 0x06, 0x07, 0x02, 0x07,
    0x09, 0x06, 0x05, 0xFC, 0x53, 0x06, 0x12, 0x0C, 0x0F, 0x13, 0x02, 0x02, 0x01, 0x01, 0x02, 0x05,
    0x0B, 0x0C, 0x0D, 0x16, 0x1B, 0x24, 0x26, 0x15, 0x0B, 0x0C, 0x0A, 0x06, 0x09, 0x01, 0x03, 0x04,
    0x02, 0x10, 0x07, 0x0E, 0x08, 0x03, 0x0F, 0x0F, 0x04, 0x09, 0x08, 0x10, 0x02, 0x01, 0x03, 0x03,
    0x02, 0x06, 0x04, 0x04, 0x07, 0x07, 0x05, 0x05, 0x04, 0x03, 0x07, 0x02, 0x06, 0x07, 0x04, 0x0C,
    0x05, 0x03, 0x33, 0x02, 0x04, 0x02, 0x03, 0x03, 0x02, 0x06, 0x02, 0x06, 0x01, 0x03, 0x04, 0x02,
    0x07, 0x03, 0x03, 0x02, 0x01, 0x06, 0x05, 0x01, 0x04, 0x02, 0x02, 0x01, 0x01, 0x02, 0x03, 0x09,
    0x01, 0x04, 0x04, 0x01, 0x01, 0x02, 0x02, 0x13, 0x14, 0x03, 0x06, 0x06, 0x06, 0x04, 0x0A, 0x10,
    0x07, 0x01, 0x02, 0x03, 0x04, 0x01, 0x02, 0x04, 0x02, 0x03, 0x03, 0x01, 0x0A, 0x06, 0x05, 0x01,
    0x01, 0x11, 0x12, 0x0A, 0x03, 0x02, 0x02, 0x02, 0x01, 0x01, 0x03, 0x03, 0x06, 0x0A, 0x05, 0x0D,
    0x04, 0x03, 0x01, 0x02, 0x01, 0x01, 0x07, 0x06, 0x04, 0x07, 0x03, 0x04, 0x08, 0x0C, 0x08, 0x10,
    0x06, 0x14, 0x18, 0x1E, 0x0E, 0x06, 0x0C, 0x0C, 0x06, 0x06, 0x0C, 0x0C, 0x06, 0x39, 0x3C, 0x3E,
    0x3F, 0x12, 0x22, 0x1A, 0x17, 0x13, 0x01, 0x01, 0x01, 0x01, 0x01, 0x02, 0x01, 0x01, 0x15, 0x11,
    0x04, 0x07, 0x0A, 0x07, 0x05, 0x03, 0x0C, 0x19, 0x10, 0x09, 0x10, 0x06, 0x02, 0x10, 0x02, 0x0F,
    0x0C, 0x06, 0x18, 0x07, 0x10, 0x04, 0x11, 0x0E, 0x02, 0x02, 0x01, 0x02, 0x01, 0x02, 0x03, 0x03,
    0x03, 0x05, 0x01, 0x02, 0x0D, 0x01, 0x03, 0x03, 0x05, 0x06, 0x05, 0x11, 0x05, 0x0A, 0x12, 0x15,
    0x01, 0x17, 0x0F, 0x11, 0x0D, 0x0D, 0x04, 0x05, 0x0F, 0x14, 0x1D, 0x19, 0x20, 0x0E, 0x09, 0x08,
    0x04, 0x05, 0x03, 0x03, 0x0C, 0x07, 0x11, 0x13, 0x05, 0x0D, 0x16, 0x0E, 0x12, 0x12, 0x01, 0x02,
    0x0F, 0x12, 0x05, 0x0F, 0x0B, 0x06, 0x03, 0x05, 0x05, 0x04, 0x04, 0x03, 0x09, 0x0E, 0x0A, 0x09,
    0x0C, 0x07, 0x15, 0x10, 0x10, 0x14, 0x06, 0x02, 0x03, 0x02, 0x01, 0x01, 0x02, 0x01, 0x03, 0x04,
    0x06, 0x01, 0x01, 0x02, 0x03, 0x07, 0x01, 0x01, 0x01, 0x03, 0x03, 0x08, 0x06, 0x02, 0x03, 0x01,
    0x01, 0x01, 0x01, 0x01, 0x02, 0x07, 0x01, 0xFE, 0xA1, 0x0F, 0x08, 0x07, 0x06, 0x08, 0x02, 0x04,
    0x13, 0x09, 0x12, 0x11, 0x09, 0x14, 0x08, 0x0A, 0x05, 0x06, 0x01, 0x02, 0x0F, 0x07, 0x0C, 0x0A,
    0x0F, 0x18, 0x04, 0x08, 0x08, 0x04, 0x04, 0x02, 0x04, 0x02, 0x04, 0x05, 0x01, 0x12, 0x14, 0x12,
    0x0F, 0x01, 0x01, 0x03, 0x02, 0x02, 0x05, 0x03, 0x04, 0x07, 0x0C, 0x0E, 0x0E, 0x0F, 0x0E, 0x01,
    0x01, 0x02, 0x01, 0x04, 0x03, 0x00, 0x00, 0x00, 0x00, 0x03, 0x00, 0x63, 0x00, 0x26, 0x04, 0xE3,
    0x03, 0x5A, 0x00, 0xFC, 0x01, 0x0F, 0x01, 0x23, 0x00, 0x00, 0x01, 0x26, 0x27, 0x26, 0x2B, 0x01,
    0x22, 0x37, 0x36, 0x3D, 0x01, 0x26, 0x27, 0x26, 0x07, 0x06, 0x07, 0x06, 0x17, 0x14, 0x07, 0x06,
    0x17, 0x07, 0x23, 0x22, 0x27, 0x26, 0x27, 0x26, 0x27, 0x26, 0x27, 0x26, 0x23, 0x06, 0x07, 0x06,
    0x15, 0x14, 0x07, 0x15, 0x06, 0x23, 0x21, 0x22, 0x27, 0x22, 0x27, 0x26, 0x23, 0x22, 0x27, 0x26,
    0x23, 0x22, 0x27, 0x26, 0x23, 0x06, 0x27, 0x26, 0x37, 0x17, 0x16, 0x3B, 0x01, 0x16, 0x33, 0x32,
    0x17, 0x16, 0x33, 0x32, 0x17, 0x16, 0x33, 0x32, 0x17, 0x16, 0x3B, 0x01, 0x32, 0x37, 0x36, 0x37,
    0x36, 0x2F, 0x02, 0x22, 0x27, 0x22, 0x27, 0x26, 0x23, 0x26, 0x27, 0x26, 0x27, 0x14, 0x07, 0x06,
    0x07, 0x06, 0x15, 0x14, 0x07, 0x06, 0x15, 0x14, 0x07, 0x06, 0x07, 0x06, 0x07, 0x06, 0x07, 0x06,
    0x17, 0x16, 0x17, 0x16, 0x17, 0x16, 0x37, 0x36, 0x17, 0x16, 0x17, 0x16, 0x33, 0x32, 0x37, 0x36,
    0x3D, 0x01, 0x33, 0x32, 0x37, 0x36, 0x17, 0x16, 0x17, 0x16, 0x3F, 0x01, 0x36, 0x37, 0x32, 0x37,
    0x36, 0x37, 0x36, 0x17, 0x16, 0x17, 0x16, 0x17, 0x16, 0x07, 0x06, 0x15, 0x06, 0x07, 0x06, 0x07,
    0x06, 0x07, 0x06, 0x07, 0x14, 0x15, 0x07, 0x31, 0x07, 0x06, 0x17, 0x16, 0x17, 0x16, 0x3B, 0x01,
    0x32, 0x17, 0x16, 0x1D, 0x01, 0x06, 0x3B, 0x01, 0x32, 0x35, 0x26, 0x3D, 0x01, 0x34, 0x27, 0x26,
    0x37, 0x36, 0x17, 0x16, 0x3D, 0x01, 0x16, 0x17, 0x16, 0x37, 0x33, 0x16, 0x37, 0x36, 0x37, 0x36,
    0x37, 0x36, 0x37, 0x36, 0x37, 0x36, 0x17, 0x33, 0x16, 0x33, 0x34, 0x27, 0x26, 0x35, 0x27, 0x26,
    0x37, 0x36, 0x27, 0x26, 0x27, 0x26, 0x3B, 0x01, 0x32, 0x27, 0x26, 0x35, 0x34, 0x37, 0x34, 0x33,
    0x32, 0x17, 0x16, 0x37, 0x36, 0x35, 0x05, 0x26, 0x37, 0x36, 0x37, 0x36, 0x17, 0x16, 0x33, 0x32,
    0x37, 0x36, 0x17, 0x16, 0x07, 0x06, 0x2B, 0x01, 0x22, 0x01, 0x32, 0x17, 0x16, 0x33, 0x16, 0x33,
    0x06, 0x07, 0x06, 0x07, 0x26, 0x27, 0x26, 0x35, 0x26, 0x3D, 0x01, 0x34, 0x37, 0x04, 0xE3, 0x08,
    0x02, 0x03, 0x0D, 0x2E, 0x13, 0x02, 0x01, 0x02, 0x10, 0x0B, 0x1C, 0x06, 0x21, 0x07, 0x02, 0x02,
    0x01, 0x01, 0x04, 0x6D, 0x09, 0x01, 0x04, 0x03, 0x01, 0x05, 0x04, 0x07, 0x0F, 0x13, 0x0C, 0x16,
    0x0C, 0x02, 0x01, 0x04, 0xFE, 0x64, 0x1C, 0x0D, 0x0D, 0x1C, 0x03, 0x07, 0x07, 0x03, 0x04, 0x07,
    0x07, 0x04, 0x06, 0x0B, 0x04, 0x01, 0x02, 0x01, 0x01, 0x02, 0x0A, 0x0D, 0x04, 0x09, 0x09, 0x05,
    0x04, 0x09, 0x0A, 0x05, 0x06, 0x0C, 0x0C, 0x06, 0x18, 0x0D, 0x26, 0x14, 0x10, 0x06, 0x01, 0x01,
    0x01, 0x04, 0x03, 0x05, 0x0A, 0x03, 0x05, 0x06, 0x02, 0x52, 0x4C, 0x50, 0x4F, 0x0E, 0x0E, 0x02,
    0x01, 0x01, 0x01, 0x01, 0x02, 0x01, 0x02, 0x02, 0x01, 0x06, 0x06, 0x08, 0x03, 0x07, 0x07, 0x06,
    0x09, 0x0A, 0x09, 0x0A, 0x07, 0x0C, 0x05, 0x0E, 0x06, 0x0C, 0x0D, 0x56, 0x01, 0x0E, 0x0A, 0x05,
    0x02, 0x09, 0x06, 0x09, 0x0A, 0x03, 0x0A, 0x03, 0x0E, 0x0F, 0x0B, 0x1C, 0x0C, 0x0A, 0x07, 0x08,
    0x05, 0x07, 0x02, 0x04, 0x0D, 0x04, 0x0C, 0x05, 0x02, 0x05, 0x04, 0x02, 0x02, 0x02, 0x03, 0x02,
    0x08, 0x03, 0x04, 0x0A, 0x33, 0x13, 0x05, 0x07, 0x02, 0x04, 0x8C, 0x03, 0x01, 0x01, 0x01, 0x02,
    0x05, 0x07, 0x07, 0x18, 0x17, 0x17, 0x1B, 0x13, 0x09, 0x0A, 0x0E, 0x09, 0x05, 0x0C, 0x02, 0x0F,
    0x07, 0x04, 0x04, 0x01, 0x22, 0x0B, 0x17, 0x01, 0x01, 0x03, 0x02, 0x08, 0x07, 0x02, 0x02, 0x01,
    0x03, 0x0E, 0x8B, 0x0C, 0x01, 0x02, 0x01, 0x10, 0x04, 0x1A, 0x14, 0x06, 0x0C, 0xFE, 0x08, 0x0D,
    0x03, 0x01, 0x0F, 0x0C, 0x0D, 0x09, 0x0F, 0x20, 0x14, 0x1D, 0x06, 0x06, 0x12, 0x13, 0x12, 0x2F,
    0x16, 0xFD, 0xB0, 0x05, 0x03, 0x01, 0x02, 0x03, 0x01, 0x0B, 0x03, 0x05, 0x08, 0x01, 0x02, 0x01,
    0x01, 0x04, 0x02, 0xC8, 0x0B, 0x01, 0x01, 0x15, 0x0E, 0x11, 0x23, 0x0F, 0x0D, 0x09, 0x0D, 0x03,
    0x0E, 0x02, 0x06, 0x06, 0x06, 0x04, 0x01, 0x01, 0x01, 0x04, 0x06, 0x05, 0x08, 0x07, 0x02, 0x04,
    0x01, 0x02, 0x01, 0x05, 0x02, 0x0E, 0x0E, 0x09, 0x01, 0x02, 0x01, 0x01, 0x01, 0x01, 0x01, 0x01,
    0x03, 0x03, 0x06, 0x01, 0x03, 0x01, 0x01, 0x01, 0x01, 0x01, 0x01, 0x02, 0x0A, 0x04, 0x03, 0x03,
    0x07, 0x04, 0x04, 0x02, 0x01, 0x01, 0x0B, 0x07, 0x08, 0x04, 0x0D, 0x0B, 0x0A, 0x0E, 0x08, 0x0E,
    0x0F, 0x07, 0x08, 0x0F, 0x0F, 0x07, 0x34, 0x1B, 0x36, 0x1A, 0x0A, 0x14, 0x0E, 0x10, 0x06, 0x07,
    0x09, 0x01, 0x04, 0x01, 0x01, 0x03, 0x02, 0x02, 0x01, 0x04, 0x03, 0x02, 0x59, 0x02, 0x01, 0x03,
    0x01, 0x0B, 0x09, 0x09, 0x0A, 0x03, 0x02, 0x01, 0x02, 0x01, 0x03, 0x0C, 0x09, 0x0E, 0x12, 0x08,
    0x0B, 0x05, 0x0E, 0x04, 0x37, 0x13, 0x32, 0x19, 0x07, 0x16, 0x14, 0x09, 0x01, 0x01, 0x05, 0x05,
    0x08, 0x04, 0x0A, 0x05, 0x07, 0x01, 0x01, 0x12, 0x8E, 0x1D, 0x05, 0x03, 0x04, 0x9E, 0x06, 0x05,
    0x06, 0x04, 0x05, 0x02, 0x03, 0x09, 0xD8, 0x0F, 0x03, 0x05, 0x02, 0x01, 0x03, 0x03, 0x09, 0x05,
    0x0E, 0x02, 0x1C, 0x0D, 0x06, 0x06, 0x01, 0x01, 0x02, 0x04, 0x05, 0x03, 0x0C, 0x08, 0x02, 0x02,
    0x08, 0x0B, 0x07, 0x07, 0x0D, 0x12, 0x06, 0x10, 0x06, 0x09, 0x02, 0x02, 0x07, 0x0C, 0x0B, 0xCD,
    0x0A, 0x15, 0x13, 0x08, 0x05, 0x01, 0x01, 0x01, 0x02, 0x1E, 0x1A, 0x08, 0x08, 0x01, 0x3B, 0x01,
    0x01, 0x01, 0x26, 0x0C, 0x11, 0x22, 0x0B, 0x14, 0x05, 0x0A, 0x0B, 0x05, 0x1E, 0x0B, 0x01, 0x00,
    0x00, 0x05, 0x00, 0x5C, 0x00, 0x27, 0x09, 0x39, 0x03, 0x5A, 0x02, 0x3D, 0x02, 0x47, 0x02, 0x5C,
    0x02, 0x70, 0x02, 0x9E, 0x00, 0x00, 0x01, 0x26, 0x27, 0x26, 0x27, 0x26, 0x27, 0x26, 0x23, 0x22,
    0x07, 0x06, 0x07, 0x06, 0x23, 0x22, 0x07, 0x06, 0x07, 0x06, 0x15, 0x06, 0x15, 0x06, 0x07, 0x06,
    0x07, 0x06, 0x07, 0x06, 0x07, 0x06, 0x07, 0x06, 0x27, 0x21, 0x22, 0x35, 0x34, 0x37, 0x36, 0x2B,
    0x01, 0x22, 0x37, 0x36, 0x27, 0x26, 0x07, 0x06, 0x1D, 0x01, 0x14, 0x23, 0x22, 0x35, 0x26, 0x35,
    0x34, 0x07, 0x06, 0x23, 0x22, 0x17, 0x16, 0x07, 0x06, 0x27, 0x26, 0x23, 0x22, 0x37, 0x36, 0x27,
    0x26, 0x23, 0x06, 0x23, 0x22, 0x27, 0x22, 0x1D, 0x01, 0x14, 0x23, 0x22, 0x07, 0x06, 0x27, 0x26,
    0x37, 0x36, 0x2B, 0x01, 0x22, 0x1D, 0x01, 0x14, 0x27, 0x26, 0x35, 0x34, 0x37, 0x34, 0x2B, 0x01,
    0x22, 0x17, 0x16, 0x07, 0x06, 0x27, 0x26, 0x23, 0x22, 0x3D, 0x01, 0x34, 0x23, 0x06, 0x23, 0x22,
    0x27, 0x22, 0x07, 0x06, 0x17, 0x16, 0x2B, 0x01, 0x06, 0x35, 0x34, 0x37, 0x34, 0x2B, 0x01, 0x22,
    0x17, 0x15, 0x14, 0x27, 0x23, 0x22, 0x37, 0x35, 0x34, 0x27, 0x26, 0x07, 0x06, 0x17, 0x16, 0x2B,
    0x01, 0x27, 0x26, 0x07, 0x06, 0x17, 0x16, 0x15, 0x14, 0x07, 0x06, 0x3D, 0x01, 0x34, 0x27, 0x26,
    0x2B, 0x01, 0x06, 0x27, 0x22, 0x27, 0x26, 0x27, 0x26, 0x23, 0x26, 0x23, 0x26, 0x07, 0x06, 0x23,
    0x26, 0x23, 0x22, 0x27, 0x26, 0x23, 0x22, 0x27, 0x26, 0x0F, 0x01, 0x06, 0x07, 0x06, 0x07, 0x06,
    0x07, 0x06, 0x0F, 0x01, 0x22, 0x07, 0x06, 0x07, 0x06, 0x07, 0x06, 0x07, 0x06, 0x07, 0x06, 0x07,
    0x06, 0x07, 0x06, 0x2B, 0x01, 0x22, 0x27, 0x22, 0x07, 0x06, 0x23, 0x22, 0x07, 0x22, 0x07, 0x06,
    0x17, 0x16, 0x17, 0x16, 0x17, 0x16, 0x07, 0x06, 0x15, 0x14, 0x37, 0x36, 0x37, 0x36, 0x37, 0x36,
    0x37, 0x36, 0x37, 0x36, 0x37, 0x36, 0x37, 0x36, 0x37, 0x36, 0x37, 0x36, 0x37, 0x36, 0x37, 0x36,
    0x37, 0x36, 0x37, 0x36, 0x17, 0x16, 0x17, 0x16, 0x17, 0x16, 0x17, 0x16, 0x17, 0x16, 0x07, 0x06,
    0x07, 0x06, 0x07, 0x06, 0x07, 0x06, 0x07, 0x06, 0x17, 0x16, 0x17, 0x16, 0x17, 0x16, 0x17, 0x16,
    0x17, 0x16, 0x17, 0x16, 0x17, 0x16, 0x37, 0x36, 0x27, 0x26, 0x37, 0x36, 0x37, 0x36, 0x3F, 0x01,
    0x36, 0x37, 0x36, 0x17, 0x16, 0x37, 0x36, 0x37, 0x36, 0x37, 0x22, 0x27, 0x26, 0x27, 0x26, 0x3F,
    0x01, 0x36, 0x17, 0x16, 0x17, 0x16, 0x17, 0x16, 0x17, 0x16, 0x33, 0x16, 0x17, 0x16, 0x37, 0x36,
    0x37, 0x36, 0x37, 0x36, 0x37, 0x36, 0x37, 0x36, 0x37, 0x36, 0x3B, 0x01, 0x32, 0x17, 0x16, 0x17,
    0x16, 0x17, 0x16, 0x17, 0x14, 0x1F, 0x01, 0x16, 0x17, 0x16, 0x17, 0x16, 0x17, 0x16, 0x17, 0x16,
    0x17, 0x16, 0x17, 0x14, 0x17, 0x16, 0x15, 0x17, 0x16, 0x37, 0x36, 0x37, 0x32, 0x37, 0x36, 0x37,
    0x32, 0x37, 0x36, 0x37, 0x36, 0x37, 0x36, 0x33, 0x32, 0x37, 0x36, 0x33, 0x32, 0x33, 0x36, 0x37,
    0x32, 0x27, 0x26, 0x27, 0x26, 0x27, 0x26, 0x27, 0x26, 0x27, 0x34, 0x27, 0x26, 0x35, 0x26, 0x37,
    0x33, 0x36, 0x33, 0x36, 0x33, 0x37, 0x36, 0x27, 0x26, 0x27, 0x26, 0x35, 0x26, 0x27, 0x26, 0x27,
    0x26, 0x27, 0x26, 0x27, 0x32, 0x17, 0x16, 0x37, 0x36, 0x37, 0x36, 0x37, 0x14, 0x07, 0x06, 0x15,
    0x14, 0x07, 0x32, 0x17, 0x16, 0x37, 0x36, 0x37, 0x32, 0x17, 0x32, 0x37, 0x32, 0x17, 0x16, 0x17,
    0x16, 0x17, 0x16, 0x07, 0x06, 0x15, 0x06, 0x0F, 0x01, 0x06, 0x17, 0x16, 0x17, 0x16, 0x17, 0x16,
    0x37, 0x36, 0x3F, 0x01, 0x36, 0x37, 0x36, 0x37, 0x36, 0x37, 0x36, 0x37, 0x36, 0x37, 0x36, 0x37,
    0x36, 0x35, 0x34, 0x37, 0x36, 0x27, 0x34, 0x27, 0x26, 0x37, 0x36, 0x37, 0x36, 0x37, 0x36, 0x17,
    0x16, 0x17, 0x32, 0x33, 0x16, 0x33, 0x16, 0x33, 0x16, 0x37, 0x36, 0x37, 0x36, 0x35, 0x34, 0x37,
    0x36, 0x17, 0x16, 0x37, 0x36, 0x37, 0x36, 0x37, 0x16, 0x37, 0x36, 0x37, 0x36, 0x37, 0x36, 0x37,
    0x36, 0x27, 0x26, 0x27, 0x26, 0x07, 0x06, 0x27, 0x22, 0x07, 0x06, 0x27, 0x26, 0x27, 0x26, 0x3D,
    0x01, 0x34, 0x27, 0x26, 0x05, 0x14, 0x17, 0x14, 0x23, 0x21, 0x22, 0x37, 0x36, 0x23, 0x13, 0x34,
    0x33, 0x16, 0x33, 0x32, 0x37, 0x32, 0x17, 0x16, 0x17, 0x16, 0x07, 0x06, 0x07, 0x06, 0x2B, 0x01,
    0x22, 0x07, 0x06, 0x25, 0x06, 0x27, 0x26, 0x23, 0x22, 0x27, 0x26, 0x27, 0x26, 0x37, 0x36, 0x37,
    0x36, 0x17, 0x16, 0x33, 0x32, 0x17, 0x16, 0x25, 0x16, 0x17, 0x16, 0x1F, 0x01, 0x16, 0x17, 0x16,
    0x17, 0x16, 0x17, 0x16, 0x17, 0x14, 0x17, 0x16, 0x15, 0x16, 0x07, 0x06, 0x07, 0x06, 0x07, 0x06,
    0x07, 0x06, 0x07, 0x06, 0x2F, 0x01, 0x26, 0x27, 0x26, 0x37, 0x36, 0x27, 0x26, 0x27, 0x26, 0x27,
    0x16, 0x33, 0x32, 0x17, 0x16, 0x08, 0xAF, 0x01, 0x06, 0x04, 0x0A, 0x04, 0x05, 0x07, 0x02, 0x01,
    0x04, 0x04, 0x02, 0x08, 0x03, 0x0E, 0x07, 0x07, 0x03, 0x01, 0x01, 0x02, 0x05, 0x04, 0x05, 0x03,
    0x05, 0x06, 0x03, 0x0A, 0x0B, 0x05, 0x04, 0xFE, 0x60, 0x04, 0x02, 0x02, 0x0A, 0x1A, 0x01, 0x01,
    0x02, 0x02, 0x02, 0x0F, 0x0F, 0x09, 0x08, 0x01, 0x0D, 0x09, 0x0B, 0x05, 0x03, 0x01, 0x01, 0x02,
    0x07, 0x05, 0x05, 0x02, 0x01, 0x02, 0x02, 0x01, 0x08, 0x05, 0x04, 0x07, 0x03, 0x04, 0x07, 0x04,
    0x05, 0x07, 0x03, 0x01, 0x02, 0x01, 0x02, 0x19, 0x06, 0x0D, 0x0D, 0x01, 0x07, 0x17, 0x02, 0x01,
    0x01, 0x01, 0x02, 0x07, 0x05, 0x05, 0x07, 0x05, 0x04, 0x04, 0x04, 0x05, 0x08, 0x01, 0x02, 0x02,
    0x01, 0x02, 0x0B, 0x09, 0x01, 0x04, 0x18, 0x06, 0x02, 0x08, 0x0A, 0x06, 0x02, 0x0F, 0x0F, 0x02,
    0x02, 0x02, 0x01, 0x03, 0x14, 0x14, 0x10, 0x03, 0x02, 0x01, 0x01, 0x02, 0x03, 0x04, 0x04, 0x0B,
    0x08, 0x05, 0x04, 0x01, 0x01, 0x02, 0x01, 0x01, 0x01, 0x06, 0x02, 0x03, 0x03, 0x06, 0x01, 0x02,
    0x04, 0x04, 0x02, 0x02, 0x04, 0x04, 0x02, 0x09, 0x08, 0x12, 0x0F, 0x0C, 0x0B, 0x0C, 0x07, 0x07,
    0x08, 0x09, 0x0F, 0x03, 0x05, 0x05, 0x03, 0x0D, 0x16, 0x0F, 0x12, 0x0F, 0x10, 0x16, 0x0D, 0x05,
    0x17, 0x10, 0x0D, 0x9C, 0x6A, 0x35, 0x6B, 0x35, 0x0D, 0x1B, 0x1B, 0x0D, 0x15, 0x15, 0x15, 0x01,
    0x02, 0x02, 0x02, 0x04, 0x04, 0x01, 0x02, 0x2D, 0x2F, 0x0F, 0x0D, 0x1C, 0x1C, 0x0D, 0x25, 0x2D,
    0x25, 0x2D, 0x0D, 0x1C, 0x1C, 0x0D, 0x4D, 0x15, 0x0D, 0x21, 0x21, 0x12, 0x0E, 0x1E, 0x17, 0x16,
    0x27, 0x22, 0x1F, 0x2A, 0x12, 0x19, 0x17, 0x10, 0x0A, 0x0B, 0x09, 0x08, 0x1C, 0x0D, 0x1C, 0x0D,
    0x05, 0x0C, 0x0A, 0x04, 0x01, 0x07, 0x07, 0x0F, 0x1E, 0x04, 0x06, 0x0A, 0x0A, 0x06, 0x16, 0x0B,
    0x05, 0x0D, 0x0B, 0x07, 0x06, 0x02, 0x03, 0x02, 0x03, 0x09, 0x07, 0x0A, 0x0C, 0x03, 0x08, 0x01,
    0x05, 0x04, 0x01, 0x02, 0x05, 0x02, 0x04, 0x04, 0x03, 0x05, 0x01, 0x03, 0x09, 0x0C, 0x06, 0x08,
    0x0A, 0x05, 0x08, 0x05, 0x02, 0x04, 0x04, 0x02, 0x15, 0x1D, 0x1A, 0x19, 0x07, 0x0D, 0x0D, 0x07,
    0x19, 0x0D, 0x10, 0x07, 0x08, 0x0F, 0x12, 0x13, 0x26, 0x0B, 0x02, 0x02, 0x02, 0x01, 0x01, 0x01,
    0x01, 0x01, 0x03, 0x09, 0x07, 0x03, 0x05, 0x06, 0x02, 0x04, 0x07, 0x02, 0x03, 0x04, 0x01, 0x02,
    0x02, 0x03, 0x01, 0x0A, 0x0A, 0x05, 0x05, 0x0C, 0x0C, 0x06, 0x05, 0x0B, 0x0C, 0x06, 0x02, 0x06,
    0x06, 0x02, 0x03, 0x05, 0x06, 0x02, 0x03, 0x05, 0x05, 0x02, 0x06, 0x02, 0x0D, 0x04, 0x0D, 0x04,
    0x05, 0x0C, 0x0C, 0x06, 0x01, 0x01, 0x02, 0x05, 0x01, 0x02, 0x02, 0x02, 0x02, 0x07, 0x02, 0x03,
    0x02, 0x01, 0x02, 0x01, 0x02, 0x02, 0x01, 0x01, 0x03, 0x03, 0x01, 0x13, 0x0A, 0x0C, 0x10, 0x12,
    0x09, 0x02, 0x17, 0x01, 0x01, 0x01, 0x18, 0x0D, 0x15, 0x0F, 0x0C, 0x05, 0x0B, 0x05, 0x0A, 0x05,
    0x09, 0x04, 0x12, 0x0B, 0x0B, 0x0E, 0x04, 0x05, 0x06, 0x04, 0x01, 0x06, 0x01, 0x02, 0x01, 0x04,
    0x03, 0x19, 0x17, 0x15, 0x0B, 0x01, 0x02, 0x02, 0x01, 0x01, 0x04, 0x01, 0x01, 0x01, 0x01, 0x01,
    0x01, 0x01, 0x01, 0x02, 0x01, 0x01, 0x02, 0x02, 0x03, 0x12, 0x0A, 0x06, 0x07, 0x07, 0x05, 0x0D,
    0x0C, 0x06, 0x02, 0x02, 0x03, 0x04, 0x05, 0x03, 0x0C, 0x05, 0x06, 0x02, 0x01, 0x01, 0x01, 0x02,
    0x03, 0x08, 0x09, 0x02, 0x03, 0x01, 0x0E, 0x0B, 0x0D, 0x0B, 0x08, 0x12, 0x0D, 0x08, 0x0B, 0x05,
    0x06, 0x03, 0x03, 0x13, 0x17, 0x05, 0x0B, 0x0C, 0x12, 0x02, 0x03, 0x02, 0x05, 0x07, 0x08, 0xFD,
    0xA3, 0x01, 0x07, 0xFE, 0x31, 0x02, 0x01, 0x01, 0x01, 0x52, 0x27, 0x1A, 0x23, 0x0E, 0x08, 0x0E,
    0x07, 0x0B, 0x0E, 0x0D, 0x07, 0x04, 0x07, 0x07, 0x0D, 0x2B, 0x1D, 0x1C, 0x2B, 0xFD, 0xA3, 0x0B,
    0x14, 0x0E, 0x15, 0x08, 0x07, 0x07, 0x07, 0x08, 0x06, 0x06, 0x0C, 0x0F, 0x0E, 0x0A, 0x12, 0x15,
    0x05, 0x03, 0xFE, 0x53, 0x13, 0x26, 0x0E, 0x2A, 0x24, 0x14, 0x0F, 0x0F, 0x02, 0x02, 0x04, 0x04,
    0x01, 0x02, 0x02, 0x04, 0x0C, 0x09, 0x15, 0x18, 0x0B, 0x18, 0x0B, 0x12, 0x11, 0x13, 0x11, 0x1B,
    0x0C, 0x0E, 0x05, 0x01, 0x02, 0x02, 0x02, 0x02, 0x02, 0x02, 0x05, 0x09, 0x02, 0x04, 0x05, 0x03,
    0x1B, 0x08, 0x12, 0x0B, 0x0C, 0x04, 0x04, 0x06, 0x01, 0x02, 0x01, 0x02, 0x09, 0x0A, 0x0D, 0x03,
    0x08, 0x05, 0x08, 0x05, 0x04, 0x03, 0x05, 0x03, 0x07, 0x07, 0x03, 0x0B, 0x05, 0x01, 0x01, 0x01,
    0x04, 0x0E, 0x0B, 0x07, 0x06, 0x02, 0x02, 0x01, 0x01, 0x02, 0x0B, 0x02, 0x01, 0x01, 0x07, 0x08,
    0x01, 0x01, 0x06, 0x08, 0x01, 0x02, 0x01, 0x01, 0x07, 0x06, 0x02, 0x01, 0x01, 0x01, 0x07, 0x07,
    0x02, 0x01, 0x02, 0x03, 0x01, 0x07, 0x07, 0x02, 0x08, 0x07, 0x01, 0x01, 0x01, 0x08, 0x03, 0x03,
    0x07, 0x07, 0x01, 0x02, 0x01, 0x01, 0x03, 0x0A, 0x03, 0x01, 0x01, 0x01, 0x02, 0x06, 0x07, 0x01,
    0x02, 0x06, 0x03, 0x05, 0x05, 0x09, 0x03, 0x02, 0x05, 0x08, 0x02, 0x01, 0x01, 0x02, 0x02, 0x06,
    0x07, 0x02, 0x01, 0x03, 0x02, 0x09, 0x07, 0x05, 0x03, 0x02, 0x03, 0x02, 0x2C, 0x0A, 0x04, 0x04,
    0x01, 0x02, 0x01, 0x01, 0x01, 0x01, 0x02, 0x01, 0x01, 0x02, 0x01, 0x01, 0x01, 0x01, 0x02, 0x02,
    0x03, 0x02, 0x10, 0x0F, 0x0C, 0x05, 0x0A, 0x09, 0x04, 0x03, 0x01, 0x02, 0x01, 0x03, 0x06, 0x05,
    0x0C, 0x0C, 0x06, 0x08, 0x03, 0x01, 0x07, 0x06, 0x01, 0x01, 0x01, 0x01, 0x03, 0x04, 0x1B, 0x19,
    0x34, 0x28, 0x25, 0x25, 0x27, 0x36, 0x17, 0x1C, 0x02, 0x02, 0x05, 0x05, 0x0A, 0x0A, 0x05, 0x0C,
    0x11, 0x0C, 0x11, 0x05, 0x09, 0x0A, 0x04, 0x1C, 0x07, 0x04, 0x0C, 0x0C, 0x06, 0x05, 0x0C, 0x09,
    0x03, 0x05, 0x04, 0x04, 0x07, 0x04, 0x08, 0x07, 0x0D, 0x07, 0x19, 0x18, 0x0E, 0x30, 0x18, 0x30,
    0x19, 0x0A, 0x14, 0x12, 0x0F, 0x05, 0x06, 0x07, 0x08, 0x12, 0x02, 0x03, 0x06, 0x06, 0x03, 0x0C,
    0x05, 0x02, 0x02, 0x01, 0x05, 0x07, 0x0B, 0x0A, 0x09, 0x11, 0x12, 0x11, 0x0F, 0x12, 0x06, 0x0C,
    0x04, 0x02, 0x02, 0x01, 0x01, 0x05, 0x03, 0x04, 0x09, 0x0A, 0x03, 0x08, 0x0D, 0x12, 0x09, 0x05,
    0x08, 0x03, 0x04, 0x01, 0x01, 0x01, 0x02, 0x08, 0x02, 0x01, 0x01, 0x01, 0x01, 0x01, 0x01, 0x02,
    0x03, 0x03, 0x13, 0x14, 0x04, 0x06, 0x08, 0x0C, 0x07, 0x03, 0x06, 0x06, 0x03, 0x03, 0x06, 0x0A,
    0x28, 0x1C, 0x0C, 0x17, 0x17, 0x0B, 0x13, 0x1B, 0x08, 0x0F, 0x10, 0x07, 0x03, 0x04, 0x05, 0x02,
    0x0F, 0x06, 0x03, 0x01, 0x02, 0x01, 0x02, 0x01, 0x01, 0x01, 0x01, 0x01, 0x01, 0x01, 0x01, 0x01,
    0x01, 0x01, 0x0B, 0x37, 0x13, 0x37, 0x13, 0x1A, 0x34, 0x34, 0x1B, 0x02, 0x03, 0x03, 0x02, 0x05,
    0x03, 0x01, 0x01, 0x03, 0x05, 0x0F, 0x06, 0x06, 0x07, 0x01, 0x05, 0x0B, 0x0C, 0x06, 0x06, 0x0B,
    0x0C, 0x05, 0x01, 0x01, 0x05, 0x08, 0x05, 0x01, 0x0D, 0x0A, 0x05, 0x03, 0x05, 0x05, 0x02, 0x01,
    0x02, 0x03, 0x02, 0x01, 0x01, 0x01, 0x01, 0x03, 0x0E, 0x0F, 0x06, 0x01, 0x1C, 0x1D, 0x05, 0x36,
    0x1B, 0x51, 0x0D, 0x12, 0x06, 0x1A, 0x1A, 0x03, 0x04, 0x03, 0x02, 0x03, 0x05, 0x05, 0x04, 0x05,
    0x0A, 0x03, 0x04, 0x04, 0x03, 0x06, 0x0C, 0x0C, 0x06, 0x18, 0x0C, 0x34, 0x1A, 0x19, 0x34, 0x06,
    0x1E, 0x15, 0x07, 0x03, 0x04, 0x03, 0x04, 0x03, 0x04, 0x05, 0x01, 0x01, 0x01, 0x01, 0x03, 0x02,
    0x09, 0x05, 0x0A, 0x07, 0x03, 0x04, 0x01, 0x01, 0x08, 0x08, 0x05, 0x09, 0x08, 0x04, 0x03, 0x04,
    0x01, 0x01, 0x02, 0x01, 0x0A, 0x0B, 0x0F, 0x12, 0x08, 0x0A, 0x01, 0x02, 0x01, 0x01, 0x01, 0x02,
    0x08, 0x04, 0x08, 0x03, 0x1C, 0x16, 0x1B, 0x1D, 0x16, 0x08, 0x02, 0x03, 0x07, 0x06, 0xFE, 0x92,
    0x23, 0x01, 0x01, 0x01, 0x02, 0x09, 0x09, 0x0F, 0x09, 0x09, 0x07, 0x01, 0x01, 0xA4, 0x0B, 0x02,
    0x01, 0x03, 0x01, 0x09, 0x0A, 0x0D, 0x0D, 0x03, 0x03, 0x01, 0x01, 0x0E, 0x0F, 0x36, 0x02, 0x06,
    0x03, 0x0B, 0x09, 0x06, 0x02, 0x02, 0x05, 0x08, 0x0C, 0x09, 0x07, 0x03, 0x06, 0x06, 0x03, 0x18,
    0x09, 0x08, 0x0C, 0x0A, 0x05, 0x0A, 0x04, 0x05, 0x07, 0x07, 0x03, 0x06, 0x01, 0x09, 0x05, 0x0B,
    0x0C, 0x06, 0x34, 0x18, 0x19, 0x32, 0x01, 0x01, 0x01, 0x00, 0x00, 0x00, 0x00, 0x03, 0x00, 0x5E,
    0x00, 0x40, 0x0A, 0x2B, 0x03, 0x40, 0x01, 0x75, 0x01, 0xA5, 0x01, 0xDE, 0x00, 0x00, 0x01, 0x16,
    0x07, 0x06, 0x15, 0x14, 0x17, 0x16, 0x07, 0x06, 0x27, 0x26, 0x23, 0x22, 0x27, 0x26, 0x07, 0x16,
    0x07, 0x06, 0x15, 0x16, 0x17, 0x16, 0x1F, 0x01, 0x16, 0x07, 0x06, 0x1D, 0x01, 0x06, 0x17, 0x15,
    0x14, 0x07, 0x06, 0x27, 0x26, 0x07, 0x22, 0x27, 0x26, 0x37, 0x34, 0x27, 0x26, 0x07, 0x06, 0x23,
    0x22, 0x07, 0x06, 0x27, 0x21, 0x06, 0x17, 0x14, 0x07, 0x06, 0x07, 0x06, 0x23, 0x22, 0x35, 0x06,
    0x27, 0x26, 0x37, 0x34, 0x27, 0x26, 0x27, 0x26, 0x07, 0x06, 0x17, 0x16, 0x07, 0x06, 0x15, 0x14,
    0x07, 0x06, 0x15, 0x06, 0x07, 0x06, 0x27, 0x26, 0x27, 0x26, 0x37, 0x36, 0x27, 0x26, 0x07, 0x06,
    0x07, 0x06, 0x07, 0x06, 0x27, 0x22, 0x27, 0x26, 0x2B, 0x01, 0x22, 0x07, 0x06, 0x27, 0x26, 0x27,
    0x26, 0x07, 0x06, 0x07, 0x06, 0x07, 0x06, 0x07, 0x06, 0x07, 0x06, 0x07, 0x06, 0x07, 0x06, 0x07,
    0x06, 0x07, 0x06, 0x07, 0x16, 0x17, 0x14, 0x07, 0x06, 0x07, 0x06, 0x23, 0x22, 0x27, 0x26, 0x27,
    0x26, 0x37, 0x36, 0x37, 0x36, 0x37, 0x36, 0x37, 0x36, 0x37, 0x36, 0x27, 0x26, 0x27, 0x26, 0x07,
    0x06, 0x07, 0x06, 0x07, 0x06, 0x07, 0x06, 0x07, 0x06, 0x07, 0x06, 0x07, 0x06, 0x07, 0x06, 0x27,
    0x26, 0x35, 0x34, 0x27, 0x26, 0x37, 0x36, 0x27, 0x34, 0x35, 0x26, 0x35, 0x26, 0x3D, 0x01, 0x34,
    0x27, 0x26, 0x27, 0x26, 0x37, 0x36, 0x3D, 0x01, 0x34, 0x37, 0x36, 0x17, 0x16, 0x3B, 0x01, 0x32,
    0x17, 0x16, 0x33, 0x32, 0x17, 0x16, 0x37, 0x36, 0x37, 0x36, 0x37, 0x36, 0x17, 0x16, 0x07, 0x16,
    0x37, 0x36, 0x37, 0x36, 0x3B, 0x01, 0x16, 0x33, 0x16, 0x33, 0x32, 0x37, 0x33, 0x32, 0x37, 0x36,
    0x37, 0x36, 0x33, 0x32, 0x37, 0x36, 0x37, 0x36, 0x37, 0x36, 0x37, 0x36, 0x37, 0x36, 0x37, 0x36,
    0x37, 0x36, 0x17, 0x16, 0x33, 0x21, 0x32, 0x37, 0x36, 0x37, 0x36, 0x37, 0x32, 0x37, 0x36, 0x37,
    0x36, 0x37, 0x36, 0x37, 0x36, 0x37, 0x32, 0x17, 0x16, 0x17, 0x16, 0x17, 0x16, 0x17, 0x16, 0x17,
    0x16, 0x37, 0x36, 0x37, 0x34, 0x37, 0x36, 0x37, 0x32, 0x37, 0x36, 0x33, 0x36, 0x37, 0x36, 0x37,
    0x36, 0x37, 0x36, 0x17, 0x14, 0x17, 0x16, 0x37, 0x33, 0x36, 0x37, 0x36, 0x17, 0x16, 0x17, 0x16,
    0x17, 0x16, 0x17, 0x16, 0x37, 0x36, 0x33, 0x21, 0x32, 0x37, 0x32, 0x37, 0x36, 0x27, 0x26, 0x37,
    0x36, 0x37, 0x36, 0x37, 0x36, 0x17, 0x16, 0x17, 0x16, 0x07, 0x06, 0x07, 0x06, 0x15, 0x06, 0x17,
    0x16, 0x15, 0x14, 0x07, 0x06, 0x15, 0x06, 0x33, 0x16, 0x3B, 0x01, 0x32, 0x37, 0x36, 0x17, 0x31,
    0x16, 0x17, 0x27, 0x34, 0x05, 0x31, 0x36, 0x37, 0x36, 0x37, 0x21, 0x22, 0x17, 0x14, 0x15, 0x16,
    0x15, 0x16, 0x15, 0x14, 0x07, 0x14, 0x07, 0x06, 0x15, 0x06, 0x17, 0x16, 0x17, 0x16, 0x37, 0x06,
    0x17, 0x16, 0x07, 0x06, 0x07, 0x06, 0x07, 0x36, 0x37, 0x36, 0x37, 0x36, 0x37, 0x36, 0x37, 0x36,
    0x37, 0x36, 0x37, 0x36, 0x05, 0x36, 0x27, 0x26, 0x35, 0x34, 0x37, 0x36, 0x27, 0x26, 0x07, 0x22,
    0x23, 0x06, 0x23, 0x06, 0x23, 0x22, 0x27, 0x22, 0x07, 0x06, 0x17, 0x16, 0x17, 0x16, 0x07, 0x06,
    0x27, 0x26, 0x27, 0x26, 0x27, 0x26, 0x27, 0x26, 0x27, 0x26, 0x27, 0x26, 0x07, 0x06, 0x17, 0x16,
    0x07, 0x06, 0x17, 0x16, 0x17, 0x16, 0x37, 0x36, 0x3B, 0x01, 0x16, 0x17, 0x16, 0x0A, 0x25, 0x07,
    0x01, 0x03, 0x02, 0x02, 0x08, 0x04, 0x16, 0x1C, 0x01, 0x19, 0x0D, 0x11, 0x15, 0x0F, 0x03, 0x03,
    0x06, 0x02, 0x01, 0x01, 0x02, 0x03, 0x02, 0x03, 0x01, 0x02, 0x0C, 0x0E, 0x10, 0x15, 0x09, 0x08,
    0x04, 0x05, 0x01, 0x0F, 0x12, 0x0A, 0x04, 0x09, 0x09, 0x05, 0x14, 0x14, 0xFD, 0x78, 0x04, 0x01,
    0x02, 0x01, 0x07, 0x04, 0x11, 0x0F, 0x08, 0x04, 0x05, 0x01, 0x01, 0x01, 0x08, 0x09, 0x07, 0x0A,
    0x05, 0x04, 0x06, 0x03, 0x04, 0x03, 0x02, 0x03, 0x08, 0x0E, 0x10, 0x03, 0x01, 0x04, 0x04, 0x07,
    0x09, 0x08, 0x04, 0x05, 0x06, 0x01, 0x0E, 0x0F, 0x0B, 0x16, 0x18, 0x0C, 0x25, 0x04, 0x1C, 0x17,
    0x08, 0x06, 0x05, 0x06, 0x0A, 0x07, 0x05, 0x06, 0x02, 0x02, 0x04, 0x04, 0x02, 0x08, 0x03, 0x03,
    0x08, 0x07, 0x06, 0x04, 0x03, 0x03, 0x09, 0x0D, 0x01, 0x06, 0x08, 0x0C, 0x12, 0x08, 0x23, 0x20,
    0x22, 0x15, 0x16, 0x09, 0x07, 0x13, 0x10, 0x07, 0x07, 0x0B, 0x0A, 0x04, 0x05, 0x1A, 0x1C, 0x22,
    0x20, 0x21, 0x0D, 0x68, 0x26, 0x4B, 0x4B, 0x13, 0x9C, 0x2B, 0x58, 0x05, 0x08, 0x42, 0x42, 0x0E,
    0x17, 0x04, 0x05, 0x02, 0x03, 0x0E, 0x05, 0x01, 0x01, 0x01, 0x02, 0x05, 0x05, 0x05, 0x01, 0x01,
    0x04, 0x0A, 0x15, 0x1A, 0x0E, 0x6E, 0x13, 0x24, 0x24, 0x13, 0x0D, 0x24, 0x1B, 0x14, 0x08, 0x07,
    0x04, 0x0A, 0x07, 0x05, 0x03, 0x09, 0x04, 0x0A, 0x06, 0x0A, 0x09, 0x12, 0x1A, 0x17, 0x2D, 0x17,
    0x2D, 0x24, 0x12, 0x36, 0x08, 0x10, 0x07, 0x10, 0x06, 0x0B, 0x07, 0x08, 0x0D, 0x10, 0x0B, 0x13,
    0x10, 0x0A, 0x0E, 0x06, 0x13, 0x0A, 0x0D, 0x14, 0x13, 0x1E, 0x22, 0x0F, 0x01, 0x62, 0x05, 0x04,
    0x05, 0x03, 0x02, 0x09, 0x08, 0x01, 0x03, 0x06, 0x04, 0x06, 0x09, 0x07, 0x06, 0x0C, 0x05, 0x0C,
    0x07, 0x07, 0x06, 0x08, 0x09, 0x01, 0x06, 0x12, 0x12, 0x0B, 0x04, 0x01, 0x03, 0x04, 0x03, 0x01,
    0x02, 0x02, 0x01, 0x05, 0x0A, 0x02, 0x04, 0x04, 0x02, 0x13, 0x01, 0x0A, 0x06, 0x09, 0x11, 0x09,
    0x0B, 0x0C, 0x05, 0x02, 0x02, 0x03, 0x01, 0x01, 0x06, 0x04, 0x11, 0x0B, 0x0D, 0x01, 0x5D, 0x1C,
    0x0D, 0x14, 0x04, 0x01, 0x03, 0x03, 0x0A, 0x04, 0x0D, 0x0E, 0x0A, 0x1D, 0x06, 0x03, 0x04, 0x01,
    0x01, 0x01, 0x01, 0x01, 0x02, 0x02, 0x04, 0x01, 0x01, 0x02, 0x0A, 0x05, 0x0E, 0x36, 0x03, 0x1E,
    0x16, 0x09, 0x01, 0x01, 0x01, 0xF8, 0xF3, 0x06, 0x02, 0x04, 0x03, 0xFD, 0x8B, 0x0F, 0x03, 0x01,
    0x01, 0x01, 0x01, 0x01, 0x01, 0x02, 0x01, 0x03, 0x04, 0x07, 0x02, 0x03, 0x03, 0x02, 0x01, 0x03,
    0x05, 0x01, 0x06, 0x68, 0x84, 0x44, 0x27, 0x43, 0x43, 0x1B, 0x18, 0x1B, 0x1B, 0x0D, 0x0D, 0x02,
    0x9D, 0x04, 0x02, 0x02, 0x02, 0x01, 0x03, 0x04, 0x16, 0x06, 0x07, 0x07, 0x03, 0x04, 0x02, 0x14,
    0x0A, 0x14, 0x0A, 0x1A, 0x11, 0x11, 0x09, 0x0B, 0x08, 0x08, 0x09, 0x09, 0x0A, 0x07, 0x0A, 0x08,
    0x05, 0x04, 0x03, 0x01, 0x05, 0x04, 0x09, 0x08, 0x01, 0x01, 0x04, 0x03, 0x01, 0x02, 0x01, 0x05,
    0x0D, 0x09, 0x11, 0x3F, 0x0F, 0x21, 0x20, 0x02, 0x82, 0x09, 0x10, 0x11, 0x09, 0x06, 0x12, 0x0E,
    0x09, 0x07, 0x03, 0x02, 0x01, 0x01, 0x05, 0x02, 0x0E, 0x0E, 0x09, 0x02, 0x06, 0x03, 0x04, 0x04,
    0x06, 0x0A, 0x0B, 0x07, 0x26, 0x0D, 0x1A, 0x19, 0x0F, 0x04, 0x05, 0x03, 0x02, 0x01, 0x03, 0x03,
    0x06, 0x0B, 0x02, 0x02, 0x01, 0x01, 0x01, 0x02, 0x02, 0x01, 0x0C, 0x05, 0x04, 0x02, 0x02, 0x01,
    0x0B, 0x05, 0x04, 0x04, 0x0D, 0x1B, 0x05, 0x02, 0x14, 0x10, 0x04, 0x08, 0x11, 0x10, 0x0B, 0x07,
    0x07, 0x08, 0x07, 0x06, 0x06, 0x08, 0x04, 0x08, 0x03, 0x03, 0x0A, 0x06, 0x0C, 0x0A, 0x02, 0x02,
    0x05, 0x02, 0x03, 0x04, 0x01, 0x09, 0x01, 0x02, 0x02, 0x02, 0x01, 0x08, 0x06, 0x09, 0x0A, 0x06,
    0x06, 0x0B, 0x0E, 0x07, 0x06, 0x0B, 0x0B, 0x06, 0x18, 0x0C, 0x0B, 0x16, 0x0F, 0x11, 0x0B, 0x12,
    0x0F, 0x0B, 0x04, 0x12, 0x13, 0x08, 0x0B, 0x01, 0x02, 0x07, 0x06, 0x1D, 0x1C, 0x23, 0x21, 0x1E,
    0x17, 0x1B, 0x1B, 0x1B, 0x18, 0x1D, 0x1D, 0x11, 0x13, 0x01, 0x01, 0x08, 0x03, 0x20, 0x0C, 0x17,
    0x18, 0x06, 0x31, 0x0E, 0x1D, 0x01, 0x04, 0x13, 0x13, 0x07, 0x0B, 0x12, 0x14, 0x0F, 0x05, 0x2A,
    0x1F, 0x08, 0x04, 0x0F, 0x04, 0x04, 0x05, 0x03, 0x03, 0x01, 0x58, 0x09, 0x04, 0x05, 0x04, 0x05,
    0x10, 0x0B, 0x0C, 0x18, 0x0D, 0x09, 0x16, 0x01, 0x02, 0x01, 0x01, 0x02, 0x02, 0x09, 0x03, 0x06,
    0x03, 0x06, 0x04, 0x06, 0x07, 0x04, 0x02, 0x04, 0x02, 0x03, 0x01, 0x01, 0x01, 0x01, 0x02, 0x01,
    0x02, 0x01, 0x05, 0x06, 0x10, 0x0C, 0x02, 0x02, 0x0B, 0x10, 0x06, 0x13, 0x0C, 0x10, 0x05, 0x04,
    0x02, 0x02, 0x07, 0x08, 0x02, 0x03, 0x02, 0x03, 0x04, 0x05, 0x03, 0x04, 0x07, 0x0D, 0x0A, 0x02,
    0x02, 0x02, 0x06, 0x06, 0x04, 0x07, 0x05, 0x0D, 0x04, 0x05, 0x04, 0x01, 0x03, 0x04, 0x01, 0x02,
    0x01, 0x01, 0x01, 0x02, 0x06, 0x01, 0x03, 0x03, 0x01, 0x0D, 0x0D, 0x0F, 0x09, 0x08, 0x02, 0x02,
    0x01, 0x02, 0x05, 0x02, 0x03, 0x03, 0x01, 0x01, 0x09, 0x07, 0x02, 0x01, 0x01, 0x1C, 0x06, 0x18,
    0x18, 0x01, 0x01, 0x02, 0x02, 0x02, 0x05, 0x11, 0x07, 0x0C, 0x0B, 0x0A, 0x04, 0x06, 0x06, 0x04,
    0x0A, 0x0B, 0x10, 0x16, 0x06, 0x0D, 0x0D, 0x07, 0x0E, 0x01, 0x02, 0x01, 0x08, 0x02, 0x01, 0x01,
    0x02, 0x9D, 0x02, 0x03, 0x04, 0x01, 0x20, 0x08, 0x09, 0x0A, 0x05, 0x05, 0x02, 0x1A, 0x0D, 0x07,
    0x0D, 0x0D, 0x06, 0x05, 0x14, 0x08, 0x04, 0x05, 0x01, 0x05, 0x01, 0x03, 0x03, 0x04, 0x01, 0x02,
    0x02, 0x03, 0x23, 0x2B, 0x16, 0x0C, 0x15, 0x16, 0x09, 0x07, 0x09, 0x09, 0x04, 0x04, 0x79, 0x06,
    0x10, 0x12, 0x04, 0x02, 0x12, 0x0C, 0x07, 0x04, 0x01, 0x01, 0x01, 0x01, 0x01, 0x02, 0x1B, 0x1B,
    0x07, 0x08, 0x06, 0x07, 0x02, 0x01, 0x07, 0x04, 0x0A, 0x08, 0x0D, 0x09, 0x10, 0x08, 0x05, 0x03,
    0x08, 0x08, 0x0C, 0x0D, 0x0A, 0x09, 0x0A, 0x0E, 0x05, 0x0E, 0x02, 0x01, 0x01, 0x02, 0x02, 0x00,
    0x00, 0x04, 0x00, 0x62, 0x00, 0x26, 0x05, 0x9B, 0x03, 0x59, 0x01, 0x40, 0x01, 0x45, 0x01, 0x58,
    0x01, 0x75, 0x00, 0x00, 0x01, 0x14, 0x17, 0x16, 0x07, 0x06, 0x27, 0x26, 0x2B, 0x01, 0x07, 0x22,
    0x23, 0x06, 0x23, 0x06, 0x07, 0x17, 0x14, 0x15, 0x16, 0x15, 0x17, 0x14, 0x07, 0x06, 0x27, 0x26,
    0x27, 0x26, 0x27, 0x26, 0x07, 0x06, 0x07, 0x06, 0x07, 0x06, 0x1D, 0x01, 0x14, 0x17, 0x16, 0x07,
    0x06, 0x27, 0x26, 0x27, 0x26, 0x27, 0x26, 0x3F, 0x01, 0x35, 0x34, 0x27, 0x23, 0x22, 0x07, 0x16,
    0x07, 0x06, 0x15, 0x14, 0x07, 0x06, 0x15, 0x14, 0x07, 0x06, 0x07, 0x22, 0x07, 0x06, 0x23, 0x06,
    0x23, 0x22, 0x1D, 0x01, 0x14, 0x07, 0x06, 0x15, 0x14, 0x17, 0x16, 0x07, 0x06, 0x17, 0x16, 0x17,
    0x16, 0x17, 0x16, 0x15, 0x16, 0x17, 0x16, 0x17, 0x16, 0x17, 0x16, 0x17, 0x14, 0x17, 0x16, 0x17,
    0x16, 0x15, 0x14, 0x17, 0x16, 0x15, 0x16, 0x15, 0x14, 0x17, 0x16, 0x33, 0x17, 0x16, 0x07, 0x06,
    0x17, 0x16, 0x07, 0x06, 0x27, 0x26, 0x0F, 0x01, 0x06, 0x23, 0x22, 0x27, 0x26, 0x23, 0x22, 0x27,
    0x26, 0x27, 0x26, 0x27, 0x26, 0x35, 0x34, 0x27, 0x26, 0x35, 0x34, 0x27, 0x26, 0x27, 0x26, 0x27,
    0x26, 0x27, 0x26, 0x35, 0x34, 0x27, 0x26, 0x27, 0x26, 0x27, 0x26, 0x35, 0x34, 0x27, 0x26, 0x35,
    0x34, 0x37, 0x34, 0x37, 0x36, 0x37, 0x36, 0x35, 0x34, 0x37, 0x36, 0x27, 0x26, 0x37, 0x34, 0x27,
    0x26, 0x07, 0x06, 0x07, 0x06, 0x27, 0x26, 0x23, 0x06, 0x23, 0x06, 0x23, 0x22, 0x07, 0x06, 0x27,
    0x26, 0x27, 0x26, 0x27, 0x26, 0x07, 0x06, 0x2B, 0x01, 0x22, 0x07, 0x06, 0x27, 0x26, 0x27, 0x26,
    0x37, 0x06, 0x07, 0x06, 0x15, 0x14, 0x07, 0x06, 0x0F, 0x01, 0x06, 0x07, 0x06, 0x07, 0x06, 0x07,
    0x06, 0x23, 0x22, 0x27, 0x26, 0x3D, 0x01, 0x26, 0x37, 0x36, 0x37, 0x36, 0x37, 0x36, 0x37, 0x36,
    0x17, 0x32, 0x17, 0x16, 0x3B, 0x01, 0x26, 0x35, 0x34, 0x37, 0x36, 0x37, 0x36, 0x37, 0x32, 0x3F,
    0x01, 0x36, 0x37, 0x36, 0x1F, 0x01, 0x31, 0x17, 0x16, 0x33, 0x32, 0x37, 0x36, 0x33, 0x16, 0x17,
    0x36, 0x37, 0x36, 0x33, 0x21, 0x32, 0x37, 0x36, 0x17, 0x32, 0x17, 0x16, 0x17, 0x16, 0x37, 0x36,
    0x17, 0x16, 0x17, 0x16, 0x07, 0x32, 0x15, 0x06, 0x15, 0x14, 0x17, 0x16, 0x07, 0x17, 0x16, 0x37,
    0x36, 0x33, 0x32, 0x37, 0x36, 0x05, 0x36, 0x35, 0x34, 0x27, 0x05, 0x16, 0x15, 0x16, 0x33, 0x26,
    0x27, 0x26, 0x27, 0x26, 0x27, 0x26, 0x2F, 0x01, 0x26, 0x27, 0x06, 0x17, 0x14, 0x37, 0x36, 0x37,
    0x36, 0x27, 0x36, 0x27, 0x26, 0x07, 0x06, 0x23, 0x27, 0x26, 0x07, 0x14, 0x17, 0x16, 0x17, 0x16,
    0x17, 0x16, 0x33, 0x32, 0x37, 0x32, 0x37, 0x36, 0x37, 0x36, 0x05, 0x98, 0x03, 0x03, 0x06, 0x05,
    0x0D, 0x09, 0x0E, 0x41, 0x02, 0x01, 0x02, 0x03, 0x03, 0x0B, 0x01, 0x02, 0x01, 0x01, 0x05, 0x05,
    0x09, 0x04, 0x08, 0x0A, 0x01, 0x09, 0x09, 0x06, 0x0E, 0x0A, 0x02, 0x05, 0x02, 0x02, 0x04, 0x06,
    0x1E, 0x28, 0x03, 0x26, 0x03, 0x03, 0x03, 0x03, 0x06, 0xAF, 0x05, 0x02, 0x04, 0x02, 0x02, 0x0A,
    0x0A, 0x18, 0x18, 0x1A, 0x08, 0x0F, 0x10, 0x07, 0x10, 0x1F, 0x09, 0x01, 0x01, 0x06, 0x06, 0x07,
    0x07, 0x08, 0x02, 0x09, 0x01, 0x01, 0x02, 0x01, 0x04, 0x01, 0x01, 0x01, 0x01, 0x01, 0x04, 0x01,
    0x01, 0x01, 0x01, 0x01, 0x01, 0x01, 0x01, 0x02, 0x02, 0x03, 0x04, 0x02, 0x02, 0x03, 0x03, 0x04,
    0x05, 0x0D, 0x1A, 0x09, 0x12, 0x0C, 0x08, 0x0A, 0x09, 0x0B, 0x08, 0x12, 0x06, 0x0A, 0x06, 0x07,
    0x04, 0x05, 0x03, 0x04, 0x02, 0x02, 0x02, 0x01, 0x02, 0x03, 0x02, 0x05, 0x02, 0x02, 0x0C, 0x07,
    0x02, 0x01, 0x01, 0x01, 0x01, 0x01, 0x02, 0x06, 0x07, 0x07, 0x06, 0x07, 0x02, 0x01, 0x02, 0x04,
    0x01, 0x02, 0x03, 0x04, 0x05, 0x03, 0x08, 0x0B, 0x15, 0x0B, 0x15, 0x03, 0x0A, 0x07, 0x05, 0x03,
    0x02, 0x01, 0x04, 0x06, 0x14, 0x18, 0x02, 0x49, 0x0B, 0x06, 0x0A, 0x07, 0x04, 0x05, 0x05, 0x01,
    0x06, 0x04, 0x04, 0x07, 0x08, 0x03, 0x09, 0x02, 0x02, 0x03, 0x02, 0x09, 0x0B, 0x0B, 0x19, 0x1F,
    0x02, 0x02, 0x02, 0x02, 0x01, 0x03, 0x03, 0x03, 0x03, 0x0C, 0x0C, 0x05, 0x08, 0x01, 0x01, 0x09,
    0x35, 0x05, 0x03, 0x02, 0x02, 0x01, 0x02, 0x01, 0x02, 0x03, 0x09, 0x05, 0x06, 0x0C, 0x05, 0x04,
    0x01, 0x07, 0x06, 0x01, 0x01, 0x02, 0x02, 0x02, 0x06, 0x0D, 0x0B, 0x13, 0x03, 0x06, 0x12, 0x09,
    0x0D, 0x0C, 0x0F, 0x06, 0x05, 0x0C, 0x0B, 0x10, 0x11, 0x0C, 0x08, 0x08, 0x06, 0x05, 0x0C, 0x01,
    0x04, 0x04, 0x03, 0x0C, 0x08, 0x28, 0x27, 0x0D, 0x0B, 0x09, 0x0C, 0xFA, 0xD9, 0x03, 0x03, 0x02,
    0x67, 0x05, 0x01, 0x0F, 0x04, 0x04, 0x02, 0x04, 0x01, 0x01, 0x01, 0x01, 0x01, 0x02, 0x01, 0x01,
    0x01, 0x7D, 0x02, 0x04, 0x03, 0x02, 0x02, 0x02, 0x03, 0x08, 0x16, 0x01, 0x22, 0x18, 0x02, 0x0B,
    0x0A, 0x04, 0x06, 0x01, 0x01, 0x0C, 0x0D, 0x06, 0x09, 0x05, 0x04, 0x01, 0x02, 0x02, 0xC3, 0x0A,
    0x15, 0x15, 0x09, 0x09, 0x01, 0x01, 0x01, 0x01, 0x03, 0x04, 0x07, 0x02, 0x02, 0x02, 0x01, 0x02,
    0x08, 0x08, 0x08, 0x08, 0x02, 0x0A, 0x0C, 0x02, 0x12, 0x08, 0x05, 0x0A, 0x06, 0x02, 0x05, 0x0B,
    0xED, 0x07, 0x16, 0x14, 0x0A, 0x12, 0x0B, 0x0E, 0x01, 0x0C, 0x24, 0x23, 0x20, 0x3C, 0x76, 0x10,
    0x01, 0x01, 0x06, 0x09, 0x0A, 0x05, 0x06, 0x06, 0x06, 0x09, 0x20, 0x03, 0x04, 0x02, 0x01, 0x01,
    0x01, 0x0A, 0x11, 0x14, 0x09, 0x0A, 0x15, 0x1E, 0x1D, 0x1F, 0x1B, 0x16, 0x23, 0x08, 0x31, 0x05,
    0x0A, 0x0A, 0x04, 0x09, 0x14, 0x02, 0x04, 0x05, 0x03, 0x07, 0x07, 0x01, 0x01, 0x02, 0x01, 0x01,
    0x01, 0x01, 0x02, 0x02, 0x01, 0x01, 0x03, 0x02, 0x01, 0x03, 0x03, 0x06, 0x09, 0x0A, 0x05, 0x07,
    0x03, 0x03, 0x01, 0x02, 0x02, 0x03, 0x02, 0x03, 0x03, 0x01, 0x01, 0x0D, 0x0C, 0x10, 0x14, 0x0B,
    0x06, 0x08, 0x05, 0x09, 0x05, 0x0A, 0x05, 0x0A, 0x09, 0x13, 0x14, 0x0A, 0x20, 0x1C, 0x0C, 0x04,
    0x02, 0x03, 0x01, 0x0C, 0x07, 0x09, 0x13, 0x0B, 0x0A, 0x13, 0x15, 0x0A, 0x13, 0x0A, 0x10, 0x0B,
    0x0D, 0x0D, 0x07, 0x16, 0x17, 0x03, 0x02, 0x04, 0x04, 0x04, 0x03, 0x04, 0x06, 0x01, 0x01, 0x01,
    0x01, 0x01, 0x01, 0x02, 0x03, 0x02, 0x02, 0x05, 0x04, 0x02, 0x04, 0x02, 0x02, 0x01, 0x01, 0x04,
    0x02, 0x0A, 0x0A, 0x04, 0x04, 0x15, 0x14, 0x0A, 0x09, 0x0D, 0x0E, 0x08, 0x15, 0x04, 0x07, 0x08,
    0x03, 0x14, 0x0B, 0x0B, 0x0F, 0x12, 0x14, 0xF9, 0x06, 0x06, 0x07, 0x04, 0x06, 0x05, 0x06, 0x05,
    0x05, 0x02, 0x03, 0x04, 0x07, 0x06, 0x06, 0x06, 0x04, 0x02, 0x01, 0x04, 0x05, 0x04, 0x09, 0x03,
    0x03, 0x06, 0x02, 0x02, 0x01, 0x03, 0x01, 0x01, 0x02, 0x0E, 0x0B, 0x08, 0x01, 0x01, 0x01, 0x08,
    0x08, 0x0A, 0x08, 0x03, 0x02, 0x07, 0x04, 0x0E, 0x0D, 0x0C, 0x06, 0x05, 0x08, 0x09, 0x07, 0x07,
    0x09, 0x06, 0x0B, 0x03, 0x03, 0x01, 0x01, 0x36, 0x0A, 0x10, 0x0E, 0x0B, 0x90, 0x0A, 0x01, 0x01,
    0x01, 0x06, 0x03, 0x04, 0x01, 0x03, 0x03, 0x01, 0x03, 0x02, 0x02, 0x04, 0x04, 0x06, 0x0E, 0x04,
    0x05, 0x04, 0x06, 0x07, 0x03, 0x03, 0x01, 0x02, 0x02, 0x01, 0x08, 0x02, 0x11, 0x11, 0x03, 0x05,
    0x05, 0x04, 0x01, 0x08, 0x06, 0x04, 0x06, 0x00, 0x00, 0x04, 0x00, 0x4F, 0x00, 0x40, 0x07, 0xD5,
    0x03, 0x40, 0x01, 0x38, 0x01, 0x49, 0x01, 0x61, 0x01, 0x65, 0x00, 0x00, 0x01, 0x06, 0x07, 0x06,
    0x15, 0x14, 0x27, 0x26, 0x07, 0x06, 0x17, 0x16, 0x1D, 0x01, 0x06, 0x23, 0x06, 0x2B, 0x01, 0x06,
    0x23, 0x21, 0x22, 0x27, 0x22, 0x27, 0x22, 0x27, 0x26, 0x15, 0x11, 0x36, 0x33, 0x32, 0x37, 0x34,
    0x37, 0x36, 0x37, 0x36, 0x3F, 0x01, 0x36, 0x37, 0x36, 0x35, 0x34, 0x27, 0x26, 0x33, 0x21, 0x32,
    0x37, 0x32, 0x1F, 0x01, 0x16, 0x33, 0x16, 0x37, 0x32, 0x17, 0x16, 0x37, 0x36, 0x1D, 0x01, 0x14,
    0x17, 0x16, 0x37, 0x36, 0x17, 0x16, 0x37, 0x32, 0x37, 0x33, 0x32, 0x17, 0x16, 0x17, 0x16, 0x17,
    0x16, 0x17, 0x16, 0x17, 0x16, 0x07, 0x06, 0x07, 0x06, 0x07, 0x06, 0x07, 0x06, 0x07, 0x06, 0x07,
    0x06, 0x15, 0x06, 0x15, 0x14, 0x07, 0x14, 0x07, 0x06, 0x07, 0x06, 0x07, 0x06, 0x1D, 0x01, 0x06,
    0x17, 0x16, 0x33, 0x16, 0x37, 0x32, 0x37, 0x32, 0x17, 0x16, 0x15, 0x06, 0x15, 0x16, 0x15, 0x07,
    0x33, 0x32, 0x17, 0x16, 0x37, 0x36, 0x27, 0x26, 0x33, 0x32, 0x37, 0x36, 0x3D, 0x01, 0x34, 0x37,
    0x36, 0x37, 0x16, 0x33, 0x16, 0x37, 0x36, 0x37, 0x36, 0x37, 0x36, 0x37, 0x36, 0x37, 0x36, 0x37,
    0x36, 0x17, 0x16, 0x17, 0x16, 0x15, 0x14, 0x17, 0x16, 0x15, 0x16, 0x15, 0x16, 0x15, 0x14, 0x17,
    0x16, 0x15, 0x14, 0x17, 0x16, 0x15, 0x14, 0x17, 0x14, 0x17, 0x16, 0x17, 0x14, 0x17, 0x16, 0x17,
    0x16, 0x17, 0x16, 0x1D, 0x01, 0x14, 0x17, 0x16, 0x17, 0x16, 0x17, 0x16, 0x17, 0x16, 0x17, 0x16,
    0x37, 0x36, 0x37, 0x36, 0x33, 0x36, 0x33, 0x32, 0x37, 0x36, 0x37, 0x36, 0x37, 0x36, 0x27, 0x26,
    0x27, 0x26, 0x27, 0x26, 0x2F, 0x01, 0x31, 0x27, 0x26, 0x27, 0x26, 0x35, 0x34, 0x27, 0x26, 0x35,
    0x34, 0x37, 0x36, 0x35, 0x34, 0x37, 0x36, 0x17, 0x16, 0x17, 0x16, 0x17, 0x16, 0x17, 0x16, 0x3B,
    0x01, 0x32, 0x37, 0x36, 0x35, 0x26, 0x37, 0x34, 0x2F, 0x01, 0x26, 0x27, 0x26, 0x27, 0x33, 0x16,
    0x37, 0x36, 0x27, 0x34, 0x37, 0x35, 0x34, 0x27, 0x26, 0x27, 0x22, 0x27, 0x26, 0x27, 0x26, 0x23,
    0x22, 0x07, 0x06, 0x27, 0x26, 0x27, 0x26, 0x27, 0x26, 0x07, 0x06, 0x23, 0x21, 0x22, 0x27, 0x26,
    0x07, 0x16, 0x0F, 0x01, 0x31, 0x01, 0x16, 0x17, 0x16, 0x33, 0x16, 0x17, 0x26, 0x27, 0x26, 0x27,
    0x26, 0x3F, 0x01, 0x16, 0x17, 0x16, 0x37, 0x06, 0x07, 0x06, 0x07, 0x06, 0x07, 0x06, 0x07, 0x06,
    0x27, 0x26, 0x27, 0x26, 0x27, 0x26, 0x35, 0x36, 0x37, 0x36, 0x37, 0x36, 0x17, 0x16, 0x01, 0x35,
    0x27, 0x14, 0x03, 0x94, 0x05, 0x02, 0x03, 0x4B, 0x4C, 0x09, 0x06, 0x03, 0x03, 0x02, 0x06, 0x09,
    0x11, 0x1B, 0x1C, 0x38, 0xFE, 0x8C, 0x2E, 0x17, 0x20, 0x23, 0x02, 0x05, 0x07, 0x14, 0x05, 0x0A,
    0x04, 0x05, 0x02, 0x02, 0x01, 0x04, 0x06, 0x02, 0x04, 0x03, 0x02, 0x02, 0x10, 0x01, 0xE4, 0x05,
    0x03, 0x05, 0x02, 0x01, 0x01, 0x02, 0x02, 0x03, 0x03, 0x01, 0x06, 0x0B, 0x0B, 0x0A, 0x09, 0x0A,
    0x13, 0x1F, 0x23, 0x13, 0x44, 0x22, 0x66, 0x06, 0x07, 0x02, 0x02, 0x03, 0x01, 0x01, 0x01, 0x05,
    0x01, 0x02, 0x01, 0x02, 0x06, 0x03, 0x04, 0x05, 0x02, 0x03, 0x05, 0x04, 0x06, 0x01, 0x01, 0x01,
    0x05, 0x03, 0x02, 0x08, 0x02, 0x02, 0x01, 0x04, 0x04, 0x0B, 0x0B, 0x0D, 0x07, 0x05, 0x08, 0x02,
    0x01, 0x01, 0x01, 0x01, 0x70, 0x03, 0x2A, 0x20, 0x04, 0x01, 0x01, 0x01, 0x03, 0x05, 0x02, 0x01,
    0x07, 0x06, 0x20, 0x19, 0x1E, 0x1E, 0x22, 0x0E, 0x0D, 0x0B, 0x0D, 0x09, 0x08, 0x08, 0x08, 0x17,
    0x0D, 0x0D, 0x1C, 0x15, 0x07, 0x07, 0x01, 0x01, 0x01, 0x01, 0x01, 0x01, 0x02, 0x02, 0x02, 0x01,
    0x01, 0x01, 0x02, 0x01, 0x02, 0x02, 0x03, 0x03, 0x01, 0x03, 0x05, 0x03, 0x04, 0x04, 0x05, 0x06,
    0x0D, 0x06, 0x0C, 0x04, 0x0F, 0x03, 0x07, 0x07, 0x03, 0x0D, 0x06, 0x08, 0x19, 0x0E, 0x10, 0x19,
    0x0B, 0x04, 0x05, 0x06, 0x01, 0x03, 0x04, 0x05, 0x05, 0x04, 0x08, 0x07, 0x03, 0x04, 0x01, 0x01,
    0x19, 0x19, 0x03, 0x0C, 0x05, 0x03, 0x05, 0x06, 0x02, 0x08, 0x05, 0x14, 0x12, 0x01, 0x01, 0x02,
    0x02, 0x02, 0x15, 0x02, 0x08, 0x08, 0x04, 0x60, 0x10, 0x02, 0x02, 0x02, 0x01, 0x01, 0x01, 0x0C,
    0x06, 0x0D, 0x0E, 0x08, 0x1E, 0x0C, 0x0C, 0x1C, 0x19, 0x09, 0x08, 0x04, 0x05, 0x09, 0x07, 0x22,
    0x23, 0x0A, 0xFD, 0x1F, 0x15, 0x0A, 0x0B, 0x18, 0x02, 0x02, 0x02, 0x01, 0xD5, 0x01, 0x02, 0x02,
    0x01, 0x01, 0x04, 0x13, 0x13, 0x12, 0x0E, 0x06, 0x0F, 0x13, 0x01, 0x09, 0x07, 0x88, 0x0E, 0x07,
    0x0A, 0x10, 0x03, 0x0D, 0x06, 0x0D, 0x09, 0x03, 0x06, 0x03, 0x06, 0x05, 0x04, 0x02, 0x05, 0x0C,
    0x0D, 0x17, 0x18, 0x15, 0xFE, 0x2E, 0x01, 0x03, 0x35, 0x08, 0x01, 0x02, 0x0A, 0x08, 0x08, 0x07,
    0x14, 0x0B, 0x16, 0x17, 0x0C, 0x2A, 0x02, 0x01, 0x01, 0x01, 0x05, 0x04, 0x03, 0x05, 0xFE, 0x94,
    0x02, 0x10, 0x01, 0x0C, 0x06, 0x08, 0x15, 0x2A, 0x3F, 0x16, 0x17, 0x17, 0x15, 0x06, 0x12, 0x0E,
    0x01, 0x01, 0x03, 0x04, 0x05, 0x02, 0x01, 0x06, 0x03, 0x03, 0x08, 0x50, 0x08, 0x09, 0x09, 0x05,
    0x0A, 0x03, 0x03, 0x01, 0x01, 0x0D, 0x03, 0x04, 0x05, 0x02, 0x03, 0x01, 0x09, 0x07, 0x0A, 0x07,
    0x14, 0x0E, 0x05, 0x0B, 0x0C, 0x06, 0x08, 0x08, 0x05, 0x0C, 0x03, 0x05, 0x01, 0x03, 0x03, 0x01,
    0x01, 0x07, 0x03, 0x06, 0x1C, 0x23, 0x2E, 0x15, 0x22, 0x13, 0x0F, 0x0F, 0x02, 0x02, 0x01, 0x02,
    0x01, 0x04, 0x02, 0x02, 0x01, 0x07, 0x06, 0x02, 0x02, 0x0A, 0x03, 0x07, 0x07, 0x05, 0x03, 0x05,
    0x23, 0x4A, 0x3E, 0x41, 0x3C, 0x18, 0x01, 0x04, 0x01, 0x07, 0x05, 0x07, 0x04, 0x08, 0x08, 0x04,
    0x0B, 0x17, 0x18, 0x06, 0x04, 0x12, 0x12, 0x14, 0x17, 0x0B, 0x06, 0x0B, 0x0C, 0x06, 0x03, 0x05,
    0x06, 0x02, 0x05, 0x0B, 0x06, 0x0A, 0x0C, 0x04, 0x0B, 0x16, 0x06, 0x0A, 0x0A, 0x06, 0x03, 0x0E,
    0x07, 0x0A, 0x05, 0x02, 0x03, 0x06, 0x08, 0x05, 0x02, 0x08, 0x09, 0x06, 0x0C, 0x0D, 0x05, 0x06,
    0x05, 0x02, 0x04, 0x01, 0x03, 0x01, 0x01, 0x01, 0x01, 0x04, 0x01, 0x09, 0x0D, 0x32, 0x13, 0x17,
    0x18, 0x04, 0x13, 0x0D, 0x10, 0x0F, 0x0F, 0x12, 0x0F, 0x12, 0x12, 0x10, 0x0F, 0x13, 0x17, 0x0B,
    0x0B, 0x17, 0x0C, 0x01, 0x01, 0x06, 0x14, 0x0A, 0x05, 0x0A, 0x0A, 0x05, 0x0E, 0x04, 0x03, 0x12,
    0x03, 0x05, 0x04, 0x04, 0x30, 0x06, 0x10, 0x11, 0x0A, 0x02, 0x05, 0x03, 0x0B, 0x18, 0x12, 0x2A,
    0x0C, 0x03, 0x02, 0x02, 0x01, 0x02, 0x01, 0x02, 0x05, 0x04, 0x12, 0x12, 0x15, 0x14, 0x11, 0x0D,
    0x03, 0x03, 0x13, 0x12, 0x03, 0x05, 0x02, 0x02, 0xFE, 0x78, 0x01, 0x01, 0x02, 0x02, 0x04, 0x01,
    0x0A, 0x09, 0x0E, 0x05, 0x10, 0x13, 0x0F, 0x13, 0x11, 0x28, 0x12, 0x08, 0x0D, 0x0A, 0x02, 0x05,
    0x03, 0x02, 0x01, 0x04, 0x06, 0x05, 0x0A, 0x12, 0x0C, 0x10, 0x15, 0x01, 0x03, 0x02, 0x04, 0x0B,
    0x0B, 0xFE, 0x80, 0x02, 0x01, 0x01, 0x00, 0x00, 0x00, 0x05, 0x00, 0x63, 0x00, 0x41, 0x07, 0xDC,
    0x03, 0x3E, 0x00, 0x22, 0x00, 0x43, 0x00, 0x53, 0x00, 0x72, 0x01, 0x84, 0x00, 0x00, 0x01, 0x36,
    0x37, 0x36, 0x37, 0x36, 0x17, 0x16, 0x17, 0x16, 0x17, 0x16, 0x17, 0x16, 0x07, 0x06, 0x07, 0x06,
    0x27, 0x26, 0x27, 0x26, 0x37, 0x35, 0x34, 0x23, 0x06, 0x2B, 0x01, 0x22, 0x3D, 0x01, 0x26, 0x35,
    0x26, 0x05, 0x14, 0x07, 0x06, 0x07, 0x06, 0x07, 0x06, 0x27, 0x26, 0x27, 0x26, 0x35, 0x26, 0x27,
    0x26, 0x37, 0x36, 0x37, 0x36, 0x37, 0x36, 0x37, 0x36, 0x37, 0x36, 0x17, 0x16, 0x3B, 0x01, 0x32,
    0x17, 0x16, 0x01, 0x06, 0x15, 0x06, 0x23, 0x21, 0x22, 0x3D, 0x01, 0x16, 0x17, 0x16, 0x3B, 0x01,
    0x17, 0x16, 0x37, 0x16, 0x07, 0x06, 0x1D, 0x01, 0x14, 0x23, 0x22, 0x27, 0x26, 0x35, 0x26, 0x35,
    0x26, 0x35, 0x26, 0x35, 0x34, 0x37, 0x36, 0x37, 0x36, 0x27, 0x26, 0x23, 0x26, 0x3D, 0x01, 0x34,
    0x33, 0x05, 0x23, 0x22, 0x37, 0x36, 0x3D, 0x01, 0x34, 0x2F, 0x01, 0x26, 0x2F, 0x01, 0x26, 0x27,
    0x23, 0x22, 0x27, 0x26, 0x27, 0x26, 0x35, 0x26, 0x3D, 0x01, 0x34, 0x27, 0x26, 0x07, 0x06, 0x23,
    0x06, 0x07, 0x06, 0x1D, 0x01, 0x06, 0x17, 0x16, 0x37, 0x17, 0x15, 0x14, 0x07, 0x06, 0x07, 0x06,
    0x07, 0x06, 0x23, 0x21, 0x22, 0x37, 0x36, 0x35, 0x34, 0x37, 0x32, 0x3F, 0x01, 0x36, 0x35, 0x26,
    0x3D, 0x01, 0x26, 0x27, 0x26, 0x07, 0x06, 0x07, 0x06, 0x15, 0x14, 0x07, 0x06, 0x07, 0x06, 0x07,
    0x06, 0x07, 0x06, 0x07, 0x06, 0x07, 0x06, 0x07, 0x06, 0x17, 0x16, 0x23, 0x21, 0x22, 0x07, 0x06,
    0x07, 0x06, 0x27, 0x26, 0x23, 0x21, 0x22, 0x07, 0x06, 0x17, 0x16, 0x17, 0x16, 0x15, 0x16, 0x15,
    0x16, 0x1D, 0x01, 0x06, 0x33, 0x21, 0x32, 0x37, 0x36, 0x37, 0x36, 0x17, 0x32, 0x33, 0x16, 0x33,
    0x16, 0x33, 0x32, 0x17, 0x16, 0x17, 0x16, 0x17, 0x16, 0x17, 0x16, 0x17, 0x16, 0x17, 0x16, 0x17,
    0x16, 0x1D, 0x01, 0x06, 0x17, 0x16, 0x17, 0x32, 0x17, 0x16, 0x33, 0x17, 0x16, 0x17, 0x16, 0x37,
    0x36, 0x37, 0x36, 0x37, 0x36, 0x37, 0x36, 0x37, 0x36, 0x37, 0x36, 0x33, 0x16, 0x37, 0x36, 0x17,
    0x16, 0x07, 0x06, 0x07, 0x06, 0x07, 0x06, 0x07, 0x06, 0x07, 0x06, 0x07, 0x06, 0x07, 0x06, 0x07,
    0x06, 0x17, 0x32, 0x17, 0x16, 0x37, 0x36, 0x33, 0x36, 0x33, 0x32, 0x37, 0x36, 0x33, 0x36, 0x37,
    0x36, 0x37, 0x36, 0x37, 0x36, 0x3F, 0x01, 0x34, 0x37, 0x36, 0x35, 0x34, 0x37, 0x36, 0x33, 0x32,
    0x37, 0x36, 0x17, 0x16, 0x17, 0x14, 0x17, 0x16, 0x37, 0x36, 0x33, 0x32, 0x37, 0x36, 0x37, 0x36,
    0x3D, 0x01, 0x36, 0x37, 0x36, 0x37, 0x34, 0x37, 0x36, 0x37, 0x34, 0x37, 0x36, 0x37, 0x36, 0x27,
    0x26, 0x27, 0x26, 0x27, 0x37, 0x36, 0x33, 0x32, 0x17, 0x16, 0x3B, 0x01, 0x32, 0x17, 0x16, 0x37,
    0x36, 0x27, 0x26, 0x05, 0x5E, 0x0D, 0x11, 0x16, 0x0B, 0x0E, 0x04, 0x04, 0x07, 0x0B, 0x0F, 0x0F,
    0x08, 0x0D, 0x09, 0x08, 0x1B, 0x16, 0x0E, 0x0D, 0x13, 0x03, 0x01, 0x07, 0x05, 0x04, 0x1D, 0x01,
    0x01, 0x01, 0xFE, 0xFC, 0x2A, 0x2A, 0x1B, 0x19, 0x14, 0x14, 0x18, 0x10, 0x06, 0x06, 0x01, 0x02,
    0x02, 0x06, 0x05, 0x07, 0x05, 0x08, 0x01, 0x0A, 0x09, 0x04, 0x06, 0x04, 0x03, 0x05, 0x82, 0x10,
    0x08, 0x06, 0x02, 0x26, 0x04, 0x02, 0x08, 0xFE, 0xC1, 0x01, 0x18, 0x37, 0x27, 0x27, 0x9C, 0x10,
    0x0B, 0x22, 0x0B, 0x01, 0x03, 0x06, 0x06, 0x02, 0x01, 0x01, 0x01, 0x01, 0x04, 0x04, 0x03, 0x01,
    0x04, 0x05, 0x05, 0x05, 0x04, 0x01, 0x3A, 0x9B, 0x05, 0x01, 0x01, 0x0D, 0x1B, 0x01, 0x10, 0x12,
    0x05, 0x05, 0x0D, 0x0A, 0x05, 0x04, 0x03, 0x03, 0x01, 0x01, 0x01, 0x0C, 0x10, 0x02, 0x0A, 0x04,
    0x05, 0x01, 0x01, 0x01, 0x04, 0x02, 0x07, 0x07, 0x0B, 0x0A, 0x04, 0x08, 0x06, 0xFE, 0xBB, 0x05,
    0x02, 0x01, 0x03, 0x01, 0x01, 0x01, 0x01, 0x01, 0x02, 0x03, 0x09, 0x10, 0x0F, 0x05, 0x03, 0x0C,
    0x0C, 0x04, 0x03, 0x06, 0x02, 0x04, 0x05, 0x03, 0x02, 0x06, 0x06, 0x02, 0x03, 0x02, 0x02, 0x06,
    0xFE, 0x98, 0x15, 0x24, 0x13, 0x26, 0x13, 0x1C, 0x11, 0x1F, 0xFE, 0x22, 0x0C, 0x07, 0x07, 0x01,
    0x01, 0x01, 0x01, 0x01, 0x01, 0x02, 0x21, 0x01, 0xB3, 0x0C, 0x09, 0x0C, 0x01, 0x02, 0x10, 0x05,
    0x04, 0x05, 0x02, 0x02, 0x01, 0x03, 0x06, 0x04, 0x04, 0x20, 0x11, 0x10, 0x20, 0x0B, 0x09, 0x03,
    0x07, 0x07, 0x03, 0x07, 0x01, 0x02, 0x03, 0x06, 0x04, 0x08, 0x08, 0x04, 0x18, 0x19, 0x32, 0x25,
    0x26, 0x3C, 0x3A, 0x3B, 0x2D, 0x06, 0x0A, 0x0A, 0x03, 0x05, 0x06, 0x06, 0x0A, 0x09, 0x20, 0x18,
    0x08, 0x01, 0x01, 0x01, 0x03, 0x02, 0x04, 0x01, 0x02, 0x02, 0x01, 0x01, 0x01, 0x01, 0x01, 0x02,
    0x02, 0x01, 0x08, 0x02, 0x10, 0x08, 0x07, 0x05, 0x09, 0x05, 0x09, 0x09, 0x04, 0x09, 0x11, 0x1D,
    0x23, 0x20, 0x19, 0x1B, 0x11, 0x0F, 0x03, 0x03, 0x01, 0x01, 0x07, 0x08, 0x05, 0x01, 0x25, 0x1E,
    0x02, 0x04, 0x02, 0x03, 0x04, 0x18, 0x1E, 0x0A, 0x0B, 0x05, 0x06, 0x03, 0x03, 0x01, 0x01, 0x01,
    0x01, 0x01, 0x02, 0x01, 0x01, 0x02, 0x01, 0x02, 0x03, 0x03, 0x08, 0x0A, 0x05, 0x05, 0x05, 0x01,
    0x01, 0x02, 0x01, 0x03, 0x69, 0x13, 0x0B, 0x0D, 0x0F, 0x16, 0x03, 0x03, 0x01, 0x60, 0x0E, 0x03,
    0x04, 0x01, 0x02, 0x03, 0x04, 0x0A, 0x0E, 0x09, 0x0A, 0x0F, 0x19, 0x16, 0x15, 0x0B, 0x08, 0x0B,
    0x0A, 0x06, 0x02, 0x08, 0x0C, 0x02, 0x01, 0x07, 0x08, 0x0A, 0x17, 0x11, 0x16, 0x23, 0x16, 0x16,
    0x0B, 0x0B, 0x04, 0x06, 0x12, 0x0A, 0x11, 0x10, 0x13, 0x07, 0x0D, 0x0D, 0x07, 0x06, 0x06, 0x04,
    0x08, 0x01, 0x0C, 0x09, 0x01, 0x02, 0x01, 0x01, 0x15, 0x15, 0x01, 0x10, 0x07, 0x03, 0x02, 0x10,
    0x12, 0x01, 0x04, 0x03, 0x02, 0x03, 0x0A, 0x07, 0x19, 0x19, 0x0C, 0x2A, 0x03, 0x05, 0x04, 0x07,
    0x08, 0x04, 0x04, 0x07, 0x08, 0x04, 0x08, 0x05, 0x05, 0x08, 0x07, 0x04, 0x03, 0x02, 0x02, 0x08,
    0x0B, 0x79, 0x09, 0x06, 0x07, 0x61, 0x15, 0x0D, 0x1B, 0x01, 0x13, 0x12, 0x05, 0x02, 0x03, 0x03,
    0x0C, 0x0A, 0x08, 0x05, 0x0C, 0x14, 0x0D, 0x07, 0x09, 0x01, 0x02, 0x02, 0x07, 0x08, 0x07, 0x0A,
    0x06, 0x03, 0x05, 0x04, 0x04, 0x04, 0x0D, 0x03, 0x03, 0x06, 0x07, 0x03, 0x07, 0x0B, 0x07, 0x07,
    0x04, 0x02, 0x02, 0x02, 0x03, 0x06, 0x03, 0x05, 0x13, 0x0D, 0x05, 0x14, 0x0A, 0x09, 0x10, 0x0B,
    0x0D, 0x0F, 0x04, 0x05, 0x07, 0x05, 0x0E, 0x06, 0x0D, 0x0D, 0x06, 0x06, 0x0C, 0x0D, 0x07, 0x05,
    0x18, 0x17, 0x02, 0x01, 0x06, 0x04, 0x02, 0x01, 0x03, 0x03, 0x12, 0x0D, 0x1B, 0x1C, 0x0E, 0x1C,
    0x38, 0x19, 0x31, 0x8C, 0x2D, 0x0B, 0x10, 0x03, 0x02, 0x01, 0x01, 0x01, 0x02, 0x03, 0x01, 0x0C,
    0x06, 0x07, 0x0C, 0x03, 0x04, 0x01, 0x03, 0x03, 0x01, 0x01, 0x03, 0x1D, 0x04, 0x01, 0x02, 0x01,
    0x01, 0x01, 0x03, 0x02, 0x02, 0x01, 0x01, 0x01, 0x22, 0x22, 0x23, 0x03, 0x09, 0x08, 0x04, 0x09,
    0x04, 0x02, 0x01, 0x02, 0x01, 0x11, 0x06, 0x07, 0x03, 0x0B, 0x09, 0x10, 0x04, 0x09, 0x09, 0x04,
    0x02, 0x05, 0x05, 0x03, 0x04, 0x0C, 0x0B, 0x02, 0x05, 0x02, 0x02, 0x01, 0x01, 0x01, 0x01, 0x01,
    0x0C, 0x0B, 0x13, 0x16, 0x21, 0x1F, 0x24, 0x18, 0x04, 0x08, 0x08, 0x04, 0x06, 0x0B, 0x0B, 0x02,
    0x02, 0x0C, 0x12, 0x12, 0x13, 0x12, 0x16, 0x02, 0x02, 0x01, 0x02, 0x08, 0x08, 0x0B, 0x12, 0x06,
    0x0D, 0x0D, 0x06, 0x07, 0x0C, 0x0D, 0x06, 0x01, 0x07, 0x07, 0x04, 0x0C, 0x07, 0x09, 0x0C, 0x0C,
    0x05, 0x05, 0x03, 0x03, 0x04, 0x01, 0x01, 0x03, 0x04, 0x25, 0x24, 0x00, 0x00, 0x03, 0x00, 0x62,
    0x00, 0x27, 0x0B, 0x9D, 0x03, 0x5A, 0x01, 0xB4, 0x01, 0xC9, 0x01, 0xD6, 0x00, 0x00, 0x01, 0x26,
    0x07, 0x06, 0x07, 0x06, 0x07, 0x06, 0x23, 0x22, 0x07, 0x22, 0x07, 0x06, 0x23, 0x06, 0x27, 0x26,
    0x27, 0x26, 0x27, 0x26, 0x27, 0x26, 0x35, 0x34, 0x3F, 0x01, 0x35, 0x34, 0x37, 0x36, 0x27, 0x26,
    0x23, 0x06, 0x07, 0x22, 0x23, 0x06, 0x07, 0x22, 0x07, 0x06, 0x07, 0x06, 0x07, 0x06, 0x15, 0x06,
    0x17, 0x16, 0x1D, 0x01, 0x14, 0x17, 0x21, 0x06, 0x27, 0x26, 0x37, 0x26, 0x27, 0x23, 0x16, 0x17,
    0x16, 0x15, 0x14, 0x17, 0x21, 0x06, 0x27, 0x26, 0x27, 0x26, 0x07, 0x06, 0x07, 0x06, 0x35, 0x34,
    0x2F, 0x01, 0x26, 0x27, 0x26, 0x27, 0x26, 0x07, 0x22, 0x23, 0x06, 0x23, 0x06, 0x23, 0x06, 0x27,
    0x26, 0x27, 0x26, 0x23, 0x26, 0x07, 0x06, 0x07, 0x06, 0x07, 0x06, 0x07, 0x06, 0x0F, 0x01, 0x31,
    0x07, 0x06, 0x31, 0x06, 0x07, 0x06, 0x07, 0x06, 0x07, 0x06, 0x23, 0x06, 0x27, 0x21, 0x22, 0x07,
    0x06, 0x17, 0x16, 0x17, 0x16, 0x17, 0x16, 0x17, 0x16, 0x17, 0x16, 0x17, 0x16, 0x15, 0x16, 0x17,
    0x16, 0x15, 0x16, 0x15, 0x14, 0x17, 0x16, 0x17, 0x16, 0x37, 0x36, 0x37, 0x36, 0x37, 0x36, 0x37,
    0x36, 0x37, 0x36, 0x37, 0x36, 0x37, 0x36, 0x37, 0x36, 0x33, 0x36, 0x37, 0x36, 0x37, 0x36, 0x37,
    0x36, 0x33, 0x36, 0x3B, 0x01, 0x16, 0x17, 0x16, 0x17, 0x16, 0x17, 0x16, 0x17, 0x16, 0x07, 0x06,
    0x07, 0x06, 0x07, 0x06, 0x07, 0x06, 0x0F, 0x01, 0x31, 0x07, 0x06, 0x17, 0x16, 0x17, 0x16, 0x17,
    0x16, 0x17, 0x16, 0x17, 0x16, 0x37, 0x36, 0x35, 0x34, 0x37, 0x36, 0x37, 0x36, 0x35, 0x36, 0x37,
    0x36, 0x37, 0x36, 0x37, 0x36, 0x37, 0x36, 0x37, 0x36, 0x37, 0x36, 0x37, 0x36, 0x37, 0x36, 0x37,
    0x36, 0x37, 0x36, 0x37, 0x36, 0x37, 0x36, 0x17, 0x16, 0x17, 0x16, 0x17, 0x16, 0x37, 0x36, 0x37,
    0x36, 0x37, 0x36, 0x37, 0x36, 0x3F, 0x01, 0x31, 0x37, 0x36, 0x31, 0x32, 0x37, 0x36, 0x37, 0x16,
    0x17, 0x16, 0x17, 0x16, 0x17, 0x16, 0x17, 0x16, 0x17, 0x16, 0x1F, 0x01, 0x16, 0x17, 0x16, 0x17,
    0x16, 0x37, 0x36, 0x37, 0x36, 0x37, 0x36, 0x37, 0x36, 0x37, 0x26, 0x27, 0x26, 0x27, 0x26, 0x27,
    0x26, 0x27, 0x26, 0x27, 0x26, 0x27, 0x26, 0x27, 0x26, 0x27, 0x34, 0x27, 0x26, 0x27, 0x26, 0x27,
    0x26, 0x37, 0x36, 0x37, 0x34, 0x35, 0x36, 0x35, 0x37, 0x32, 0x37, 0x32, 0x37, 0x36, 0x37, 0x36,
    0x37, 0x14, 0x17, 0x14, 0x17, 0x16, 0x37, 0x36, 0x37, 0x32, 0x37, 0x36, 0x33, 0x32, 0x37, 0x36,
    0x37, 0x36, 0x3B, 0x01, 0x36, 0x33, 0x36, 0x3B, 0x01, 0x32, 0x35, 0x34, 0x37, 0x36, 0x35, 0x34,
    0x37, 0x36, 0x35, 0x3F, 0x01, 0x32, 0x37, 0x36, 0x37, 0x36, 0x37, 0x36, 0x33, 0x36, 0x37, 0x36,
    0x37, 0x36, 0x1F, 0x01, 0x16, 0x17, 0x16, 0x17, 0x16, 0x17, 0x16, 0x17, 0x16, 0x17, 0x16, 0x17,
    0x16, 0x37, 0x36, 0x37, 0x36, 0x27, 0x36, 0x37, 0x33, 0x32, 0x37, 0x33, 0x32, 0x37, 0x33, 0x32,
    0x37, 0x32, 0x37, 0x36, 0x33, 0x36, 0x3B, 0x01, 0x16, 0x37, 0x36, 0x35, 0x34, 0x35, 0x36, 0x35,
    0x36, 0x35, 0x36, 0x05, 0x33, 0x32, 0x17, 0x16, 0x07, 0x06, 0x27, 0x22, 0x23, 0x26, 0x23, 0x26,
    0x23, 0x22, 0x27, 0x22, 0x27, 0x26, 0x37, 0x36, 0x25, 0x27, 0x26, 0x27, 0x26, 0x35, 0x21, 0x06,
    0x07, 0x06, 0x07, 0x26, 0x27, 0x0B, 0x8F, 0x0B, 0x23, 0x0D, 0x11, 0x11, 0x04, 0x16, 0x18, 0x20,
    0x0F, 0x1A, 0x34, 0x34, 0x1A, 0x4E, 0x4F, 0x18, 0x0C, 0x13, 0x0E, 0x04, 0x0F, 0x0F, 0x05, 0x05,
    0x01, 0x01, 0x02, 0x02, 0x05, 0x10, 0x07, 0x04, 0x07, 0x08, 0x04, 0x07, 0x04, 0x01, 0x02, 0x02,
    0x01, 0x02, 0x03, 0x03, 0x03, 0x01, 0xFD, 0x24, 0x06, 0x06, 0x0B, 0x07, 0x01, 0x09, 0x2B, 0x04,
    0x01, 0x01, 0x01, 0xFE, 0xE7, 0x0D, 0x0D, 0x11, 0x12, 0x12, 0x11, 0x03, 0x27, 0x24, 0x01, 0x03,
    0x01, 0x06, 0x06, 0x04, 0x05, 0x0C, 0x03, 0x04, 0x05, 0x03, 0x03, 0x02, 0x06, 0x0B, 0x0A, 0x04,
    0x06, 0x0A, 0x1F, 0x03, 0x02, 0x04, 0x02, 0x02, 0x03, 0x0B, 0x0A, 0x06, 0x05, 0x07, 0x07, 0x14,
    0x13, 0x10, 0x18, 0x0C, 0x05, 0x05, 0x0B, 0x04, 0x04, 0xFD, 0xB2, 0x16, 0x0A, 0x0A, 0x02, 0x07,
    0x01, 0x04, 0x01, 0x01, 0x01, 0x01, 0x01, 0x01, 0x01, 0x02, 0x01, 0x01, 0x01, 0x01, 0x05, 0x03,
    0x06, 0x04, 0x11, 0x07, 0x06, 0x04, 0x07, 0x14, 0x1E, 0x13, 0x21, 0x2F, 0x3C, 0x3A, 0x41, 0x0E,
    0x1D, 0x1D, 0x0F, 0x0E, 0x1C, 0x1D, 0x0F, 0x19, 0x34, 0x0D, 0x19, 0x1A, 0x0D, 0x13, 0x0E, 0x02,
    0x04, 0x08, 0x02, 0x04, 0x04, 0x02, 0x0C, 0x07, 0x07, 0x05, 0x12, 0x0A, 0x04, 0x0B, 0x0B, 0x06,
    0x03, 0x05, 0x04, 0x08, 0x1A, 0x0D, 0x1A, 0x0D, 0x10, 0x09, 0x09, 0x12, 0x0A, 0x01, 0x01, 0x02,
    0x01, 0x01, 0x02, 0x01, 0x05, 0x01, 0x03, 0x03, 0x02, 0x01, 0x02, 0x03, 0x02, 0x02, 0x02, 0x03,
    0x01, 0x01, 0x02, 0x03, 0x01, 0x03, 0x07, 0x05, 0x06, 0x04, 0x05, 0x05, 0x05, 0x03, 0x08, 0x14,
    0x13, 0x13, 0x16, 0x0D, 0x0F, 0x10, 0x0A, 0x04, 0x05, 0x02, 0x06, 0x04, 0x03, 0x04, 0x01, 0x04,
    0x0D, 0x03, 0x15, 0x0E, 0x10, 0x17, 0x08, 0x05, 0x02, 0x04, 0x04, 0x02, 0x04, 0x08, 0x0F, 0x03,
    0x04, 0x03, 0x06, 0x07, 0x06, 0x09, 0x02, 0x0C, 0x1A, 0x1A, 0x0E, 0x32, 0x1E, 0x0E, 0x09, 0x03,
    0x07, 0x07, 0x03, 0x0F, 0x14, 0x11, 0x0D, 0x01, 0x03, 0x03, 0x02, 0x04, 0x02, 0x01, 0x01, 0x01,
    0x01, 0x01, 0x03, 0x04, 0x01, 0x02, 0x01, 0x01, 0x09, 0x05, 0x09, 0x04, 0x24, 0x13, 0x24, 0x13,
    0x01, 0x0D, 0x07, 0x0F, 0x06, 0x0F, 0x03, 0x07, 0x07, 0x04, 0x03, 0x07, 0x07, 0x03, 0x2D, 0x26,
    0x53, 0x0F, 0x1D, 0x1E, 0x0F, 0x68, 0x0D, 0x01, 0x01, 0x01, 0x01, 0x02, 0x09, 0x04, 0x04, 0x02,
    0x02, 0x01, 0x02, 0x02, 0x0A, 0x0D, 0x1B, 0x1B, 0x0E, 0x2F, 0x22, 0x15, 0x06, 0x0E, 0x0A, 0x05,
    0x0A, 0x04, 0x03, 0x06, 0x07, 0x03, 0x0B, 0x0A, 0x10, 0x15, 0x14, 0x06, 0x03, 0x01, 0x03, 0x05,
    0x0C, 0x07, 0x04, 0x31, 0x17, 0x0C, 0x23, 0x38, 0x1D, 0x0E, 0x1C, 0x1C, 0x0E, 0x19, 0x31, 0x89,
    0x02, 0x01, 0x01, 0x01, 0x01, 0x01, 0xF8, 0xA9, 0x53, 0x1D, 0x02, 0x02, 0x06, 0x05, 0x24, 0x0A,
    0x0B, 0x0B, 0x06, 0x06, 0x03, 0x0F, 0x07, 0x09, 0x0A, 0x0B, 0x04, 0x03, 0xFC, 0x74, 0x03, 0x01,
    0x01, 0x01, 0x01, 0x10, 0x2B, 0x54, 0x38, 0x41, 0x06, 0x03, 0x02, 0xD5, 0x0F, 0x07, 0x03, 0x03,
    0x04, 0x01, 0x03, 0x01, 0x01, 0x01, 0x01, 0x04, 0x02, 0x03, 0x03, 0x0B, 0x01, 0x0B, 0x09, 0x04,
    0x03, 0x02, 0x02, 0x42, 0x0A, 0x05, 0x04, 0x01, 0x02, 0x02, 0x01, 0x01, 0x01, 0x0D, 0x03, 0x04,
    0x05, 0x02, 0x03, 0x01, 0x04, 0x08, 0x08, 0x05, 0x09, 0x07, 0x03, 0x01, 0x02, 0x05, 0x06, 0x05,
    0x01, 0x0B, 0x03, 0x02, 0x05, 0x06, 0x03, 0x01, 0x01, 0x02, 0x04, 0x05, 0x02, 0x01, 0x03, 0x03,
    0x03, 0x03, 0x06, 0x0A, 0x08, 0x0A, 0x0A, 0x03, 0x02, 0x02, 0x01, 0x01, 0x01, 0x09, 0x0A, 0x05,
    0x06, 0x01, 0x15, 0x0E, 0x1E, 0x0F, 0x07, 0x09, 0x0A, 0x09, 0x03, 0x02, 0x03, 0x03, 0x07, 0x02,
    0x02, 0x06, 0x03, 0x0E, 0x0E, 0x01, 0x01, 0x09, 0x0A, 0x13, 0x3D, 0x06, 0x1A, 0x0D, 0x06, 0x0E,
    0x0E, 0x06, 0x06, 0x0D, 0x0D, 0x07, 0x06, 0x0E, 0x0E, 0x06, 0x0B, 0x18, 0x11, 0x14, 0x0B, 0x0E,
    0x0D, 0x08, 0x04, 0x09, 0x07, 0x07, 0x14, 0x19, 0x11, 0x19, 0x27, 0x26, 0x25, 0x01, 0x01, 0x01,
    0x02, 0x01, 0x01, 0x01, 0x01, 0x01, 0x02, 0x01, 0x01, 0x02, 0x03, 0x05, 0x08, 0x03, 0x04, 0x05,
    0x02, 0x0E, 0x12, 0x14, 0x0D, 0x34, 0x1A, 0x0A, 0x1A, 0x1B, 0x0E, 0x07, 0x08, 0x09, 0x04, 0x0C,
    0x07, 0x0E, 0x06, 0x08, 0x04, 0x04, 0x06, 0x02, 0x07, 0x04, 0x09, 0x0E, 0x1E, 0x07, 0x0E, 0x0E,
    0x07, 0x11, 0x10, 0x06, 0x0A, 0x0B, 0x05, 0x04, 0x07, 0x07, 0x04, 0x03, 0x07, 0x08, 0x04, 0x03,
    0x06, 0x07, 0x03, 0x0C, 0x03, 0x04, 0x01, 0x01, 0x05, 0x05, 0x04, 0x03, 0x04, 0x0B, 0x04, 0x04,
    0x01, 0x02, 0x01, 0x01, 0x06, 0x01, 0x05, 0x02, 0x04, 0x02, 0x02, 0x02, 0x02, 0x05, 0x02, 0x4F,
    0x39, 0x43, 0x45, 0x1A, 0x0D, 0x07, 0x0D, 0x0D, 0x07, 0x0E, 0x12, 0x21, 0x07, 0x07, 0x05, 0x08,
    0x02, 0x04, 0x05, 0x01, 0x06, 0x0E, 0x0E, 0x07, 0x18, 0x0A, 0x18, 0x1A, 0x08, 0x11, 0x11, 0x09,
    0x26, 0x3C, 0x33, 0x31, 0x06, 0x0D, 0x0D, 0x06, 0x13, 0x14, 0x04, 0x05, 0x05, 0x06, 0x07, 0x05,
    0x13, 0x0C, 0x01, 0x0C, 0x03, 0x02, 0x03, 0x02, 0x01, 0x01, 0x01, 0x08, 0x03, 0x06, 0x04, 0x16,
    0x16, 0x21, 0x03, 0x01, 0x04, 0x02, 0x03, 0x01, 0x01, 0x01, 0x01, 0x01, 0x05, 0x01, 0x01, 0x01,
    0x03, 0x06, 0x07, 0x04, 0x03, 0x06, 0x06, 0x03, 0x0B, 0x02, 0x02, 0x01, 0x05, 0x09, 0x07, 0x05,
    0x01, 0x01, 0x01, 0x01, 0x02, 0x04, 0x03, 0x02, 0x04, 0x03, 0x01, 0x02, 0x03, 0x03, 0x05, 0x06,
    0x03, 0x0A, 0x05, 0x07, 0x0D, 0x0E, 0x0E, 0x08, 0x03, 0x02, 0x01, 0x01, 0x01, 0x01, 0x01, 0x01,
    0x01, 0x01, 0x01, 0x02, 0x04, 0x03, 0x06, 0x06, 0x0B, 0x0C, 0x0A, 0x24, 0xA2, 0x14, 0x17, 0x12,
    0x0E, 0x02, 0x01, 0x01, 0x01, 0x08, 0x0F, 0x17, 0x18, 0x02, 0x18, 0x03, 0x07, 0x08, 0x04, 0x1F,
    0x3E, 0x29, 0x39, 0x24, 0x25, 0x00, 0x00, 0x00, 0x00, 0x02, 0x00, 0x5C, 0x00, 0x40, 0x08, 0xA5,
    0x03, 0x40, 0x01, 0x0B, 0x01, 0x22, 0x00, 0x00, 0x01, 0x35, 0x27, 0x26, 0x07, 0x06, 0x07, 0x06,
    0x27, 0x26, 0x2B, 0x01, 0x35, 0x26, 0x35, 0x34, 0x27, 0x26, 0x27, 0x26, 0x27, 0x26, 0x07, 0x36,
    0x37, 0x36, 0x37, 0x36, 0x27, 0x26, 0x27, 0x26, 0x27, 0x26, 0x07, 0x22, 0x27, 0x22, 0x23, 0x26,
    0x27, 0x26, 0x27, 0x22, 0x27, 0x26, 0x23, 0x27, 0x26, 0x2F, 0x01, 0x26, 0x23, 0x26, 0x23, 0x26,
    0x27, 0x26, 0x23, 0x22, 0x27, 0x26, 0x23, 0x26, 0x07, 0x06, 0x07, 0x14, 0x07, 0x06, 0x15, 0x06,
    0x07, 0x06, 0x07, 0x06, 0x07, 0x06, 0x27, 0x22, 0x27, 0x26, 0x27, 0x26, 0x23, 0x26, 0x23, 0x06,
    0x07, 0x06, 0x07, 0x27, 0x26, 0x27, 0x35, 0x23, 0x15, 0x06, 0x07, 0x06, 0x07, 0x06, 0x07, 0x06,
    0x07, 0x06, 0x17, 0x16, 0x17, 0x16, 0x17, 0x16, 0x1F, 0x01, 0x16, 0x33, 0x17, 0x16, 0x33, 0x36,
    0x37, 0x36, 0x37, 0x1F, 0x01, 0x16, 0x17, 0x36, 0x37, 0x36, 0x37, 0x32, 0x37, 0x34, 0x35, 0x36,
    0x37, 0x36, 0x37, 0x36, 0x37, 0x17, 0x16, 0x17, 0x16, 0x17, 0x16, 0x17, 0x16, 0x15, 0x32, 0x37,
    0x36, 0x37, 0x36, 0x27, 0x26, 0x27, 0x34, 0x27, 0x26, 0x35, 0x32, 0x37, 0x36, 0x37, 0x36, 0x37,
    0x36, 0x37, 0x36, 0x37, 0x36, 0x17, 0x16, 0x17, 0x16, 0x15, 0x06, 0x07, 0x06, 0x07, 0x06, 0x07,
    0x06, 0x07, 0x16, 0x17, 0x16, 0x17, 0x16, 0x17, 0x16, 0x33, 0x16, 0x33, 0x17, 0x16, 0x17, 0x16,
    0x17, 0x16, 0x33, 0x27, 0x34, 0x37, 0x36, 0x37, 0x33, 0x27, 0x26, 0x35, 0x34, 0x27, 0x26, 0x35,
    0x36, 0x37, 0x36, 0x37, 0x35, 0x34, 0x3F, 0x01, 0x16, 0x17, 0x16, 0x17, 0x16, 0x17, 0x16, 0x37,
    0x36, 0x35, 0x26, 0x35, 0x36, 0x33, 0x16, 0x33, 0x21, 0x32, 0x37, 0x32, 0x37, 0x36, 0x37, 0x36,
    0x37, 0x33, 0x17, 0x36, 0x37, 0x36, 0x3B, 0x01, 0x32, 0x17, 0x16, 0x37, 0x32, 0x37, 0x36, 0x33,
    0x26, 0x37, 0x36, 0x27, 0x25, 0x32, 0x17, 0x16, 0x17, 0x16, 0x17, 0x14, 0x07, 0x06, 0x27, 0x26,
    0x23, 0x21, 0x22, 0x27, 0x26, 0x3D, 0x01, 0x34, 0x37, 0x36, 0x33, 0x08, 0x9F, 0x08, 0x35, 0x1B,
    0x28, 0x27, 0x13, 0x15, 0x0E, 0x1A, 0x57, 0x01, 0x01, 0x04, 0x09, 0x0A, 0x05, 0x11, 0x0D, 0x01,
    0x05, 0x03, 0x02, 0x02, 0x01, 0x01, 0x15, 0x05, 0x03, 0x05, 0x03, 0x1D, 0x38, 0x0E, 0x1C, 0x1D,
    0x0E, 0x1D, 0x38, 0x0F, 0x1C, 0x1D, 0x0E, 0x5A, 0x1F, 0x3C, 0x5A, 0x0F, 0x1E, 0x1F, 0x0F, 0x0C,
    0x16, 0x16, 0x0C, 0x0C, 0x16, 0x16, 0x0C, 0x1A, 0x24, 0x24, 0x13, 0x04, 0x07, 0x04, 0x02, 0x01,
    0x02, 0x03, 0x02, 0x2F, 0x21, 0x1B, 0x36, 0x0E, 0x1A, 0x1A, 0x0E, 0x36, 0x1B, 0x16, 0x0B, 0x11,
    0x13, 0x15, 0x0A, 0x09, 0xD0, 0x05, 0x06, 0x06, 0x05, 0x05, 0x0C, 0x06, 0x0C, 0x13, 0x01, 0x02,
    0x01, 0x04, 0x0C, 0x0C, 0x0D, 0x02, 0x01, 0x01, 0x01, 0x01, 0x01, 0x33, 0x3A, 0x36, 0x31, 0x02,
    0x08, 0x04, 0x03, 0x0C, 0x0F, 0x09, 0x12, 0x09, 0x02, 0x01, 0x01, 0x14, 0x28, 0x28, 0x14, 0x03,
    0x01, 0x02, 0x01, 0x04, 0x01, 0x01, 0x02, 0x2E, 0x2E, 0x2E, 0x25, 0x01, 0x03, 0x04, 0x01, 0x02,
    0x02, 0x1B, 0x09, 0x07, 0x0D, 0x0E, 0x13, 0x15, 0x16, 0x15, 0x16, 0x14, 0x18, 0x08, 0x06, 0x04,
    0x01, 0x13, 0x13, 0x0B, 0x11, 0x04, 0x06, 0x02, 0x05, 0x06, 0x03, 0x09, 0x04, 0x03, 0x01, 0x02,
    0x03, 0x01, 0x0F, 0x05, 0x0A, 0x06, 0x1E, 0x14, 0x0F, 0x04, 0x05, 0x05, 0x0D, 0x06, 0x06, 0x01,
    0x01, 0x01, 0x03, 0x08, 0x05, 0x0A, 0x0D, 0x14, 0x12, 0x12, 0x18, 0x0C, 0x08, 0x28, 0x1A, 0x13,
    0x0D, 0x01, 0x14, 0x13, 0x0D, 0x1A, 0x01, 0x47, 0x1B, 0x0B, 0x13, 0x12, 0x0C, 0x07, 0x05, 0x05,
    0x05, 0x0A, 0x18, 0x14, 0x15, 0x17, 0x87, 0x16, 0x11, 0x17, 0x10, 0x18, 0x18, 0x20, 0x10, 0x01,
    0x05, 0x04, 0x02, 0xFD, 0xE8, 0x09, 0x07, 0x04, 0x06, 0x0C, 0x02, 0x0E, 0x0B, 0x1C, 0x13, 0x18,
    0xFD, 0x77, 0x12, 0x09, 0x0A, 0x09, 0x09, 0x13, 0x02, 0x4A, 0x05, 0x04, 0x02, 0x01, 0x01, 0x0B,
    0x04, 0x01, 0x01, 0x05, 0x01, 0x01, 0x01, 0x01, 0x01, 0x02, 0x02, 0x01, 0x03, 0x01, 0x13, 0x14,
    0x0E, 0x18, 0x27, 0x18, 0x20, 0x18, 0x08, 0x02, 0x03, 0x01, 0x02, 0x01, 0x01, 0x01, 0x02, 0x01,
    0x01, 0x03, 0x01, 0x02, 0x03, 0x01, 0x01, 0x01, 0x01, 0x01, 0x01, 0x01, 0x02, 0x05, 0x05, 0x11,
    0x0B, 0x0B, 0x14, 0x02, 0x10, 0x07, 0x03, 0x08, 0x08, 0x04, 0x05, 0x01, 0x02, 0x01, 0x01, 0x02,
    0x02, 0x12, 0x07, 0x0C, 0x09, 0x18, 0x0B, 0x0E, 0x06, 0x06, 0x09, 0x07, 0x07, 0x09, 0x08, 0x0E,
    0x07, 0x10, 0x1C, 0x2B, 0x2C, 0x1F, 0x28, 0x34, 0x33, 0x26, 0x01, 0x01, 0x02, 0x02, 0x03, 0x08,
    0x08, 0x19, 0x0A, 0x08, 0x06, 0x03, 0x01, 0x05, 0x03, 0x04, 0x0E, 0x03, 0x07, 0x07, 0x03, 0x05,
    0x08, 0x08, 0x03, 0x54, 0x1D, 0x38, 0x1C, 0x38, 0x0F, 0x1C, 0x1C, 0x0E, 0x0B, 0x0B, 0x1B, 0x1A,
    0x21, 0x28, 0x13, 0x10, 0x20, 0x20, 0x10, 0x16, 0x12, 0x16, 0x13, 0x11, 0x10, 0x07, 0x08, 0x02,
    0x02, 0x05, 0x04, 0x06, 0x04, 0x06, 0x19, 0x11, 0x12, 0x17, 0x22, 0x29, 0x39, 0x15, 0x03, 0x08,
    0x06, 0x05, 0x02, 0x01, 0x01, 0x01, 0x06, 0x02, 0x02, 0x01, 0x07, 0x05, 0x06, 0x13, 0x11, 0x0D,
    0x11, 0x09, 0x03, 0x06, 0x02, 0x03, 0x03, 0x01, 0x06, 0x0E, 0x0A, 0x05, 0x1F, 0x11, 0x0A, 0x0D,
    0x07, 0x01, 0x04, 0x01, 0x01, 0x04, 0x04, 0x0C, 0x11, 0x19, 0x10, 0x1E, 0x06, 0x01, 0x01, 0x07,
    0x10, 0x13, 0x0C, 0x1A, 0x07, 0x02, 0x08, 0x08, 0x04, 0x05, 0x01, 0x03, 0x02, 0x08, 0x0C, 0x08,
    0x0C, 0xAD, 0x03, 0x02, 0x06, 0x0A, 0x22, 0x22, 0x0B, 0x0D, 0x01, 0x01, 0x0A, 0x09, 0x12, 0x23,
    0x12, 0x0B, 0x0A, 0x00, 0x00, 0x03, 0x00, 0x65, 0x00, 0x29, 0x0A, 0x42, 0x03, 0x57, 0x00, 0x1F,
    0x00, 0x34, 0x01, 0xBD, 0x00, 0x00, 0x01, 0x06, 0x07, 0x06, 0x07, 0x06, 0x27, 0x23, 0x22, 0x27,
    0x26, 0x27, 0x26, 0x37, 0x36, 0x37, 0x16, 0x15, 0x14, 0x17, 0x16, 0x17, 0x16, 0x17, 0x16, 0x37,
    0x26, 0x27, 0x26, 0x3B, 0x01, 0x16, 0x01, 0x36, 0x37, 0x36, 0x37, 0x36, 0x17, 0x16, 0x33, 0x06,
    0x15, 0x06, 0x15, 0x06, 0x17, 0x16, 0x2B, 0x01, 0x22, 0x27, 0x26, 0x17, 0x33, 0x32, 0x37, 0x36,
    0x35, 0x34, 0x27, 0x26, 0x2B, 0x01, 0x22, 0x07, 0x06, 0x2B, 0x01, 0x06, 0x3D, 0x01, 0x34, 0x2B,
    0x01, 0x22, 0x07, 0x06, 0x07, 0x06, 0x07, 0x06, 0x07, 0x06, 0x07, 0x06, 0x07, 0x06, 0x07, 0x26,
    0x07, 0x06, 0x23, 0x21, 0x22, 0x07, 0x06, 0x07, 0x06, 0x27, 0x23, 0x22, 0x27, 0x26, 0x07, 0x06,
    0x07, 0x06, 0x27, 0x26, 0x27, 0x26, 0x23, 0x21, 0x35, 0x34, 0x2B, 0x01, 0x22, 0x27, 0x26, 0x1D,
    0x01, 0x14, 0x23, 0x22, 0x35, 0x22, 0x3D, 0x01, 0x34, 0x27, 0x26, 0x27, 0x26, 0x07, 0x06, 0x17,
    0x16, 0x17, 0x16, 0x07, 0x06, 0x07, 0x06, 0x07, 0x06, 0x27, 0x26, 0x2B, 0x01, 0x06, 0x07, 0x06,
    0x07, 0x06, 0x17, 0x16, 0x2B, 0x01, 0x06, 0x07, 0x06, 0x17, 0x16, 0x2B, 0x01, 0x22, 0x27, 0x26,
    0x23, 0x21, 0x22, 0x07, 0x06, 0x07, 0x06, 0x17, 0x16, 0x15, 0x11, 0x14, 0x17, 0x16, 0x17, 0x16,
    0x33, 0x16, 0x37, 0x36, 0x37, 0x36, 0x37, 0x36, 0x37, 0x36, 0x37, 0x36, 0x37, 0x36, 0x37, 0x16,
    0x17, 0x16, 0x37, 0x36, 0x37, 0x36, 0x37, 0x36, 0x37, 0x36, 0x37, 0x36, 0x17, 0x16, 0x33, 0x32,
    0x07, 0x06, 0x3B, 0x01, 0x32, 0x37, 0x36, 0x37, 0x36, 0x37, 0x36, 0x33, 0x32, 0x37, 0x36, 0x37,
    0x36, 0x37, 0x36, 0x37, 0x36, 0x37, 0x36, 0x37, 0x36, 0x3B, 0x01, 0x17, 0x16, 0x1F, 0x01, 0x16,
    0x33, 0x06, 0x07, 0x06, 0x17, 0x16, 0x37, 0x36, 0x17, 0x16, 0x17, 0x16, 0x07, 0x06, 0x07, 0x06,
    0x07, 0x06, 0x07, 0x06, 0x07, 0x06, 0x07, 0x06, 0x07, 0x06, 0x17, 0x16, 0x17, 0x16, 0x37, 0x32,
    0x33, 0x36, 0x33, 0x36, 0x33, 0x32, 0x37, 0x36, 0x27, 0x26, 0x37, 0x36, 0x37, 0x36, 0x37, 0x36,
    0x37, 0x36, 0x37, 0x36, 0x37, 0x36, 0x27, 0x26, 0x27, 0x26, 0x37, 0x36, 0x37, 0x36, 0x37, 0x36,
    0x37, 0x36, 0x37, 0x36, 0x17, 0x16, 0x17, 0x16, 0x37, 0x36, 0x37, 0x36, 0x17, 0x16, 0x3B, 0x01,
    0x32, 0x37, 0x36, 0x37, 0x36, 0x37, 0x15, 0x06, 0x17, 0x16, 0x33, 0x16, 0x33, 0x17, 0x16, 0x07,
    0x06, 0x15, 0x16, 0x17, 0x16, 0x17, 0x16, 0x17, 0x16, 0x17, 0x16, 0x17, 0x16, 0x17, 0x14, 0x15,
    0x16, 0x15, 0x16, 0x15, 0x16, 0x17, 0x16, 0x37, 0x36, 0x33, 0x36, 0x37, 0x36, 0x37, 0x36, 0x37,
    0x36, 0x37, 0x36, 0x37, 0x36, 0x3F, 0x01, 0x33, 0x36, 0x27, 0x26, 0x27, 0x26, 0x27, 0x26, 0x27,
    0x26, 0x35, 0x34, 0x27, 0x26, 0x35, 0x26, 0x35, 0x34, 0x37, 0x36, 0x27, 0x26, 0x3D, 0x01, 0x14,
    0x3F, 0x01, 0x36, 0x3F, 0x01, 0x16, 0x17, 0x16, 0x33, 0x21, 0x16, 0x37, 0x36, 0x37, 0x36, 0x35,
    0x34, 0x33, 0x16, 0x33, 0x32, 0x37, 0x36, 0x17, 0x16, 0x17, 0x16, 0x37, 0x36, 0x37, 0x36, 0x3B,
    0x01, 0x32, 0x17, 0x16, 0x05, 0x4D, 0x04, 0x03, 0x04, 0x14, 0x0E, 0x0E, 0x1D, 0x0C, 0x14, 0x10,
    0x09, 0x0C, 0x08, 0x08, 0x11, 0x01, 0x01, 0x02, 0x06, 0x03, 0x0A, 0x09, 0x07, 0x01, 0x08, 0x07,
    0x0D, 0x38, 0x20, 0x03, 0xB7, 0x04, 0x06, 0x04, 0x07, 0x06, 0x12, 0x16, 0x02, 0x01, 0x01, 0x01,
    0x01, 0x01, 0x07, 0x34, 0x04, 0x02, 0x01, 0x89, 0x81, 0x13, 0x11, 0x0E, 0x1A, 0x11, 0x1F, 0x65,
    0x06, 0x05, 0x04, 0x07, 0x12, 0x0E, 0x03, 0x0D, 0x0E, 0x07, 0x09, 0x0D, 0x08, 0x04, 0x01, 0x03,
    0x04, 0x02, 0x09, 0x10, 0x02, 0x17, 0x0D, 0x17, 0x20, 0x0A, 0xFE, 0x0E, 0x05, 0x02, 0x02, 0x02,
    0x01, 0x05, 0x09, 0x07, 0x05, 0x05, 0x06, 0x06, 0x03, 0x04, 0x04, 0x03, 0x06, 0x05, 0x09, 0xFE,
    0xA2, 0x02, 0x08, 0x0B, 0x0A, 0x10, 0x09, 0x05, 0x01, 0x03, 0x03, 0x10, 0x16, 0x10, 0x11, 0x07,
    0x05, 0x0E, 0x0E, 0x03, 0x02, 0x08, 0x0A, 0x04, 0x05, 0x0D, 0x09, 0x0A, 0x28, 0x06, 0x0E, 0x0B,
    0x07, 0x05, 0x04, 0x03, 0x07, 0x16, 0x0E, 0x07, 0x06, 0x03, 0x01, 0x0A, 0xA7, 0x03, 0x02, 0x02,
    0x08, 0xFD, 0xA2, 0x10, 0x11, 0x12, 0x07, 0x05, 0x02, 0x01, 0x02, 0x02, 0x0B, 0x0D, 0x17, 0x15,
    0x05, 0x05, 0x0F, 0x11, 0x0A, 0x0D, 0x1A, 0x1A, 0x0D, 0x0D, 0x1A, 0x1A, 0x0D, 0x02, 0x05, 0x04,
    0x0E, 0x05, 0x0A, 0x0A, 0x05, 0x23, 0x03, 0x03, 0x23, 0x05, 0x0F, 0x14, 0x01, 0x08, 0x05, 0x04,
    0x0A, 0x37, 0x0B, 0x03, 0x02, 0x05, 0x0A, 0x03, 0x06, 0x0F, 0x09, 0x05, 0x01, 0x02, 0x03, 0x02,
    0x0A, 0x15, 0x14, 0x0D, 0x05, 0x01, 0x01, 0x08, 0xBA, 0x01, 0x01, 0x03, 0x09, 0x06, 0x03, 0x01,
    0x02, 0x01, 0x08, 0x0B, 0x0F, 0x10, 0x0B, 0x0E, 0x04, 0x04, 0x08, 0x02, 0x03, 0x03, 0x01, 0x01,
    0x03, 0x03, 0x02, 0x17, 0x2C, 0x24, 0x1F, 0x0E, 0x14, 0x15, 0x1D, 0x1F, 0x21, 0x08, 0x0A, 0x0A,
    0x06, 0x06, 0x03, 0x0C, 0x05, 0x03, 0x08, 0x06, 0x03, 0x01, 0x07, 0x06, 0x0C, 0x08, 0x0D, 0x04,
    0x0A, 0x06, 0x0A, 0x05, 0x01, 0x04, 0x01, 0x06, 0x05, 0x01, 0x03, 0x04, 0x03, 0x01, 0x05, 0x05,
    0x04, 0x0B, 0x07, 0x05, 0x03, 0x03, 0x02, 0x03, 0x0A, 0x08, 0x08, 0x06, 0x0A, 0x6A, 0x07, 0x05,
    0x01, 0x03, 0x03, 0x02, 0x01, 0x02, 0x01, 0x03, 0x03, 0x02, 0x06, 0x03, 0x02, 0x02, 0x02, 0x08,
    0x07, 0x0D, 0x02, 0x02, 0x03, 0x01, 0x01, 0x02, 0x02, 0x01, 0x01, 0x01, 0x01, 0x02, 0x08, 0x13,
    0x19, 0x02, 0x0A, 0x12, 0x13, 0x09, 0x0A, 0x12, 0x13, 0x09, 0x0C, 0x07, 0x0C, 0x07, 0x02, 0x03,
    0x05, 0x03, 0x04, 0x01, 0x18, 0x01, 0x0F, 0x05, 0x03, 0x01, 0x01, 0x01, 0x0A, 0x05, 0x05, 0x06,
    0x05, 0x06, 0x02, 0x03, 0x06, 0x08, 0x0C, 0x0E, 0x0F, 0x02, 0x32, 0x05, 0x0A, 0x10, 0x06, 0x05,
    0x10, 0x0A, 0x08, 0x04, 0x12, 0x0F, 0x06, 0x04, 0x0A, 0x0A, 0x07, 0x0A, 0x02, 0x04, 0x0E, 0x17,
    0x01, 0x04, 0x03, 0x01, 0xA0, 0x14, 0x09, 0x0F, 0x03, 0x02, 0x02, 0x02, 0x01, 0x12, 0x15, 0x0F,
    0x10, 0x0B, 0x03, 0x06, 0x07, 0x04, 0x0D, 0x06, 0x05, 0x0B, 0x0C, 0x04, 0x03, 0x20, 0x1C, 0x02,
    0x01, 0x1A, 0x07, 0x10, 0x0E, 0x05, 0x04, 0x02, 0x02, 0x07, 0x0F, 0x07, 0x0F, 0x06, 0x0C, 0x0C,
    0x0E, 0x0D, 0x7C, 0x05, 0x05, 0x1B, 0x1F, 0x02, 0x01, 0x05, 0x06, 0x02, 0x04, 0x95, 0x09, 0x01,
    0x01, 0x04, 0x02, 0x07, 0x02, 0x04, 0x05, 0x02, 0x0B, 0x16, 0x03, 0x1F, 0x11, 0x01, 0x02, 0x02,
    0x02, 0x06, 0x05, 0x02, 0x01, 0x01, 0x02, 0x04, 0x03, 0x04, 0x05, 0x05, 0x08, 0x05, 0x16, 0x04,
    0x01, 0x01, 0x07, 0x0C, 0x03, 0x01, 0x05, 0x34, 0x10, 0x0D, 0x0D, 0x07, 0x09, 0x10, 0x10, 0x16,
    0x0B, 0x06, 0x06, 0x0D, 0x08, 0x0A, 0x0A, 0x07, 0x05, 0x02, 0x01, 0x01, 0x02, 0x01, 0x07, 0x05,
    0x0C, 0x0D, 0x02, 0x03, 0x03, 0x02, 0x03, 0x08, 0x0C, 0x03, 0x05, 0x11, 0x0B, 0x0F, 0x0B, 0x11,
    0xFE, 0xC0, 0x0C, 0x10, 0x0D, 0x0A, 0x0C, 0x02, 0x17, 0x0F, 0x08, 0x07, 0x08, 0x09, 0x10, 0x11,
    0x08, 0x08, 0x10, 0x11, 0x09, 0x0E, 0x03, 0x04, 0x09, 0x03, 0x08, 0x08, 0x03, 0x1B, 0x02, 0x02,
    0x1B, 0x03, 0x01, 0x02, 0x09, 0x0A, 0x03, 0x03, 0x0A, 0x0F, 0x02, 0x02, 0x09, 0x03, 0x06, 0x06,
    0x03, 0x14, 0x0D, 0x0C, 0x13, 0x08, 0x09, 0x0A, 0x03, 0x04, 0x01, 0x03, 0x02, 0x0A, 0x1B, 0x1A,
    0x0C, 0x0E, 0x06, 0x05, 0x07, 0x09, 0x16, 0x14, 0x0F, 0x03, 0x05, 0x05, 0x03, 0x02, 0x05, 0x06,
    0x03, 0x27, 0x4C, 0x3D, 0x37, 0x18, 0x0B, 0x0B, 0x03, 0x04, 0x01, 0x01, 0x01, 0x05, 0x04, 0x0E,
    0x0C, 0x07, 0x04, 0x0E, 0x0C, 0x1A, 0x13, 0x11, 0x05, 0x05, 0x02, 0x04, 0x03, 0x04, 0x06, 0x03,
    0x0D, 0x07, 0x02, 0x05, 0x06, 0x04, 0x02, 0x06, 0x06, 0x05, 0x0C, 0x0D, 0x08, 0x02, 0x02, 0x04,
    0x06, 0x04, 0x02, 0x01, 0x01, 0x06, 0x01, 0x03, 0x04, 0x02, 0x07, 0x05, 0x02, 0x01, 0x01, 0x03,
    0x03, 0x0C, 0x12, 0x01, 0x30, 0x2C, 0x2D, 0x2E, 0x04, 0x09, 0x09, 0x04, 0x05, 0x08, 0x09, 0x04,
    0x01, 0x02, 0x03, 0x03, 0x04, 0x03, 0x0B, 0x05, 0x0A, 0x07, 0x0A, 0x03, 0x06, 0x06, 0x03, 0x03,
    0x06, 0x06, 0x03, 0x04, 0x02, 0x04, 0x02, 0x01, 0x07, 0x01, 0x01, 0x04, 0x4B, 0x03, 0x2C, 0x23,
    0x14, 0x16, 0x07, 0x0E, 0x0E, 0x07, 0x09, 0x0F, 0x0A, 0x0A, 0x05, 0x05, 0x04, 0x07, 0x8A, 0x01,
    0x02, 0x03, 0x05, 0x05, 0x09, 0x12, 0x02, 0x02, 0x01, 0x02, 0x07, 0x08, 0x08, 0x12, 0x02, 0x01,
    0x02, 0x02, 0x04, 0x01, 0x09, 0x09, 0x09, 0x0E, 0x02, 0x04, 0x03, 0x02, 0x00, 0x07, 0x00, 0x5B,
    0x00, 0x26, 0x0D, 0x2D, 0x03, 0x5A, 0x00, 0xC3, 0x00, 0xCD, 0x00, 0xD1, 0x00, 0xE4, 0x00, 0xEE,
    0x00, 0xF4, 0x01, 0x22, 0x00, 0x00, 0x01, 0x37, 0x35, 0x27, 0x21, 0x15, 0x23, 0x15, 0x07, 0x27,
    0x23, 0x27, 0x37, 0x27, 0x26, 0x27, 0x26, 0x27, 0x26, 0x07, 0x22, 0x0F, 0x03, 0x23, 0x2F, 0x03,
    0x35, 0x27, 0x25, 0x0F, 0x01, 0x15, 0x07, 0x15, 0x27, 0x0F, 0x01, 0x37, 0x2F, 0x03, 0x25, 0x23,
    0x0F, 0x03, 0x27, 0x23, 0x15, 0x07, 0x27, 0x07, 0x15, 0x23, 0x17, 0x25, 0x2F, 0x01, 0x25, 0x2F,
    0x01, 0x23, 0x03, 0x1F, 0x01, 0x3F, 0x03, 0x15, 0x37, 0x15, 0x33, 0x35, 0x33, 0x27, 0x37, 0x35,
    0x3F, 0x01, 0x33, 0x1F, 0x02, 0x37, 0x35, 0x1F, 0x03, 0x0F, 0x01, 0x03, 0x17, 0x37, 0x2F, 0x01,
    0x3F, 0x03, 0x36, 0x37, 0x36, 0x37, 0x36, 0x37, 0x36, 0x33, 0x37, 0x27, 0x3F, 0x01, 0x36, 0x37,
    0x36, 0x3B, 0x01, 0x37, 0x33, 0x17, 0x37, 0x1F, 0x03, 0x15, 0x33, 0x37, 0x2F, 0x02, 0x26, 0x27,
    0x26, 0x27, 0x35, 0x37, 0x2F, 0x01, 0x35, 0x3F, 0x01, 0x36, 0x37, 0x36, 0x33, 0x17, 0x3F, 0x02,
    0x27, 0x37, 0x17, 0x37, 0x1F, 0x01, 0x25, 0x37, 0x33, 0x3F, 0x02, 0x33, 0x17, 0x07, 0x1F, 0x01,
    0x3F, 0x03, 0x17, 0x15, 0x23, 0x15, 0x33, 0x35, 0x17, 0x37, 0x35, 0x27, 0x17, 0x3F, 0x01, 0x15,
    0x17, 0x0F, 0x01, 0x17, 0x25, 0x33, 0x15, 0x07, 0x23, 0x27, 0x37, 0x1F, 0x02, 0x07, 0x35, 0x33,
    0x07, 0x25, 0x17, 0x16, 0x17, 0x16, 0x15, 0x14, 0x07, 0x06, 0x0F, 0x02, 0x05, 0x27, 0x3F, 0x03,
    0x21, 0x05, 0x17, 0x0F, 0x01, 0x23, 0x2F, 0x01, 0x3F, 0x01, 0x33, 0x27, 0x37, 0x1F, 0x02, 0x23,
    0x05, 0x17, 0x16, 0x17, 0x14, 0x0F, 0x01, 0x15, 0x23, 0x27, 0x26, 0x27, 0x26, 0x35, 0x26, 0x37,
    0x36, 0x3F, 0x01, 0x07, 0x06, 0x07, 0x06, 0x17, 0x14, 0x17, 0x16, 0x1F, 0x01, 0x37, 0x27, 0x26,
    0x27, 0x26, 0x35, 0x36, 0x3F, 0x01, 0x31, 0x37, 0x36, 0x31, 0x36, 0x3F, 0x01, 0x33, 0x0D, 0x29,
    0x04, 0x05, 0xFD, 0xB4, 0xC1, 0x4F, 0x12, 0x8B, 0x02, 0x02, 0x04, 0x05, 0x07, 0x06, 0x0B, 0x04,
    0x04, 0x01, 0x07, 0x08, 0x50, 0x01, 0x11, 0x03, 0x04, 0x02, 0x0E, 0x05, 0xFE, 0x1A, 0x06, 0x03,
    0x09, 0x1B, 0x02, 0x09, 0x03, 0x06, 0x0D, 0x16, 0x0D, 0xFE, 0x4B, 0x08, 0x0D, 0x0B, 0x04, 0x58,
    0x02, 0x22, 0x23, 0x01, 0x0C, 0x22, 0x01, 0xFE, 0xDE, 0x02, 0x04, 0xFE, 0x99, 0x04, 0x05, 0x8B,
    0x03, 0x02, 0x05, 0x07, 0x01, 0x01, 0x9C, 0x7C, 0x25, 0x4C, 0x02, 0x6D, 0x7D, 0x20, 0x84, 0x01,
    0x21, 0x02, 0x0B, 0x2A, 0x10, 0x0F, 0x09, 0x03, 0x04, 0xA6, 0xB9, 0x05, 0x05, 0x07, 0x01, 0x39,
    0x02, 0x0A, 0x02, 0x03, 0x03, 0x02, 0x01, 0x03, 0x03, 0x01, 0x04, 0x0F, 0x1D, 0x08, 0x04, 0x03,
    0x02, 0x06, 0x06, 0x29, 0x7B, 0x13, 0x0E, 0x03, 0x0A, 0x1E, 0x15, 0x06, 0xC6, 0x05, 0x11, 0x1D,
    0x06, 0x02, 0x02, 0x02, 0x11, 0x01, 0x08, 0x02, 0x06, 0x01, 0x02, 0x01, 0x04, 0x03, 0x0C, 0x04,
    0x02, 0x02, 0x18, 0x03, 0x18, 0x0C, 0x09, 0x01, 0xE5, 0x08, 0x09, 0x05, 0x05, 0x02, 0x11, 0x02,
    0x01, 0x05, 0x07, 0x06, 0x03, 0x03, 0x02, 0x56, 0x06, 0x17, 0x1E, 0x07, 0x1C, 0x8B, 0x10, 0x50,
    0xC1, 0x01, 0x0C, 0x01, 0xFE, 0x42, 0x0C, 0x07, 0x59, 0x07, 0x2F, 0x1F, 0x01, 0x05, 0x4C, 0x58,
    0x04, 0xFD, 0x1A, 0x0B, 0x05, 0x06, 0x03, 0x04, 0x05, 0x06, 0x0B, 0x05, 0xFE, 0x5D, 0x08, 0x15,
    0x05, 0x0C, 0x0F, 0x01, 0x78, 0xFA, 0xB0, 0x04, 0x04, 0x03, 0x63, 0x04, 0x05, 0x04, 0x05, 0x61,
    0x6A, 0x72, 0x05, 0x04, 0x02, 0x7D, 0x04, 0xB6, 0x17, 0x03, 0x02, 0x03, 0x0A, 0x76, 0x10, 0x06,
    0x06, 0x05, 0x02, 0x06, 0x05, 0x0C, 0x16, 0x05, 0x02, 0x02, 0x02, 0x01, 0x05, 0x05, 0x08, 0x11,
    0x05, 0x0C, 0x06, 0x01, 0x02, 0x02, 0x02, 0x02, 0x01, 0x02, 0x01, 0x02, 0x0C, 0x32, 0x02, 0x2D,
    0x07, 0x7C, 0x06, 0x24, 0x05, 0x01, 0x06, 0x94, 0x04, 0x0A, 0x04, 0x05, 0x03, 0x02, 0x01, 0x01,
    0x05, 0x07, 0x71, 0x33, 0x20, 0x05, 0x01, 0x01, 0x0E, 0x0A, 0x08, 0x03, 0x04, 0x02, 0x02, 0x09,
    0x05, 0x26, 0x01, 0x55, 0x0C, 0x17, 0x0D, 0x02, 0x30, 0x06, 0x08, 0x05, 0x8C, 0x02, 0x0F, 0x02,
    0x09, 0x01, 0x09, 0x0C, 0x01, 0x07, 0x03, 0x04, 0x12, 0x05, 0xFE, 0xA3, 0x04, 0x05, 0x05, 0x04,
    0x1A, 0x47, 0x3F, 0x4E, 0x1B, 0x1C, 0x44, 0x02, 0x0B, 0x03, 0x18, 0x0C, 0x02, 0x48, 0x02, 0x05,
    0x01, 0x08, 0x10, 0x18, 0x17, 0x0C, 0xFE, 0xDF, 0x2B, 0x0C, 0x03, 0x0B, 0x0A, 0x6F, 0x04, 0x08,
    0x01, 0x01, 0x01, 0x01, 0x01, 0x01, 0x01, 0x03, 0x11, 0x37, 0x08, 0x02, 0x01, 0x01, 0x04, 0x03,
    0x03, 0x22, 0x4F, 0x75, 0x45, 0x06, 0x37, 0x07, 0x36, 0x66, 0x1C, 0x0F, 0x0F, 0x1E, 0x29, 0x07,
    0x09, 0x02, 0x70, 0x05, 0x08, 0x02, 0x02, 0x01, 0x01, 0x04, 0x07, 0x02, 0x15, 0x02, 0x21, 0x09,
    0x03, 0x05, 0x04, 0x11, 0x04, 0x05, 0x1D, 0x08, 0x12, 0x03, 0x04, 0x03, 0x04, 0x14, 0x07, 0x02,
    0x05, 0x28, 0x0B, 0x02, 0x08, 0x18, 0x05, 0x01, 0x05, 0x01, 0x05, 0x03, 0x09, 0x01, 0x18, 0xB1,
    0x1F, 0x08, 0x05, 0x4A, 0x03, 0x0D, 0x11, 0x54, 0x0D, 0x0D, 0x81, 0x07, 0x04, 0x0A, 0x07, 0x0A,
    0x0D, 0x07, 0x0A, 0x05, 0x05, 0x01, 0x03, 0x08, 0x33, 0x07, 0x0C, 0x06, 0xF6, 0x07, 0x07, 0x04,
    0x03, 0x07, 0x08, 0x01, 0x99, 0x02, 0x02, 0x05, 0x09, 0xEC, 0x15, 0x07, 0x0E, 0x0B, 0x09, 0x10,
    0x0F, 0x0B, 0x06, 0x0A, 0x08, 0x08, 0x10, 0x0B, 0x0B, 0x08, 0x08, 0x0C, 0x05, 0x0A, 0x09, 0x04,
    0x09, 0x08, 0x0B, 0x06, 0x0D, 0x04, 0x0A, 0x0A, 0x05, 0x0A, 0x04, 0x0C, 0x04, 0x04, 0x03, 0x04,
    0x01, 0x04, 0x0C, 0x00, 0x00, 0x02, 0x00, 0x54, 0xFF, 0xF4, 0x08, 0xFC, 0x03, 0x8D, 0x00, 0x23,
    0x01, 0x59, 0x00, 0x00, 0x01, 0x33, 0x16, 0x17, 0x16, 0x07, 0x06, 0x07, 0x06, 0x07, 0x06, 0x07,
    0x06, 0x07, 0x23, 0x26, 0x27, 0x26, 0x27, 0x26, 0x37, 0x34, 0x3F, 0x03, 0x33, 0x37, 0x17, 0x3F,
    0x01, 0x27, 0x34, 0x37, 0x36, 0x37, 0x25, 0x27, 0x23, 0x22, 0x0F, 0x01, 0x06, 0x15, 0x07, 0x27,
    0x07, 0x23, 0x27, 0x23, 0x0F, 0x01, 0x21, 0x27, 0x35, 0x27, 0x23, 0x35, 0x23, 0x15, 0x23, 0x35,
    0x23, 0x15, 0x23, 0x35, 0x23, 0x15, 0x23, 0x35, 0x23, 0x15, 0x23, 0x35, 0x23, 0x15, 0x23, 0x27,
    0x26, 0x27, 0x26, 0x27, 0x23, 0x27, 0x33, 0x15, 0x33, 0x35, 0x37, 0x35, 0x23, 0x35, 0x23, 0x15,
    0x23, 0x27, 0x23, 0x0F, 0x01, 0x35, 0x27, 0x07, 0x15, 0x07, 0x34, 0x27, 0x26, 0x23, 0x22, 0x07,
    0x06, 0x0F, 0x02, 0x27, 0x23, 0x06, 0x07, 0x06, 0x15, 0x14, 0x17, 0x16, 0x17, 0x33, 0x37, 0x33,
    0x1F, 0x01, 0x32, 0x37, 0x36, 0x27, 0x33, 0x15, 0x27, 0x0F, 0x02, 0x15, 0x05, 0x22, 0x07, 0x06,
    0x0F, 0x02, 0x06, 0x07, 0x06, 0x17, 0x14, 0x17, 0x16, 0x17, 0x16, 0x1F, 0x01, 0x16, 0x17, 0x16,
    0x17, 0x16, 0x17, 0x16, 0x3B, 0x01, 0x32, 0x37, 0x36, 0x37, 0x36, 0x37, 0x36, 0x35, 0x2F, 0x01,
    0x37, 0x36, 0x37, 0x36, 0x37, 0x36, 0x37, 0x36, 0x37, 0x36, 0x1F, 0x02, 0x16, 0x17, 0x16, 0x3F,
    0x01, 0x1F, 0x01, 0x16, 0x17, 0x16, 0x17, 0x16, 0x17, 0x16, 0x1F, 0x01, 0x06, 0x17, 0x16, 0x3F,
    0x02, 0x36, 0x37, 0x36, 0x27, 0x26, 0x27, 0x26, 0x27, 0x26, 0x27, 0x26, 0x27, 0x37, 0x36, 0x37,
    0x36, 0x37, 0x36, 0x37, 0x36, 0x3F, 0x02, 0x16, 0x17, 0x16, 0x15, 0x14, 0x07, 0x06, 0x0F, 0x01,
    0x06, 0x07, 0x06, 0x0F, 0x01, 0x06, 0x07, 0x06, 0x07, 0x17, 0x16, 0x17, 0x16, 0x33, 0x3F, 0x02,
    0x36, 0x37, 0x36, 0x3F, 0x01, 0x36, 0x37, 0x36, 0x3F, 0x01, 0x17, 0x07, 0x06, 0x07, 0x06, 0x1F,
    0x02, 0x16, 0x07, 0x06, 0x0F, 0x01, 0x06, 0x07, 0x06, 0x15, 0x1F, 0x01, 0x37, 0x36, 0x37, 0x36,
    0x27, 0x26, 0x27, 0x26, 0x27, 0x35, 0x27, 0x26, 0x37, 0x36, 0x37, 0x36, 0x27, 0x26, 0x2F, 0x02,
    0x36, 0x37, 0x36, 0x35, 0x37, 0x33, 0x37, 0x33, 0x17, 0x33, 0x37, 0x25, 0x1F, 0x01, 0x33, 0x32,
    0x37, 0x36, 0x37, 0x33, 0x17, 0x33, 0x17, 0x33, 0x3F, 0x01, 0x1F, 0x01, 0x33, 0x3F, 0x01, 0x2F,
    0x01, 0x23, 0x07, 0x04, 0x8B, 0x5E, 0x07, 0x07, 0x05, 0x04, 0x30, 0x1A, 0x19, 0x0A, 0x0D, 0x0E,
    0x12, 0x13, 0x4B, 0x05, 0x05, 0x06, 0x02, 0x05, 0x02, 0x05, 0x37, 0x06, 0x08, 0x1B, 0x06, 0x0E,
    0x16, 0x05, 0x03, 0x02, 0x02, 0x04, 0x04, 0x1A, 0x07, 0x1C, 0x04, 0x01, 0x02, 0x02, 0x01, 0x2B,
    0x0A, 0x14, 0x0A, 0x29, 0x09, 0x06, 0xFE, 0xA7, 0x14, 0x4E, 0x1E, 0x10, 0x27, 0x0F, 0x27, 0x10,
    0x26, 0x10, 0x26, 0x11, 0x24, 0x05, 0x02, 0x03, 0x05, 0x07, 0x0E, 0x09, 0x37, 0x0C, 0x16, 0x16,
    0x0D, 0x0F, 0x10, 0x22, 0x6A, 0x58, 0x17, 0x15, 0x0B, 0x03, 0x05, 0x06, 0x08, 0x02, 0x04, 0x02,
    0x02, 0x26, 0x07, 0x0A, 0x04, 0x02, 0x03, 0x03, 0x01, 0x06, 0x0E, 0x05, 0x27, 0x02, 0x0E, 0x08,
    0x05, 0x05, 0x02, 0x11, 0x2A, 0x1F, 0x1B, 0x12, 0xFD, 0x45, 0x08, 0x09, 0x03, 0x15, 0x24, 0x0E,
    0x02, 0x01, 0x01, 0x01, 0x07, 0x02, 0x06, 0x07, 0x04, 0x23, 0x06, 0x04, 0x04, 0x08, 0x08, 0x04,
    0x06, 0x06, 0x82, 0x06, 0x08, 0x05, 0x04, 0x04, 0x03, 0x02, 0x0D, 0x0C, 0x08, 0x03, 0x11, 0x12,
    0x1E, 0x13, 0x1B, 0x17, 0x0B, 0x01, 0x03, 0x02, 0x04, 0x05, 0x02, 0x02, 0x02, 0x32, 0x21, 0x05,
    0x05, 0x07, 0x0B, 0x06, 0x0C, 0x0B, 0x08, 0x12, 0x19, 0x01, 0x03, 0x01, 0x08, 0x52, 0x52, 0x08,
    0x02, 0x01, 0x08, 0x14, 0x13, 0x14, 0x16, 0x10, 0x07, 0x09, 0x03, 0x03, 0x0E, 0x05, 0x07, 0x05,
    0x02, 0x0A, 0x0A, 0x0F, 0x44, 0x3E, 0x0D, 0x08, 0x07, 0x04, 0x04, 0x08, 0x17, 0x02, 0x07, 0x08,
    0x06, 0x15, 0x05, 0x03, 0x02, 0x02, 0x02, 0x01, 0x05, 0x04, 0x04, 0x4E, 0x6E, 0x40, 0x0B, 0x0C,
    0x0B, 0x0C, 0x47, 0x18, 0x18, 0x18, 0x0D, 0x61, 0x53, 0x14, 0x07, 0x07, 0x05, 0x02, 0x09, 0x08,
    0x01, 0x01, 0x01, 0x05, 0x0F, 0x03, 0x02, 0x01, 0x1C, 0x31, 0x2A, 0x0B, 0x03, 0x04, 0x02, 0x0D,
    0x05, 0x06, 0x02, 0x01, 0x02, 0x01, 0x02, 0x02, 0x02, 0x05, 0x06, 0x07, 0x12, 0x08, 0x06, 0x05,
    0x03, 0x09, 0x43, 0x05, 0x07, 0x06, 0x08, 0x11, 0x01, 0x42, 0x03, 0x09, 0x2D, 0x03, 0x04, 0x02,
    0x01, 0x18, 0x04, 0x31, 0x05, 0x1F, 0x06, 0x0E, 0x0A, 0x0A, 0x31, 0x07, 0x05, 0x05, 0x05, 0x37,
    0x0F, 0x01, 0xF9, 0x0C, 0x0F, 0x0B, 0x05, 0x4F, 0x27, 0x27, 0x0A, 0x09, 0x04, 0x07, 0x01, 0x01,
    0x05, 0x06, 0x04, 0x08, 0x09, 0x07, 0x0C, 0x64, 0x07, 0x02, 0x0E, 0x01, 0x01, 0x06, 0x17, 0x04,
    0x08, 0x06, 0x04, 0xB7, 0x02, 0x01, 0x01, 0x01, 0x01, 0x04, 0x02, 0x06, 0x09, 0x05, 0x04, 0x0B,
    0x1A, 0x27, 0x04, 0x04, 0x04, 0x04, 0x04, 0x04, 0x04, 0x04, 0x04, 0x04, 0x15, 0x04, 0x01, 0x01,
    0x02, 0x0D, 0x07, 0x05, 0x01, 0x6D, 0x04, 0x06, 0x0C, 0x0C, 0x0D, 0x0E, 0x02, 0x03, 0x13, 0x01,
    0x05, 0x05, 0x03, 0x01, 0x01, 0x05, 0x07, 0x02, 0x05, 0x01, 0x0A, 0x09, 0x11, 0x11, 0x0C, 0x0A,
    0x0A, 0x06, 0x07, 0x05, 0x03, 0x03, 0x06, 0x39, 0x01, 0x05, 0x12, 0x0D, 0x08, 0x0F, 0x04, 0x01,
    0x0C, 0x1D, 0x15, 0x0A, 0x07, 0x0A, 0x0D, 0x10, 0x22, 0x0B, 0x20, 0x20, 0x16, 0x90, 0x0E, 0x05,
    0x08, 0x08, 0x06, 0x01, 0x03, 0x02, 0x01, 0x05, 0x04, 0x06, 0x06, 0x06, 0x13, 0x0D, 0x1B, 0x0B,
    0x11, 0x12, 0x14, 0x0D, 0x11, 0x0C, 0x04, 0x01, 0x02, 0x03, 0x04, 0x05, 0x01, 0x02, 0x02, 0x28,
    0x02, 0x3D, 0x28, 0x28, 0x3A, 0x1A, 0x33, 0x1F, 0x1B, 0x32, 0x36, 0x14, 0x0C, 0x0A, 0x02, 0x1C,
    0x1D, 0x04, 0x09, 0x06, 0x0B, 0x18, 0x34, 0x34, 0x4E, 0x34, 0x27, 0x29, 0x1D, 0x28, 0x06, 0x04,
    0x04, 0x07, 0x05, 0x03, 0x02, 0x01, 0x05, 0x02, 0x03, 0x09, 0x0A, 0x10, 0x0F, 0x0B, 0x0C, 0x0B,
    0x14, 0x01, 0x0A, 0x0C, 0x0C, 0x27, 0x0C, 0x10, 0x0C, 0x1D, 0x17, 0x03, 0x02, 0x02, 0x01, 0x06,
    0x0B, 0x05, 0x0C, 0x0D, 0x10, 0x6B, 0x24, 0x19, 0x1A, 0x08, 0x04, 0x04, 0x0A, 0x04, 0x07, 0x05,
    0x05, 0x13, 0x1C, 0x06, 0x0A, 0x09, 0x0E, 0x37, 0x0D, 0x1D, 0x0F, 0x21, 0x07, 0x09, 0x07, 0x05,
    0x03, 0x04, 0x04, 0x14, 0x12, 0x0F, 0x14, 0x3A, 0x33, 0x0D, 0x0A, 0x16, 0x0A, 0x05, 0x04, 0x04,
    0x01, 0x02, 0x08, 0x01, 0x05, 0x05, 0x05, 0x44, 0x06, 0x06, 0x12, 0x08, 0x02, 0x03, 0x02, 0x02,
    0x03, 0x04, 0x03, 0x02, 0x02, 0x01, 0x03, 0x0A, 0x19, 0x1A, 0x0A, 0x07, 0x00, 0x03, 0x00, 0x55,
    0x00, 0x0D, 0x0A, 0x0E, 0x03, 0x72, 0x02, 0x72, 0x02, 0x8B, 0x02, 0x9F, 0x00, 0x00, 0x01, 0x06,
    0x17, 0x16, 0x15, 0x06, 0x15, 0x14, 0x37, 0x36, 0x27, 0x36, 0x37, 0x32, 0x37, 0x32, 0x15, 0x06,
    0x17, 0x16, 0x33, 0x36, 0x35, 0x26, 0x37, 0x36, 0x17, 0x16, 0x17, 0x15, 0x06, 0x15, 0x16, 0x15,
    0x14, 0x2B, 0x01, 0x22, 0x27, 0x22, 0x27, 0x23, 0x22, 0x07, 0x06, 0x07, 0x06, 0x07, 0x06, 0x07,
    0x06, 0x07, 0x06, 0x27, 0x26, 0x23, 0x21, 0x22, 0x07, 0x06, 0x27, 0x26, 0x37, 0x36, 0x23, 0x26,
    0x27, 0x26, 0x07, 0x06, 0x17, 0x16, 0x15, 0x06, 0x07, 0x06, 0x15, 0x06, 0x17, 0x14, 0x17, 0x16,
    0x17, 0x16, 0x17, 0x16, 0x17, 0x16, 0x17, 0x14, 0x17, 0x14, 0x17, 0x16, 0x17, 0x16, 0x07, 0x06,
    0x17, 0x16, 0x37, 0x33, 0x36, 0x37, 0x36, 0x37, 0x36, 0x37, 0x36, 0x37, 0x36, 0x37, 0x36, 0x33,
    0x14, 0x07, 0x06, 0x17, 0x16, 0x37, 0x36, 0x37, 0x36, 0x37, 0x36, 0x37, 0x36, 0x37, 0x36, 0x37,
    0x14, 0x17, 0x14, 0x33, 0x32, 0x37, 0x33, 0x36, 0x3F, 0x02, 0x36, 0x3B, 0x01, 0x32, 0x35, 0x34,
    0x37, 0x34, 0x37, 0x36, 0x33, 0x16, 0x33, 0x16, 0x3B, 0x01, 0x36, 0x35, 0x26, 0x35, 0x26, 0x3D,
    0x01, 0x26, 0x37, 0x36, 0x17, 0x16, 0x1D, 0x01, 0x14, 0x33, 0x32, 0x17, 0x33, 0x16, 0x33, 0x32,
    0x17, 0x16, 0x17, 0x16, 0x07, 0x06, 0x07, 0x06, 0x07, 0x06, 0x17, 0x16, 0x17, 0x16, 0x1F, 0x01,
    0x31, 0x17, 0x16, 0x17, 0x16, 0x37, 0x36, 0x37, 0x36, 0x37, 0x36, 0x37, 0x36, 0x37, 0x36, 0x37,
    0x36, 0x35, 0x34, 0x37, 0x36, 0x37, 0x36, 0x3B, 0x01, 0x36, 0x33, 0x32, 0x17, 0x16, 0x17, 0x14,
    0x17, 0x16, 0x17, 0x16, 0x17, 0x16, 0x17, 0x16, 0x1F, 0x01, 0x16, 0x17, 0x16, 0x17, 0x16, 0x17,
    0x16, 0x33, 0x32, 0x37, 0x36, 0x37, 0x36, 0x37, 0x36, 0x37, 0x36, 0x37, 0x36, 0x3F, 0x01, 0x36,
    0x37, 0x36, 0x37, 0x36, 0x27, 0x34, 0x27, 0x26, 0x27, 0x26, 0x27, 0x26, 0x27, 0x26, 0x27, 0x26,
    0x27, 0x26, 0x27, 0x26, 0x27, 0x26, 0x27, 0x26, 0x27, 0x34, 0x27, 0x26, 0x2F, 0x01, 0x34, 0x37,
    0x36, 0x33, 0x32, 0x37, 0x36, 0x27, 0x26, 0x07, 0x06, 0x23, 0x26, 0x27, 0x26, 0x37, 0x35, 0x26,
    0x37, 0x36, 0x37, 0x36, 0x37, 0x36, 0x17, 0x32, 0x33, 0x16, 0x17, 0x16, 0x3B, 0x01, 0x32, 0x17,
    0x14, 0x17, 0x16, 0x17, 0x16, 0x37, 0x36, 0x17, 0x16, 0x33, 0x21, 0x16, 0x3B, 0x01, 0x16, 0x33,
    0x32, 0x35, 0x26, 0x37, 0x36, 0x37, 0x36, 0x37, 0x36, 0x27, 0x26, 0x37, 0x36, 0x37, 0x36, 0x17,
    0x32, 0x37, 0x34, 0x1F, 0x01, 0x16, 0x15, 0x14, 0x33, 0x36, 0x33, 0x16, 0x15, 0x16, 0x07, 0x06,
    0x15, 0x14, 0x17, 0x16, 0x17, 0x32, 0x17, 0x16, 0x33, 0x36, 0x27, 0x26, 0x37, 0x36, 0x33, 0x16,
    0x37, 0x36, 0x37, 0x36, 0x35, 0x34, 0x37, 0x36, 0x17, 0x16, 0x3B, 0x01, 0x32, 0x07, 0x06, 0x17,
    0x16, 0x37, 0x36, 0x33, 0x16, 0x3B, 0x01, 0x16, 0x37, 0x32, 0x27, 0x34, 0x35, 0x26, 0x27, 0x35,
    0x34, 0x37, 0x36, 0x27, 0x26, 0x2B, 0x01, 0x22, 0x27, 0x22, 0x15, 0x14, 0x15, 0x06, 0x07, 0x06,
    0x2B, 0x01, 0x22, 0x27, 0x22, 0x35, 0x34, 0x17, 0x16, 0x37, 0x36, 0x37, 0x36, 0x27, 0x26, 0x07,
    0x06, 0x23, 0x34, 0x3F, 0x01, 0x33, 0x32, 0x2F, 0x01, 0x26, 0x07, 0x06, 0x27, 0x34, 0x37, 0x34,
    0x27, 0x26, 0x07, 0x06, 0x27, 0x26, 0x37, 0x36, 0x35, 0x36, 0x35, 0x26, 0x27, 0x26, 0x23, 0x22,
    0x35, 0x34, 0x37, 0x36, 0x27, 0x26, 0x07, 0x06, 0x27, 0x26, 0x27, 0x34, 0x23, 0x22, 0x07, 0x06,
    0x17, 0x14, 0x15, 0x16, 0x15, 0x16, 0x1D, 0x01, 0x14, 0x27, 0x26, 0x07, 0x06, 0x15, 0x14, 0x27,
    0x26, 0x23, 0x26, 0x07, 0x06, 0x23, 0x21, 0x22, 0x35, 0x37, 0x36, 0x27, 0x26, 0x23, 0x06, 0x23,
    0x22, 0x07, 0x06, 0x27, 0x23, 0x22, 0x07, 0x06, 0x35, 0x34, 0x07, 0x06, 0x23, 0x22, 0x37, 0x36,
    0x35, 0x36, 0x37, 0x36, 0x37, 0x36, 0x37, 0x36, 0x27, 0x26, 0x07, 0x06, 0x35, 0x34, 0x27, 0x34,
    0x27, 0x22, 0x15, 0x07, 0x06, 0x2B, 0x01, 0x22, 0x27, 0x22, 0x27, 0x26, 0x07, 0x06, 0x17, 0x16,
    0x15, 0x06, 0x27, 0x26, 0x2B, 0x01, 0x22, 0x07, 0x06, 0x27, 0x26, 0x37, 0x36, 0x27, 0x34, 0x07,
    0x06, 0x2B, 0x01, 0x06, 0x17, 0x14, 0x23, 0x06, 0x27, 0x26, 0x27, 0x26, 0x15, 0x16, 0x07, 0x06,
    0x27, 0x22, 0x23, 0x26, 0x27, 0x26, 0x37, 0x36, 0x27, 0x26, 0x07, 0x06, 0x07, 0x06, 0x17, 0x16,
    0x13, 0x16, 0x17, 0x16, 0x07, 0x06, 0x07, 0x06, 0x07, 0x06, 0x17, 0x06, 0x2B, 0x01, 0x22, 0x07,
    0x06, 0x35, 0x26, 0x27, 0x26, 0x33, 0x32, 0x37, 0x36, 0x07, 0x16, 0x17, 0x16, 0x17, 0x16, 0x17,
    0x16, 0x15, 0x22, 0x27, 0x26, 0x35, 0x34, 0x35, 0x36, 0x35, 0x36, 0x35, 0x36, 0x03, 0x36, 0x04,
    0x01, 0x01, 0x01, 0x12, 0x0B, 0x05, 0x04, 0x08, 0x08, 0x0B, 0x10, 0x02, 0x05, 0x04, 0x04, 0x0A,
    0x03, 0x03, 0x02, 0x03, 0x03, 0x02, 0x01, 0x01, 0x0B, 0x4F, 0x1E, 0x0F, 0x1E, 0x0F, 0x0C, 0x07,
    0x02, 0x02, 0x01, 0x02, 0x06, 0x11, 0x0C, 0x0D, 0x14, 0x19, 0x1C, 0x13, 0x23, 0xFE, 0x8A, 0x09,
    0x09, 0x0D, 0x02, 0x01, 0x01, 0x01, 0x07, 0x05, 0x0C, 0x0A, 0x08, 0x05, 0x01, 0x01, 0x01, 0x01,
    0x02, 0x01, 0x01, 0x01, 0x02, 0x01, 0x02, 0x02, 0x03, 0x06, 0x06, 0x02, 0x03, 0x01, 0x02, 0x01,
    0x02, 0x02, 0x01, 0x06, 0x08, 0x0A, 0x11, 0x0B, 0x01, 0x04, 0x01, 0x09, 0x12, 0x0B, 0x18, 0x08,
    0x10, 0x10, 0x0F, 0x01, 0x01, 0x06, 0x07, 0x0B, 0x0B, 0x04, 0x08, 0x0A, 0x09, 0x09, 0x0A, 0x0E,
    0x0C, 0x0B, 0x01, 0x09, 0x07, 0x04, 0x0B, 0x09, 0x01, 0x02, 0x02, 0x01, 0x03, 0x1C, 0x17, 0x01,
    0x02, 0x03, 0x08, 0x03, 0x07, 0x08, 0x10, 0x16, 0x16, 0x01, 0x01, 0x01, 0x0A, 0x08, 0x03, 0x03,
    0x03, 0x01, 0x02, 0x01, 0x01, 0x01, 0x12, 0x16, 0x18, 0x06, 0x06, 0x09, 0x0B, 0x0B, 0x0F, 0x2B,
    0x2E, 0x21, 0x19, 0x15, 0x20, 0x0F, 0x07, 0x0D, 0x0E, 0x03, 0x1C, 0x03, 0x03, 0x06, 0x04, 0x0D,
    0x04, 0x08, 0x04, 0x06, 0x01, 0x07, 0x06, 0x06, 0x08, 0x01, 0x05, 0x06, 0x32, 0x14, 0x28, 0x28,
    0x14, 0x11, 0x01, 0x04, 0x04, 0x06, 0x01, 0x03, 0x03, 0x01, 0x03, 0x06, 0x09, 0x06, 0x04, 0x06,
    0x09, 0x05, 0x04, 0x03, 0x0E, 0x18, 0x18, 0x09, 0x0F, 0x10, 0x06, 0x05, 0x0A, 0x0A, 0x05, 0x18,
    0x05, 0x07, 0x07, 0x05, 0x0C, 0x03, 0x04, 0x03, 0x02, 0x03, 0x02, 0x05, 0x03, 0x03, 0x04, 0x0A,
    0x05, 0x0A, 0x04, 0x02, 0x02, 0x02, 0x02, 0x01, 0x04, 0x02, 0x02, 0x01, 0x02, 0x01, 0x03, 0x02,
    0x01, 0x09, 0x04, 0x05, 0x03, 0x05, 0x03, 0x02, 0x01, 0x01, 0x01, 0x01, 0x01, 0x01, 0x01, 0x04,
    0x05, 0x08, 0x13, 0x15, 0x14, 0x18, 0x09, 0x12, 0x13, 0x09, 0x12, 0x25, 0x1C, 0x02, 0x01, 0x02,
    0x02, 0x09, 0x07, 0x03, 0x05, 0x16, 0x1E, 0x01, 0x01, 0x29, 0x29, 0x51, 0x1A, 0x09, 0x11, 0x0B,
    0x01, 0x01, 0x02, 0x04, 0x07, 0x03, 0x03, 0x01, 0x01, 0x02, 0x01, 0x06, 0x05, 0x07, 0x05, 0x01,
    0x05, 0x05, 0x02, 0x05, 0x02, 0x03, 0x02, 0x01, 0x02, 0x02, 0x01, 0x01, 0x0B, 0x08, 0x05, 0x05,
    0x08, 0x09, 0x04, 0x05, 0x04, 0x05, 0x04, 0x02, 0x01, 0x02, 0x02, 0x01, 0x03, 0x05, 0x06, 0x03,
    0x07, 0xBC, 0x06, 0x01, 0x01, 0x02, 0x03, 0x07, 0x26, 0x13, 0x13, 0x25, 0x16, 0x07, 0x0F, 0x02,
    0x01, 0x01, 0x01, 0x01, 0x01, 0x02, 0x03, 0x05, 0x63, 0x05, 0x05, 0x08, 0x01, 0x01, 0x02, 0x03,
    0x7D, 0x36, 0x17, 0x22, 0x17, 0x1A, 0x02, 0x06, 0x01, 0x02, 0x02, 0x02, 0x0A, 0x07, 0x06, 0x01,
    0x02, 0x17, 0x03, 0x01, 0x02, 0x05, 0x1A, 0x1B, 0x01, 0x01, 0x05, 0x05, 0x05, 0x06, 0x02, 0x04,
    0x02, 0x02, 0x01, 0x02, 0x03, 0x03, 0x02, 0x03, 0x01, 0x01, 0x02, 0x02, 0x04, 0x02, 0x01, 0x01,
    0x01, 0x0E, 0x0F, 0x01, 0x04, 0x01, 0x01, 0x01, 0x04, 0x02, 0x01, 0x02, 0x09, 0x09, 0x04, 0x1A,
    0x0E, 0x0E, 0x1C, 0xFD, 0x88, 0x0B, 0x01, 0x04, 0x0B, 0x05, 0x0A, 0x03, 0x05, 0x05, 0x02, 0x20,
    0x10, 0x31, 0x0E, 0x09, 0x0E, 0x10, 0x0B, 0x08, 0x0A, 0x0E, 0x10, 0x05, 0x07, 0x06, 0x03, 0x02,
    0x01, 0x01, 0x01, 0x02, 0x03, 0x09, 0x01, 0x08, 0x09, 0x02, 0x02, 0x0E, 0x14, 0x0E, 0x07, 0x01,
    0x0C, 0x0A, 0x04, 0x02, 0x02, 0x01, 0x02, 0x06, 0x05, 0x05, 0x3F, 0x0F, 0x09, 0x0F, 0x08, 0x03,
    0x01, 0x02, 0x02, 0x0B, 0x07, 0x07, 0x0E, 0x05, 0x01, 0x03, 0x03, 0x05, 0x02, 0x08, 0x08, 0x01,
    0x02, 0x03, 0x04, 0x03, 0x05, 0x05, 0x02, 0x0F, 0x08, 0x07, 0x09, 0x04, 0x0B, 0x0C, 0x01, 0x04,
    0x02, 0x02, 0xB5, 0x0A, 0x06, 0x07, 0x01, 0x02, 0x0C, 0x10, 0x05, 0x04, 0x04, 0x06, 0x03, 0x1B,
    0x0B, 0x0A, 0x0F, 0x01, 0x02, 0x02, 0x19, 0x0E, 0x14, 0x15, 0x7C, 0x01, 0x06, 0x04, 0x02, 0x02,
    0x06, 0x05, 0x10, 0x0B, 0x0B, 0x01, 0x01, 0x02, 0x03, 0x48, 0x16, 0x16, 0x0F, 0x1D, 0x07, 0x13,
    0x10, 0x07, 0x05, 0x04, 0x03, 0x01, 0x01, 0x03, 0x08, 0x01, 0x03, 0x01, 0x02, 0x03, 0x07, 0x03,
    0x01, 0x01, 0x04, 0x07, 0x03, 0x05, 0x07, 0x05, 0x03, 0x01, 0x01, 0x06, 0x08, 0x01, 0x02, 0x03,
    0x08, 0x12, 0x11, 0x05, 0x04, 0x01, 0x01, 0x01, 0x01, 0x09, 0x04, 0x07, 0x06, 0x01, 0x02, 0x01,
    0x03, 0x02, 0x0A, 0x07, 0x08, 0x08, 0x10, 0x10, 0x08, 0x19, 0x19, 0x08, 0x0E, 0x0E, 0x08, 0x1C,
    0x10, 0x25, 0x22, 0x2C, 0x1A, 0x09, 0x06, 0x02, 0x05, 0x05, 0x03, 0x05, 0x09, 0x09, 0x03, 0x03,
    0x01, 0x01, 0x05, 0x0C, 0x02, 0x19, 0x13, 0x0D, 0x18, 0x0A, 0x11, 0x10, 0x0C, 0x0C, 0x13, 0x03,
    0x03, 0x01, 0x01, 0x05, 0x0B, 0x06, 0x06, 0x09, 0x0A, 0x06, 0x04, 0x0B, 0x09, 0x02, 0x04, 0x01,
    0x02, 0x02, 0x0A, 0x08, 0x06, 0x07, 0x07, 0x08, 0x0A, 0x02, 0x01, 0x01, 0x01, 0x01, 0x0B, 0x04,
    0x09, 0x0A, 0x05, 0x11, 0x06, 0x04, 0x03, 0x01, 0x02, 0x09, 0x24, 0x04, 0x05, 0x01, 0x07, 0x08,
    0x11, 0x12, 0x12, 0x12, 0x0D, 0x0F, 0x35, 0x37, 0x11, 0x0E, 0x06, 0x0C, 0x07, 0x03, 0x06, 0x06,
    0x02, 0x0D, 0x10, 0x15, 0x12, 0x11, 0x15, 0x05, 0x0C, 0x05, 0x0C, 0x04, 0x0A, 0x07, 0x06, 0x07,
    0x0A, 0x0E, 0x02, 0x08, 0x01, 0x01, 0x02, 0x03, 0x06, 0x0F, 0x0F, 0x1E, 0x07, 0x0F, 0x0F, 0x08,
    0x11, 0x11, 0x21, 0x1E, 0x10, 0x17, 0x14, 0x0B, 0x1B, 0x1D, 0x09, 0x03, 0x05, 0x06, 0x02, 0x02,
    0x03, 0x03, 0x02, 0x08, 0x02, 0x02, 0x02, 0x01, 0x01, 0x08, 0x08, 0x07, 0x01, 0x04, 0x04, 0x02,
    0x0B, 0x09, 0x07, 0x0C, 0x1C, 0x0F, 0x1C, 0x0E, 0x04, 0x0C, 0x0A, 0x05, 0x05, 0x08, 0x03, 0x0A,
    0x07, 0x0E, 0x0E, 0x07, 0x2A, 0x07, 0x06, 0x03, 0x08, 0x07, 0x02, 0x01, 0x02, 0x01, 0x01, 0x02,
    0x03, 0x07, 0x09, 0x0A, 0x08, 0x07, 0x05, 0x0D, 0x05, 0x05, 0x02, 0x01, 0x01, 0x01, 0x04, 0x04,
    0x02, 0x02, 0x02, 0x01, 0x04, 0x06, 0x01, 0x02, 0x01, 0x01, 0x03, 0x02, 0x01, 0x01, 0x01, 0x02,
    0x02, 0x02, 0x02, 0x02, 0x0D, 0x08, 0x04, 0x03, 0x01, 0x1C, 0x13, 0x01, 0x04, 0x04, 0x01, 0x03,
    0x01, 0x02, 0x03, 0x07, 0x0A, 0x0C, 0x06, 0x0C, 0x03, 0x05, 0x01, 0x01, 0x01, 0x02, 0x1A, 0x1B,
    0x06, 0x05, 0x01, 0x02, 0x02, 0x04, 0x01, 0x05, 0x04, 0x01, 0x02, 0x02, 0x01, 0x06, 0x04, 0x01,
    0x02, 0x01, 0x02, 0x01, 0x01, 0x02, 0x0D, 0x04, 0x03, 0x04, 0x02, 0x02, 0x0B, 0x0E, 0x14, 0x02,
    0x01, 0x01, 0x03, 0x01, 0x01, 0x02, 0x01, 0x02, 0x01, 0x01, 0x04, 0x02, 0x02, 0x01, 0x02, 0x04,
    0x05, 0x05, 0x04, 0x01, 0x01, 0x03, 0x03, 0x04, 0x09, 0x09, 0x0E, 0x09, 0x0A, 0x13, 0x07, 0x05,
    0x07, 0x02, 0x03, 0x01, 0x02, 0x05, 0x09, 0x0F, 0x12, 0x06, 0x05, 0x0A, 0x0A, 0x04, 0x03, 0x06,
    0x07, 0x03, 0x03, 0x07, 0x04, 0x01, 0x01, 0x01, 0x01, 0x05, 0x05, 0x01, 0x03, 0x22, 0x0A, 0x09,
    0x0A, 0x05, 0x05, 0x02, 0x34, 0x04, 0x01, 0x01, 0x01, 0x02, 0x03, 0x05, 0x05, 0x04, 0x02, 0x01,
    0x01, 0x04, 0x02, 0x05, 0x02, 0x01, 0x01, 0x01, 0x02, 0x01, 0x01, 0x02, 0x0D, 0x03, 0x01, 0x01,
    0x1D, 0x21, 0x01, 0x0A, 0x0B, 0x0B, 0x0A, 0x03, 0x0D, 0x07, 0x02, 0x03, 0x01, 0x01, 0x06, 0x08,
    0x04, 0x03, 0x02, 0x03, 0x0E, 0x02, 0x01, 0x02, 0x01, 0x04, 0x02, 0x03, 0x03, 0x03, 0x03, 0x01,
    0x01, 0x01, 0x02, 0x03, 0x02, 0x07, 0x08, 0x02, 0x04, 0x02, 0x01, 0x02, 0x09, 0x09, 0x01, 0x06,
    0x03, 0x02, 0x02, 0x05, 0x05, 0x02, 0x02, 0x01, 0x01, 0x01, 0x02, 0x15, 0x13, 0x08, 0x04, 0x03,
    0x03, 0x06, 0x09, 0x08, 0x08, 0xFE, 0x67, 0x06, 0x06, 0x09, 0x09, 0x0C, 0x06, 0x09, 0x05, 0x05,
    0x01, 0x01, 0x01, 0x01, 0x09, 0x0F, 0x1A, 0x17, 0x04, 0x04, 0x1B, 0x05, 0x0A, 0x07, 0x08, 0x04,
    0x07, 0x08, 0x03, 0x08, 0x08, 0x11, 0x01, 0x02, 0x02, 0x04, 0x05, 0x04, 0x10, 0x00, 0x00, 0x00,
    0x00, 0x02, 0x00, 0x56, 0x00, 0x40, 0x0A, 0xA0, 0x03, 0x40, 0x00, 0x8D, 0x00, 0xAC, 0x00, 0x00,
    0x01, 0x17, 0x0F, 0x01, 0x27, 0x23, 0x07, 0x27, 0x21, 0x07, 0x27, 0x23, 0x07, 0x21, 0x0F, 0x02,
    0x27, 0x22, 0x27, 0x26, 0x2F, 0x01, 0x23, 0x14, 0x17, 0x16, 0x17, 0x16, 0x17, 0x16, 0x17, 0x16,
    0x17, 0x16, 0x17, 0x0F, 0x02, 0x26, 0x27, 0x26, 0x27, 0x26, 0x27, 0x26, 0x27, 0x26, 0x27, 0x26,
    0x27, 0x0F, 0x01, 0x27, 0x06, 0x07, 0x06, 0x0F, 0x01, 0x26, 0x27, 0x26, 0x27, 0x0F, 0x01, 0x06,
    0x07, 0x06, 0x07, 0x06, 0x07, 0x06, 0x0F, 0x02, 0x06, 0x27, 0x26, 0x27, 0x26, 0x27, 0x26, 0x27,
    0x3F, 0x03, 0x27, 0x26, 0x27, 0x26, 0x0F, 0x05, 0x05, 0x03, 0x36, 0x37, 0x36, 0x3F, 0x01, 0x17,
    0x3F, 0x02, 0x1F, 0x01, 0x3F, 0x03, 0x17, 0x21, 0x37, 0x36, 0x37, 0x36, 0x3F, 0x01, 0x05, 0x1F,
    0x02, 0x33, 0x1F, 0x02, 0x33, 0x3F, 0x01, 0x36, 0x37, 0x36, 0x3F, 0x01, 0x35, 0x33, 0x15, 0x17,
    0x05, 0x34, 0x27, 0x26, 0x27, 0x26, 0x27, 0x26, 0x23, 0x07, 0x22, 0x07, 0x06, 0x07, 0x06, 0x07,
    0x06, 0x15, 0x14, 0x17, 0x16, 0x17, 0x16, 0x17, 0x16, 0x3B, 0x01, 0x32, 0x37, 0x36, 0x37, 0x0A,
    0x9B, 0x05, 0x05, 0x13, 0x0D, 0x0D, 0x13, 0x24, 0xFE, 0xD2, 0x0F, 0x12, 0xD8, 0x03, 0xFE, 0xAD,
    0x28, 0x1D, 0x15, 0x16, 0x03, 0x02, 0x02, 0x02, 0x0F, 0x9A, 0x07, 0x06, 0x0D, 0x0A, 0x13, 0x11,
    0x18, 0x1C, 0x21, 0x24, 0x2D, 0x14, 0x25, 0x33, 0x1F, 0x22, 0x1C, 0x23, 0x1A, 0x1B, 0x1A, 0x1D,
    0x1E, 0x15, 0x16, 0x15, 0x0C, 0x09, 0x21, 0x0F, 0x0B, 0x10, 0x0C, 0x35, 0x12, 0x0D, 0x11, 0x0D,
    0x15, 0x29, 0x0D, 0x0A, 0x0E, 0x07, 0x0C, 0x06, 0x04, 0x07, 0x14, 0x2D, 0x0C, 0x0C, 0x0D, 0x0A,
    0x0B, 0x06, 0x07, 0x03, 0x11, 0x20, 0x22, 0x14, 0x13, 0x09, 0x05, 0x0A, 0x05, 0x17, 0x32, 0x43,
    0x4D, 0xC8, 0xFE, 0xF6, 0x16, 0x07, 0x0C, 0x0E, 0x08, 0x31, 0x3A, 0x31, 0x6E, 0xA2, 0x20, 0x2F,
    0x1C, 0x30, 0x3F, 0x66, 0x09, 0x02, 0x6F, 0x07, 0x01, 0x04, 0x04, 0x03, 0x1B, 0x01, 0xE0, 0x1B,
    0x16, 0x15, 0xC8, 0x1E, 0x1B, 0x16, 0xB0, 0x0D, 0x22, 0x04, 0x02, 0x01, 0x03, 0x03, 0x2E, 0x2B,
    0xF9, 0xFE, 0x02, 0x03, 0x06, 0x05, 0x06, 0x07, 0x08, 0x3D, 0x07, 0x0A, 0x07, 0x07, 0x07, 0x02,
    0x03, 0x03, 0x03, 0x06, 0x06, 0x08, 0x08, 0x09, 0x3D, 0x08, 0x07, 0x07, 0x04, 0x02, 0xB0, 0x0D,
    0x0B, 0x07, 0x03, 0x21, 0x0E, 0x13, 0x0E, 0x13, 0x16, 0x0F, 0x05, 0x04, 0x02, 0x01, 0x02, 0x0A,
    0x1E, 0x1B, 0x20, 0x1C, 0x1A, 0x1E, 0x1E, 0x1F, 0x24, 0x1D, 0x23, 0x1E, 0x1A, 0x3A, 0x52, 0x14,
    0x1F, 0x18, 0x23, 0x1C, 0x22, 0x21, 0x2B, 0x2A, 0x2F, 0x2B, 0x3D, 0x02, 0x07, 0x05, 0x08, 0x04,
    0x05, 0x03, 0x03, 0x02, 0x06, 0x08, 0x0B, 0x11, 0x2C, 0x0E, 0x0F, 0x16, 0x0C, 0x13, 0x0D, 0x0A,
    0x18, 0x09, 0x0A, 0x01, 0x03, 0x03, 0x06, 0x08, 0x0D, 0x0C, 0x15, 0x24, 0x3E, 0x3D, 0x1B, 0x0E,
    0x07, 0x02, 0x02, 0x01, 0x08, 0x11, 0x19, 0x1A, 0x4A, 0x58, 0x01, 0x3D, 0x07, 0x05, 0x06, 0x03,
    0x0C, 0x01, 0x01, 0x09, 0x0A, 0x0A, 0x0A, 0x06, 0x0D, 0x13, 0x57, 0x09, 0x06, 0x01, 0x02, 0x02,
    0x01, 0x02, 0x05, 0x09, 0x06, 0x07, 0x25, 0x1C, 0x0E, 0x05, 0x4B, 0x0A, 0x04, 0x05, 0x02, 0x11,
    0x08, 0x79, 0x05, 0xA7, 0x07, 0x0A, 0x08, 0x06, 0x05, 0x03, 0x03, 0x01, 0x02, 0x03, 0x05, 0x08,
    0x06, 0x08, 0x09, 0x07, 0x06, 0x08, 0x04, 0x06, 0x03, 0x03, 0x03, 0x03, 0x06, 0x00, 0x00, 0x00,
    0x00, 0x02, 0x00, 0x4D, 0x00, 0x5A, 0x0A, 0xE1, 0x03, 0x26, 0x02, 0x2A, 0x02, 0x44, 0x00, 0x00,
    0x01, 0x36, 0x37, 0x36, 0x27, 0x26, 0x35, 0x34, 0x27, 0x26, 0x23, 0x06, 0x23, 0x21, 0x22, 0x27,
    0x22, 0x27, 0x26, 0x2B, 0x01, 0x07, 0x06, 0x23, 0x36, 0x35, 0x34, 0x27, 0x26, 0x3D, 0x01, 0x34,
    0x27, 0x26, 0x27, 0x26, 0x27, 0x26, 0x27, 0x26, 0x07, 0x06, 0x0F, 0x01, 0x06, 0x17, 0x16, 0x17,
    0x23, 0x22, 0x27, 0x26, 0x27, 0x26, 0x27, 0x23, 0x22, 0x07, 0x06, 0x07, 0x06, 0x23, 0x06, 0x07,
    0x06, 0x2B, 0x01, 0x06, 0x07, 0x06, 0x23, 0x21, 0x36, 0x37, 0x36, 0x37, 0x36, 0x37, 0x36, 0x33,
    0x3F, 0x01, 0x36, 0x37, 0x36, 0x17, 0x16, 0x37, 0x36, 0x17, 0x16, 0x17, 0x16, 0x33, 0x16, 0x33,
    0x32, 0x17, 0x16, 0x37, 0x36, 0x37, 0x36, 0x37, 0x36, 0x35, 0x34, 0x27, 0x26, 0x27, 0x26, 0x2B,
    0x01, 0x22, 0x23, 0x06, 0x07, 0x06, 0x07, 0x06, 0x07, 0x06, 0x27, 0x22, 0x2F, 0x01, 0x26, 0x27,
    0x26, 0x27, 0x26, 0x23, 0x26, 0x27, 0x26, 0x07, 0x06, 0x07, 0x06, 0x07, 0x06, 0x2B, 0x01, 0x06,
    0x2B, 0x01, 0x06, 0x23, 0x22, 0x07, 0x22, 0x07, 0x22, 0x07, 0x06, 0x23, 0x06, 0x27, 0x26, 0x27,
    0x26, 0x07, 0x06, 0x27, 0x26, 0x27, 0x26, 0x23, 0x26, 0x23, 0x22, 0x27, 0x26, 0x07, 0x06, 0x07,
    0x06, 0x15, 0x06, 0x1D, 0x01, 0x16, 0x17, 0x16, 0x1F, 0x01, 0x16, 0x37, 0x36, 0x17, 0x16, 0x33,
    0x16, 0x3B, 0x01, 0x32, 0x17, 0x16, 0x37, 0x36, 0x37, 0x36, 0x37, 0x36, 0x37, 0x14, 0x17, 0x16,
    0x17, 0x16, 0x17, 0x16, 0x1D, 0x01, 0x06, 0x27, 0x36, 0x27, 0x26, 0x27, 0x26, 0x27, 0x26, 0x07,
    0x06, 0x07, 0x06, 0x07, 0x06, 0x2B, 0x01, 0x06, 0x27, 0x22, 0x07, 0x22, 0x07, 0x06, 0x07, 0x06,
    0x07, 0x06, 0x07, 0x06, 0x07, 0x06, 0x27, 0x26, 0x27, 0x26, 0x07, 0x06, 0x2B, 0x01, 0x06, 0x2B,
    0x01, 0x06, 0x23, 0x22, 0x07, 0x06, 0x23, 0x06, 0x23, 0x06, 0x27, 0x22, 0x07, 0x06, 0x07, 0x06,
    0x07, 0x23, 0x06, 0x2B, 0x01, 0x22, 0x07, 0x22, 0x07, 0x06, 0x07, 0x06, 0x15, 0x14, 0x17, 0x14,
    0x17, 0x16, 0x17, 0x16, 0x15, 0x14, 0x17, 0x16, 0x15, 0x14, 0x17, 0x16, 0x15, 0x14, 0x17, 0x15,
    0x14, 0x15, 0x16, 0x17, 0x14, 0x07, 0x06, 0x17, 0x16, 0x07, 0x06, 0x07, 0x06, 0x15, 0x14, 0x17,
    0x16, 0x17, 0x32, 0x37, 0x36, 0x37, 0x36, 0x37, 0x36, 0x37, 0x36, 0x37, 0x36, 0x37, 0x36, 0x37,
    0x36, 0x37, 0x36, 0x37, 0x36, 0x3B, 0x01, 0x32, 0x17, 0x16, 0x07, 0x06, 0x07, 0x06, 0x07, 0x06,
    0x07, 0x06, 0x07, 0x32, 0x17, 0x16, 0x33, 0x17, 0x16, 0x1F, 0x01, 0x16, 0x17, 0x16, 0x37, 0x36,
    0x37, 0x36, 0x37, 0x36, 0x37, 0x36, 0x37, 0x36, 0x37, 0x36, 0x37, 0x32, 0x1F, 0x01, 0x16, 0x17,
    0x16, 0x17, 0x16, 0x17, 0x16, 0x17, 0x16, 0x33, 0x32, 0x17, 0x16, 0x33, 0x16, 0x37, 0x32, 0x37,
    0x36, 0x37, 0x36, 0x37, 0x36, 0x37, 0x36, 0x37, 0x36, 0x37, 0x36, 0x37, 0x36, 0x37, 0x36, 0x35,
    0x36, 0x37, 0x33, 0x06, 0x07, 0x06, 0x07, 0x06, 0x15, 0x16, 0x37, 0x36, 0x37, 0x36, 0x33, 0x17,
    0x16, 0x15, 0x14, 0x17, 0x16, 0x15, 0x14, 0x17, 0x16, 0x17, 0x16, 0x17, 0x16, 0x17, 0x16, 0x17,
    0x16, 0x17, 0x16, 0x37, 0x36, 0x37, 0x36, 0x37, 0x36, 0x37, 0x36, 0x37, 0x36, 0x27, 0x26, 0x27,
    0x26, 0x27, 0x26, 0x27, 0x26, 0x27, 0x33, 0x32, 0x15, 0x06, 0x17, 0x16, 0x17, 0x16, 0x33, 0x16,
    0x37, 0x36, 0x37, 0x32, 0x37, 0x36, 0x33, 0x32, 0x37, 0x36, 0x37, 0x36, 0x33, 0x36, 0x33, 0x21,
    0x32, 0x37, 0x32, 0x15, 0x07, 0x16, 0x17, 0x14, 0x17, 0x16, 0x3B, 0x01, 0x16, 0x33, 0x16, 0x33,
    0x36, 0x33, 0x32, 0x35, 0x34, 0x17, 0x16, 0x3B, 0x01, 0x32, 0x17, 0x16, 0x37, 0x36, 0x27, 0x26,
    0x35, 0x34, 0x17, 0x16, 0x37, 0x36, 0x37, 0x36, 0x37, 0x36, 0x17, 0x16, 0x37, 0x36, 0x3F, 0x02,
    0x36, 0x3B, 0x01, 0x32, 0x17, 0x16, 0x33, 0x16, 0x17, 0x16, 0x05, 0x36, 0x37, 0x36, 0x33, 0x32,
    0x37, 0x32, 0x37, 0x36, 0x37, 0x36, 0x33, 0x16, 0x15, 0x16, 0x07, 0x06, 0x07, 0x06, 0x23, 0x06,
    0x23, 0x22, 0x27, 0x26, 0x0A, 0xD5, 0x0A, 0x02, 0x02, 0x02, 0x01, 0x03, 0x03, 0x07, 0x05, 0x08,
    0xFE, 0xE1, 0x05, 0x08, 0x03, 0x02, 0x01, 0x05, 0x0F, 0x06, 0x04, 0x05, 0x03, 0x04, 0x05, 0x01,
    0x02, 0x04, 0x06, 0x04, 0x02, 0x09, 0x0D, 0x03, 0x08, 0x06, 0x0D, 0x08, 0x06, 0x07, 0x01, 0xCD,
    0x0D, 0x04, 0x05, 0x08, 0x08, 0x03, 0x1D, 0x09, 0x05, 0x03, 0x03, 0x04, 0x01, 0x06, 0x08, 0x0A,
    0x04, 0x0E, 0x1D, 0x0F, 0x14, 0x18, 0xFD, 0x9C, 0x08, 0x15, 0x08, 0x0E, 0x0E, 0x04, 0x06, 0x01,
    0x05, 0x04, 0x03, 0x03, 0x07, 0x0E, 0x0B, 0x09, 0x13, 0x18, 0x0E, 0x1C, 0x1A, 0x0D, 0x0D, 0x1B,
    0x11, 0x15, 0x1F, 0x04, 0x06, 0x06, 0x06, 0x03, 0x04, 0x09, 0x08, 0x18, 0x10, 0x16, 0x24, 0x06,
    0x0C, 0x0D, 0x06, 0x17, 0x35, 0x27, 0x27, 0x10, 0x11, 0x11, 0x10, 0x0C, 0x07, 0x03, 0x04, 0x01,
    0x01, 0x05, 0x0F, 0x0F, 0x10, 0x0E, 0x09, 0x02, 0x02, 0x07, 0x01, 0x05, 0x08, 0x0C, 0x05, 0x32,
    0x06, 0x0B, 0x0B, 0x06, 0x1A, 0x0D, 0x07, 0x0D, 0x0E, 0x06, 0x13, 0x0F, 0x12, 0x10, 0x2A, 0x1F,
    0x1A, 0x30, 0x0B, 0x17, 0x18, 0x0C, 0x17, 0x2F, 0x01, 0x22, 0x1B, 0x01, 0x02, 0x02, 0x04, 0x01,
    0x02, 0x01, 0x01, 0x06, 0x27, 0x16, 0x11, 0x16, 0x0C, 0x0B, 0x17, 0x0D, 0x1B, 0x27, 0x15, 0x0B,
    0x0D, 0x11, 0x07, 0x0C, 0x0C, 0x07, 0x0C, 0x18, 0x05, 0x01, 0x09, 0x03, 0x05, 0x05, 0x01, 0x09,
    0x0C, 0x0A, 0x0A, 0x08, 0x14, 0x09, 0x0E, 0x10, 0x09, 0x06, 0x05, 0x07, 0x06, 0x08, 0x12, 0x11,
    0x11, 0x18, 0x0B, 0x17, 0x13, 0x08, 0x0D, 0x0D, 0x04, 0x14, 0x0A, 0x13, 0x0D, 0x14, 0x07, 0x0A,
    0x09, 0x02, 0x0D, 0x09, 0x08, 0x13, 0x07, 0x0D, 0x26, 0x0D, 0x1A, 0x0B, 0x18, 0x18, 0x0B, 0x17,
    0x2F, 0x0F, 0x18, 0x17, 0x0D, 0x04, 0x03, 0x05, 0x05, 0x11, 0x05, 0x0C, 0x24, 0x11, 0x14, 0x02,
    0x06, 0x06, 0x03, 0x09, 0x01, 0x02, 0x01, 0x03, 0x02, 0x01, 0x01, 0x01, 0x01, 0x01, 0x01, 0x01,
    0x07, 0x02, 0x01, 0x01, 0x01, 0x01, 0x04, 0x03, 0x06, 0x06, 0x1C, 0x24, 0x1F, 0x23, 0x1E, 0x18,
    0x30, 0x30, 0x18, 0x48, 0x48, 0x31, 0x0D, 0x0B, 0x15, 0x15, 0x0A, 0x18, 0x05, 0x0F, 0x0F, 0xA4,
    0x19, 0x05, 0x04, 0x0B, 0x0D, 0x11, 0x12, 0x0B, 0x05, 0x0A, 0x07, 0x0B, 0x01, 0x02, 0x02, 0x01,
    0x04, 0x16, 0x0B, 0x21, 0x03, 0x14, 0x11, 0x07, 0x07, 0x05, 0x05, 0x04, 0x16, 0x0A, 0x0F, 0x0F,
    0x01, 0x03, 0x03, 0x04, 0x03, 0x04, 0x06, 0x03, 0x05, 0x05, 0x03, 0x03, 0x04, 0x04, 0x03, 0x05,
    0x0E, 0x0E, 0x05, 0x05, 0x08, 0x03, 0x09, 0x03, 0x08, 0x08, 0x04, 0x07, 0x10, 0x09, 0x08, 0x06,
    0x04, 0x02, 0x02, 0x02, 0x02, 0x05, 0x02, 0x01, 0x01, 0x02, 0x14, 0x04, 0x01, 0x01, 0x01, 0x02,
    0x08, 0x04, 0x03, 0x04, 0x02, 0x08, 0x0A, 0x01, 0x01, 0x01, 0x01, 0x01, 0x04, 0x01, 0x04, 0x01,
    0x01, 0x01, 0x01, 0x02, 0x02, 0x01, 0x17, 0x06, 0x0A, 0x0B, 0x04, 0x26, 0x25, 0x2D, 0x1C, 0x0C,
    0x08, 0x05, 0x04, 0x01, 0x02, 0x02, 0x01, 0x03, 0x04, 0x92, 0x01, 0x01, 0x02, 0x04, 0x03, 0x04,
    0x04, 0x0A, 0x0C, 0x06, 0x10, 0x03, 0x05, 0x06, 0x02, 0x0B, 0x05, 0x0A, 0x12, 0x12, 0x09, 0x24,
    0x13, 0x01, 0x22, 0x09, 0x09, 0x0A, 0x02, 0x02, 0x01, 0x06, 0x03, 0x06, 0x08, 0x03, 0x07, 0x03,
    0x07, 0x05, 0x03, 0x01, 0x0D, 0x08, 0x0A, 0x32, 0x10, 0x0F, 0x12, 0x0C, 0x0C, 0x01, 0x01, 0x09,
    0x07, 0x05, 0x02, 0x05, 0x05, 0x03, 0x08, 0x14, 0x07, 0x09, 0x06, 0x08, 0x08, 0x01, 0x01, 0x09,
    0x89, 0x03, 0x06, 0x05, 0x04, 0x19, 0x30, 0x1E, 0xF9, 0x6F, 0x1A, 0x0D, 0x13, 0x15, 0x0C, 0x09,
    0x01, 0x07, 0x07, 0x04, 0x05, 0x03, 0x03, 0x01, 0x01, 0x03, 0x04, 0x07, 0x15, 0x0E, 0x1A, 0x09,
    0x1F, 0x1F, 0x01, 0xDD, 0x03, 0x0B, 0x0B, 0x09, 0x03, 0x0C, 0x08, 0x05, 0x05, 0x01, 0x02, 0x02,
    0x01, 0x02, 0x03, 0x05, 0x05, 0x05, 0x03, 0x03, 0x01, 0x14, 0x09, 0x04, 0x0C, 0x16, 0x16, 0x0B,
    0x05, 0x01, 0x02, 0x01, 0x02, 0x07, 0x0D, 0x08, 0x13, 0x16, 0x07, 0x02, 0x02, 0x0C, 0x08, 0x01,
    0x04, 0x02, 0x02, 0x03, 0x04, 0x01, 0x02, 0x02, 0x03, 0x04, 0x17, 0x0A, 0x04, 0x08, 0x08, 0x02,
    0x02, 0x06, 0x0A, 0x07, 0x01, 0x04, 0x03, 0x03, 0x02, 0x04, 0x03, 0x03, 0x04, 0x02, 0x01, 0x01,
    0x01, 0x06, 0x08, 0x0A, 0x09, 0x0A, 0x0C, 0x19, 0x16, 0x0E, 0x0C, 0x02, 0x01, 0x01, 0x01, 0x03,
    0x04, 0x04, 0x02, 0x02, 0x02, 0x03, 0x03, 0x01, 0x05, 0x02, 0x04, 0x04, 0x02, 0x04, 0x03, 0x07,
    0x03, 0x05, 0x06, 0x04, 0x01, 0x02, 0x01, 0x01, 0x01, 0x01, 0x01, 0x02, 0x04, 0x05, 0x01, 0x05,
    0x01, 0x01, 0x02, 0x01, 0x01, 0x01, 0x01, 0x02, 0x02, 0x0C, 0x08, 0x06, 0x07, 0x08, 0x07, 0x0C,
    0x13, 0x08, 0x19, 0x19, 0x02, 0x03, 0x02, 0x03, 0x02, 0x01, 0x01, 0x01, 0x01, 0x01, 0x03, 0x01,
    0x02, 0x02, 0x01, 0x01, 0x04, 0x0A, 0x0D, 0x04, 0x11, 0x05, 0x03, 0x05, 0x05, 0x0B, 0x03, 0x01,
    0x04, 0x0C, 0x0B, 0x02, 0x06, 0x03, 0x04, 0x08, 0x05, 0x06, 0x06, 0x09, 0x07, 0x02, 0x02, 0x01,
    0x0D, 0x05, 0x08, 0x09, 0x02, 0x0C, 0x05, 0x09, 0x04, 0x07, 0x10, 0x11, 0x0A, 0x03, 0x01, 0x01,
    0x01, 0x01, 0x01, 0x01, 0x01, 0x01, 0x01, 0x0B, 0x04, 0x0E, 0x0E, 0x01, 0x01, 0x05, 0x01, 0x02,
    0x01, 0x01, 0x0B, 0x0C, 0x05, 0x06, 0x0C, 0x02, 0x03, 0x02, 0x02, 0x01, 0x04, 0x04, 0x01, 0x08,
    0x03, 0x03, 0x04, 0x04, 0x03, 0x0E, 0x06, 0x0C, 0x0C, 0x06, 0x13, 0x11, 0x0A, 0x07, 0x09, 0x07,
    0x08, 0x0E, 0x0B, 0x0B, 0x17, 0x0F, 0x0F, 0x01, 0x07, 0x08, 0x0A, 0x09, 0x11, 0x11, 0x09, 0x1A,
    0x1C, 0x13, 0x04, 0x04, 0x07, 0x08, 0x03, 0x08, 0x02, 0x06, 0x1B, 0x1A, 0x12, 0x12, 0x10, 0x10,
    0x14, 0x09, 0x16, 0x11, 0x0E, 0x01, 0x01, 0x04, 0x10, 0x07, 0x18, 0x02, 0x0D, 0x0B, 0x03, 0x03,
    0x06, 0x05, 0x07, 0x2A, 0x16, 0x23, 0x1E, 0x01, 0x08, 0x06, 0x01, 0x03, 0x04, 0x01, 0x03, 0x03,
    0x01, 0x01, 0x03, 0x03, 0x02, 0x04, 0x01, 0x01, 0x01, 0x02, 0x01, 0x02, 0x01, 0x01, 0x04, 0x01,
    0x0E, 0x0A, 0x0B, 0x03, 0x07, 0x07, 0x04, 0x11, 0x05, 0x02, 0x03, 0x01, 0x01, 0x06, 0x03, 0x01,
    0x04, 0x04, 0x01, 0x02, 0x07, 0x05, 0x08, 0x02, 0x02, 0x04, 0x09, 0x09, 0x05, 0x04, 0x09, 0x0A,
    0x05, 0x11, 0x27, 0x11, 0x27, 0x06, 0x0C, 0x0C, 0x06, 0x18, 0x0C, 0x0F, 0x05, 0x01, 0x02, 0x03,
    0x01, 0x05, 0x07, 0x09, 0x07, 0x03, 0x3B, 0x27, 0x20, 0x0D, 0x19, 0x1A, 0x0C, 0x17, 0x35, 0x04,
    0x04, 0x02, 0x04, 0x02, 0x04, 0x02, 0x04, 0x01, 0x03, 0x01, 0x01, 0x01, 0x01, 0x01, 0x02, 0x02,
    0x01, 0x03, 0x02, 0x07, 0x01, 0x03, 0x01, 0x01, 0x01, 0x01, 0x01, 0x09, 0x07, 0x01, 0x01, 0x04,
    0x05, 0x04, 0x05, 0x09, 0x06, 0x0E, 0x0E, 0x06, 0x07, 0x08, 0x04, 0x09, 0x0A, 0x05, 0x0E, 0x0A,
    0x04, 0x03, 0x01, 0x05, 0x04, 0x01, 0x01, 0x02, 0x03, 0x02, 0x02, 0x01, 0x86, 0x06, 0x02, 0x03,
    0x03, 0x01, 0x02, 0x01, 0x01, 0x01, 0x02, 0x02, 0x04, 0x07, 0x0E, 0x16, 0x01, 0x09, 0x09, 0x00,
    0x00, 0x08, 0x00, 0x4F, 0x00, 0x5A, 0x0A, 0xD4, 0x03, 0x26, 0x00, 0x05, 0x00, 0x0B, 0x02, 0x66,
    0x02, 0x81, 0x02, 0x9D, 0x02, 0xB8, 0x02, 0xBE, 0x02, 0xC3, 0x00, 0x00, 0x01, 0x22, 0x27, 0x39,
    0x01, 0x16, 0x37, 0x23, 0x06, 0x23, 0x32, 0x37, 0x25, 0x36, 0x27, 0x26, 0x35, 0x26, 0x07, 0x06,
    0x2B, 0x01, 0x22, 0x07, 0x06, 0x27, 0x15, 0x26, 0x27, 0x26, 0x27, 0x06, 0x27, 0x26, 0x23, 0x22,
    0x23, 0x06, 0x15, 0x06, 0x17, 0x16, 0x07, 0x06, 0x2B, 0x01, 0x22, 0x27, 0x26, 0x35, 0x34, 0x37,
    0x34, 0x27, 0x36, 0x27, 0x26, 0x2B, 0x01, 0x22, 0x37, 0x36, 0x27, 0x26, 0x27, 0x26, 0x07, 0x06,
    0x17, 0x26, 0x27, 0x26, 0x23, 0x22, 0x27, 0x26, 0x07, 0x06, 0x17, 0x16, 0x07, 0x06, 0x17, 0x16,
    0x23, 0x07, 0x21, 0x22, 0x35, 0x26, 0x3F, 0x01, 0x33, 0x32, 0x17, 0x16, 0x17, 0x16, 0x1F, 0x01,
    0x16, 0x17, 0x16, 0x17, 0x16, 0x37, 0x36, 0x33, 0x32, 0x17, 0x16, 0x37, 0x36, 0x3D, 0x01, 0x34,
    0x37, 0x36, 0x27, 0x26, 0x37, 0x34, 0x2B, 0x01, 0x06, 0x2B, 0x01, 0x22, 0x07, 0x06, 0x0F, 0x01,
    0x06, 0x07, 0x06, 0x23, 0x22, 0x37, 0x36, 0x27, 0x26, 0x2B, 0x01, 0x22, 0x15, 0x14, 0x17, 0x16,
    0x07, 0x06, 0x27, 0x26, 0x27, 0x26, 0x37, 0x36, 0x23, 0x26, 0x23, 0x22, 0x07, 0x06, 0x17, 0x26,
    0x07, 0x06, 0x17, 0x26, 0x17, 0x15, 0x16, 0x07, 0x06, 0x27, 0x26, 0x23, 0x22, 0x37, 0x36, 0x23,
    0x22, 0x27, 0x26, 0x15, 0x14, 0x07, 0x06, 0x27, 0x26, 0x27, 0x26, 0x27, 0x26, 0x23, 0x22, 0x27,
    0x26, 0x07, 0x06, 0x17, 0x16, 0x15, 0x14, 0x07, 0x06, 0x17, 0x16, 0x37, 0x36, 0x17, 0x32, 0x37,
    0x36, 0x17, 0x16, 0x0F, 0x01, 0x22, 0x07, 0x06, 0x27, 0x26, 0x37, 0x36, 0x27, 0x26, 0x07, 0x06,
    0x23, 0x26, 0x35, 0x36, 0x27, 0x26, 0x27, 0x26, 0x07, 0x22, 0x07, 0x06, 0x23, 0x22, 0x07, 0x06,
    0x17, 0x16, 0x37, 0x36, 0x33, 0x16, 0x07, 0x06, 0x23, 0x22, 0x27, 0x26, 0x07, 0x06, 0x17, 0x14,
    0x07, 0x06, 0x27, 0x26, 0x23, 0x22, 0x07, 0x06, 0x07, 0x06, 0x07, 0x06, 0x23, 0x22, 0x07, 0x06,
    0x37, 0x36, 0x17, 0x16, 0x37, 0x36, 0x37, 0x36, 0x37, 0x36, 0x37, 0x36, 0x37, 0x36, 0x37, 0x36,
    0x37, 0x36, 0x27, 0x26, 0x07, 0x06, 0x27, 0x26, 0x07, 0x06, 0x2B, 0x01, 0x22, 0x27, 0x22, 0x07,
    0x06, 0x07, 0x06, 0x17, 0x16, 0x37, 0x36, 0x33, 0x32, 0x17, 0x16, 0x07, 0x06, 0x27, 0x26, 0x15,
    0x14, 0x2F, 0x01, 0x35, 0x34, 0x37, 0x36, 0x27, 0x26, 0x07, 0x06, 0x27, 0x36, 0x23, 0x06, 0x23,
    0x22, 0x17, 0x16, 0x15, 0x14, 0x17, 0x16, 0x15, 0x17, 0x16, 0x1D, 0x01, 0x14, 0x07, 0x06, 0x37,
    0x35, 0x23, 0x16, 0x37, 0x36, 0x27, 0x16, 0x37, 0x36, 0x35, 0x34, 0x27, 0x26, 0x37, 0x36, 0x17,
    0x16, 0x33, 0x17, 0x23, 0x06, 0x17, 0x16, 0x17, 0x16, 0x17, 0x16, 0x37, 0x36, 0x3B, 0x01, 0x32,
    0x17, 0x16, 0x37, 0x36, 0x37, 0x36, 0x3F, 0x01, 0x36, 0x37, 0x36, 0x37, 0x36, 0x33, 0x32, 0x17,
    0x16, 0x17, 0x32, 0x37, 0x36, 0x17, 0x16, 0x07, 0x06, 0x07, 0x06, 0x07, 0x06, 0x07, 0x06, 0x07,
    0x06, 0x07, 0x06, 0x07, 0x06, 0x07, 0x06, 0x17, 0x16, 0x17, 0x16, 0x17, 0x16, 0x37, 0x36, 0x27,
    0x36, 0x37, 0x36, 0x37, 0x36, 0x37, 0x36, 0x37, 0x36, 0x33, 0x32, 0x37, 0x36, 0x27, 0x26, 0x37,
    0x35, 0x34, 0x37, 0x36, 0x37, 0x36, 0x37, 0x33, 0x36, 0x37, 0x36, 0x33, 0x32, 0x07, 0x14, 0x15,
    0x06, 0x15, 0x06, 0x15, 0x14, 0x17, 0x16, 0x3B, 0x01, 0x26, 0x37, 0x36, 0x3D, 0x01, 0x34, 0x27,
    0x26, 0x33, 0x32, 0x37, 0x36, 0x27, 0x34, 0x27, 0x26, 0x27, 0x26, 0x35, 0x26, 0x37, 0x36, 0x37,
    0x36, 0x37, 0x32, 0x37, 0x36, 0x37, 0x36, 0x15, 0x14, 0x37, 0x36, 0x15, 0x33, 0x14, 0x37, 0x36,
    0x33, 0x37, 0x16, 0x17, 0x16, 0x17, 0x26, 0x37, 0x32, 0x15, 0x36, 0x37, 0x36, 0x15, 0x14, 0x37,
    0x36, 0x33, 0x16, 0x15, 0x06, 0x17, 0x16, 0x17, 0x26, 0x37, 0x36, 0x33, 0x07, 0x37, 0x32, 0x23,
    0x32, 0x17, 0x16, 0x17, 0x36, 0x33, 0x17, 0x23, 0x36, 0x37, 0x36, 0x33, 0x39, 0x01, 0x33, 0x16,
    0x17, 0x16, 0x33, 0x22, 0x37, 0x36, 0x15, 0x14, 0x37, 0x32, 0x33, 0x36, 0x37, 0x23, 0x15, 0x36,
    0x27, 0x26, 0x37, 0x16, 0x3B, 0x01, 0x32, 0x17, 0x16, 0x37, 0x16, 0x37, 0x36, 0x33, 0x32, 0x37,
    0x36, 0x17, 0x16, 0x07, 0x36, 0x37, 0x36, 0x33, 0x36, 0x17, 0x16, 0x17, 0x36, 0x17, 0x16, 0x33,
    0x32, 0x17, 0x16, 0x05, 0x14, 0x07, 0x06, 0x17, 0x06, 0x2B, 0x01, 0x31, 0x23, 0x26, 0x37, 0x36,
    0x27, 0x36, 0x27, 0x26, 0x37, 0x36, 0x35, 0x36, 0x33, 0x16, 0x33, 0x32, 0x17, 0x16, 0x05, 0x14,
    0x07, 0x06, 0x07, 0x06, 0x23, 0x06, 0x27, 0x26, 0x37, 0x34, 0x37, 0x36, 0x17, 0x16, 0x07, 0x06,
    0x17, 0x16, 0x37, 0x26, 0x37, 0x36, 0x37, 0x36, 0x17, 0x16, 0x13, 0x16, 0x07, 0x14, 0x15, 0x06,
    0x15, 0x06, 0x1D, 0x01, 0x22, 0x27, 0x23, 0x36, 0x27, 0x26, 0x37, 0x36, 0x17, 0x16, 0x17, 0x33,
    0x16, 0x33, 0x34, 0x37, 0x36, 0x05, 0x15, 0x23, 0x36, 0x17, 0x16, 0x05, 0x23, 0x06, 0x23, 0x37,
    0x06, 0xA4, 0x01, 0x01, 0x01, 0x11, 0x01, 0x01, 0x01, 0x01, 0x01, 0x04, 0x20, 0x02, 0x01, 0x01,
    0x03, 0x20, 0x21, 0x0E, 0x2C, 0x31, 0x1B, 0x28, 0x18, 0x03, 0x04, 0x04, 0x03, 0x01, 0x0B, 0x0C,
    0x03, 0x03, 0x02, 0x03, 0x01, 0x01, 0x02, 0x02, 0x03, 0x07, 0xCF, 0x1C, 0x04, 0x05, 0x01, 0x09,
    0x11, 0x08, 0x0A, 0x09, 0xF1, 0x1B, 0x03, 0x02, 0x0A, 0x04, 0x11, 0x08, 0x04, 0x04, 0x01, 0x06,
    0x08, 0x07, 0x0A, 0x04, 0x1E, 0x19, 0x05, 0x04, 0x01, 0x01, 0x02, 0x04, 0x03, 0x02, 0x05, 0x0A,
    0xFE, 0x80, 0x0F, 0x01, 0x03, 0x05, 0x3A, 0x0E, 0x11, 0x12, 0x0A, 0x05, 0x0A, 0x0E, 0x05, 0x17,
    0x0E, 0x0D, 0x29, 0x2A, 0x3A, 0x19, 0x12, 0x06, 0x04, 0x02, 0x03, 0x02, 0x02, 0x04, 0x02, 0x01,
    0x0F, 0x35, 0x12, 0x23, 0x2D, 0x12, 0x14, 0x1F, 0x15, 0x33, 0x14, 0x12, 0x10, 0x18, 0x16, 0x04,
    0x02, 0x03, 0x03, 0x09, 0x36, 0x09, 0x01, 0x05, 0x04, 0x16, 0x12, 0x12, 0x06, 0x05, 0x02, 0x01,
    0x08, 0x05, 0x0A, 0x0F, 0x04, 0x06, 0x03, 0x09, 0x01, 0x01, 0x03, 0x0E, 0x01, 0x02, 0x05, 0x0E,
    0x08, 0x08, 0x0E, 0x11, 0x07, 0x07, 0x0F, 0x0C, 0x1B, 0x1C, 0x01, 0x02, 0x04, 0x04, 0x0A, 0x28,
    0x18, 0x17, 0x2E, 0x0B, 0x1F, 0x23, 0x05, 0x03, 0x02, 0x01, 0x01, 0x01, 0x08, 0x2A, 0x31, 0x35,
    0x27, 0x0C, 0x0D, 0x0B, 0x0B, 0x03, 0x03, 0x02, 0x12, 0x1F, 0x1E, 0x10, 0x01, 0x01, 0x02, 0x04,
    0x07, 0x10, 0x0B, 0x10, 0x0E, 0x02, 0x07, 0x03, 0x08, 0x07, 0x08, 0x07, 0x16, 0x12, 0x0F, 0x06,
    0x05, 0x04, 0x06, 0x02, 0x0F, 0x09, 0x07, 0x0E, 0x01, 0x05, 0x0E, 0x0A, 0x07, 0x0B, 0x05, 0x05,
    0x02, 0x04, 0x0A, 0x17, 0x0F, 0x1B, 0x15, 0x1B, 0x18, 0x11, 0x02, 0x08, 0x08, 0x06, 0x16, 0x34,
    0x36, 0x03, 0x03, 0x31, 0x32, 0x13, 0x07, 0x0A, 0x09, 0x06, 0x0E, 0x09, 0x0A, 0x0A, 0x03, 0x0C,
    0x0A, 0x01, 0x04, 0x06, 0x07, 0x11, 0x24, 0x13, 0x26, 0x29, 0x36, 0x1A, 0x85, 0x0E, 0x07, 0x0B,
    0x08, 0x08, 0x02, 0x02, 0x05, 0x06, 0x13, 0x0D, 0x1D, 0x10, 0x04, 0x05, 0x01, 0x04, 0x31, 0x31,
    0x21, 0x21, 0x02, 0x01, 0x03, 0x05, 0x09, 0x06, 0x16, 0x08, 0x11, 0x0C, 0x0F, 0x09, 0x04, 0x04,
    0x02, 0x01, 0x03, 0x01, 0x08, 0x08, 0x20, 0x02, 0x0C, 0x05, 0x04, 0x02, 0x19, 0x07, 0x07, 0x01,
    0x02, 0x03, 0x05, 0x12, 0x16, 0x05, 0x0A, 0x01, 0x05, 0x06, 0x04, 0x03, 0x02, 0x04, 0x15, 0x24,
    0x21, 0x19, 0x71, 0x1F, 0x1E, 0x1D, 0x08, 0x06, 0x05, 0x04, 0x0F, 0x0C, 0x03, 0x08, 0x13, 0x15,
    0x0E, 0x22, 0x15, 0x12, 0x0F, 0x17, 0x0D, 0x28, 0x1E, 0x0E, 0x0E, 0x0B, 0x04, 0x06, 0x07, 0x03,
    0x13, 0x11, 0x06, 0x0C, 0x0D, 0x06, 0x06, 0x04, 0x06, 0x02, 0x05, 0x0B, 0x07, 0x15, 0x10, 0x30,
    0x19, 0x07, 0x07, 0x0A, 0x05, 0x07, 0x05, 0x08, 0x04, 0x02, 0x01, 0x06, 0x03, 0x08, 0x07, 0x02,
    0x01, 0x01, 0x03, 0x01, 0x01, 0x03, 0x09, 0x08, 0x0E, 0x76, 0x07, 0x03, 0x04, 0x07, 0x0B, 0x01,
    0x01, 0x01, 0x02, 0x01, 0x09, 0xB7, 0x07, 0x03, 0x02, 0x01, 0x02, 0x07, 0x0B, 0x01, 0x02, 0x02,
    0x04, 0x02, 0x03, 0x01, 0x01, 0x02, 0x04, 0x0C, 0x0E, 0x09, 0x02, 0x04, 0x05, 0x04, 0x0A, 0x19,
    0x18, 0x49, 0x11, 0x03, 0x05, 0x08, 0x0D, 0x01, 0x03, 0x09, 0x04, 0x09, 0x0D, 0x06, 0x08, 0x08,
    0x06, 0x06, 0x01, 0x0B, 0x01, 0x03, 0x03, 0x05, 0x08, 0x0A, 0x09, 0x01, 0x01, 0x06, 0x0B, 0x02,
    0x09, 0x02, 0x03, 0x06, 0x06, 0x03, 0x09, 0x01, 0x06, 0x03, 0x02, 0x09, 0x0F, 0x0A, 0x02, 0x02,
    0x09, 0x04, 0x0C, 0x0B, 0x09, 0x02, 0x05, 0x05, 0x02, 0x01, 0x08, 0x02, 0x02, 0x01, 0x24, 0x48,
    0x6C, 0x1B, 0x3F, 0x47, 0x07, 0x24, 0x28, 0x28, 0x25, 0x13, 0x29, 0x17, 0x09, 0x0A, 0x02, 0x0C,
    0x04, 0x03, 0x0A, 0x0B, 0x05, 0x07, 0x06, 0x01, 0x4D, 0x4C, 0x14, 0x09, 0x26, 0x1D, 0xF6, 0x18,
    0x01, 0x01, 0x02, 0x08, 0x0C, 0x23, 0x06, 0x05, 0x02, 0x03, 0x03, 0x01, 0x03, 0x02, 0x01, 0x01,
    0x07, 0x0D, 0x09, 0x0F, 0x10, 0x04, 0x02, 0x03, 0x7D, 0x01, 0x02, 0x06, 0x0C, 0x26, 0x26, 0x0F,
    0x12, 0x01, 0x06, 0x0D, 0x04, 0x04, 0x04, 0x04, 0x05, 0x06, 0x10, 0x05, 0x01, 0x02, 0x10, 0x19,
    0x16, 0x16, 0xAB, 0x03, 0x01, 0x01, 0x01, 0x40, 0x1F, 0x5F, 0x02, 0x02, 0x02, 0x05, 0x09, 0x21,
    0x20, 0x02, 0x16, 0x07, 0x0D, 0x1D, 0x1D, 0x02, 0x52, 0x2A, 0x05, 0x0D, 0x09, 0xFE, 0xF8, 0x01,
    0x01, 0x01, 0x01, 0x01, 0xA9, 0x01, 0x01, 0x01, 0x01, 0x01, 0x2E, 0x07, 0x08, 0x07, 0x09, 0x0C,
    0x02, 0x03, 0x01, 0x01, 0x0D, 0x0B, 0x05, 0x01, 0x02, 0x02, 0x12, 0x09, 0x09, 0x01, 0x01, 0x01,
    0x02, 0x03, 0x01, 0x02, 0x04, 0x03, 0x1A, 0x15, 0x07, 0x0C, 0x07, 0x04, 0x07, 0x07, 0x09, 0x0A,
    0x0C, 0x05, 0x08, 0x04, 0x03, 0x04, 0x0A, 0x06, 0x03, 0x03, 0x02, 0x02, 0x07, 0x05, 0x04, 0x03,
    0x09, 0x0C, 0x03, 0x03, 0x01, 0x15, 0x13, 0x11, 0x12, 0x03, 0x04, 0x03, 0x02, 0x02, 0x04, 0x01,
    0x07, 0x06, 0x03, 0x08, 0x03, 0x02, 0x01, 0x01, 0x04, 0x05, 0x08, 0x24, 0x0B, 0x1C, 0x17, 0x0E,
    0x0E, 0x02, 0x03, 0x01, 0x04, 0x07, 0x04, 0x0C, 0x06, 0x03, 0x03, 0x09, 0x05, 0x02, 0x02, 0x03,
    0x01, 0x01, 0x06, 0x02, 0x0A, 0x09, 0x09, 0x11, 0x11, 0x05, 0x03, 0x01, 0x03, 0x04, 0x10, 0x01,
    0x07, 0x07, 0x08, 0x04, 0x05, 0x02, 0x08, 0x02, 0x02, 0x01, 0x01, 0x0A, 0x0A, 0x03, 0x01, 0x0D,
    0x08, 0x03, 0x03, 0x02, 0x03, 0x02, 0x06, 0x01, 0x01, 0x04, 0x03, 0x05, 0x03, 0x0C, 0x09, 0x07,
    0x11, 0x11, 0x19, 0x01, 0x06, 0x03, 0x03, 0x01, 0x0B, 0x0B, 0x0F, 0x05, 0x21, 0x21, 0x03, 0x04,
    0x08, 0x01, 0x09, 0x08, 0x02, 0x04, 0x01, 0x01, 0x01, 0x03, 0x05, 0x01, 0x01, 0x02, 0x01, 0x01,
    0x02, 0x03, 0x06, 0x07, 0x07, 0x02, 0x01, 0x01, 0x02, 0x04, 0x06, 0x01, 0x02, 0x05, 0x03, 0x08,
    0x08, 0x03, 0x0A, 0x01, 0x01, 0x27, 0x24, 0x13, 0x02, 0x0A, 0x08, 0x03, 0x05, 0x18, 0x18, 0x07,
    0x09, 0x07, 0x01, 0x09, 0x07, 0x05, 0x0C, 0x0D, 0x0F, 0x0B, 0x05, 0x0C, 0x0A, 0x08, 0x0D, 0x06,
    0x07, 0x01, 0x03, 0x01, 0x02, 0x02, 0x02, 0x01, 0x05, 0x07, 0x2C, 0x2C, 0x11, 0x11, 0x01, 0x01,
    0x01, 0x01, 0x0F, 0x1C, 0x11, 0x10, 0x1E, 0x0F, 0x04, 0x04, 0x25, 0x04, 0x10, 0x0B, 0x09, 0x0F,
    0x02, 0x01, 0x02, 0x0B, 0x01, 0x07, 0x07, 0x07, 0x01, 0x0E, 0x07, 0x0B, 0x2D, 0x0F, 0x20, 0x6D,
    0x08, 0x25, 0x23, 0x0B, 0x02, 0x03, 0x06, 0x05, 0x0B, 0x01, 0x01, 0x01, 0x19, 0x0D, 0x0B, 0x12,
    0x04, 0x08, 0x02, 0x02, 0x02, 0x02, 0x04, 0x02, 0x07, 0x07, 0x01, 0x08, 0x04, 0x04, 0x03, 0x04,
    0x1D, 0x14, 0x09, 0x06, 0x11, 0x0C, 0x04, 0x06, 0x0B, 0x02, 0x01, 0x05, 0x05, 0x02, 0x02, 0x01,
    0x14, 0x12, 0x0E, 0x05, 0x0A, 0x0A, 0x05, 0x1E, 0x1B, 0x0A, 0x13, 0x14, 0x0A, 0x08, 0x03, 0x07,
    0x07, 0x12, 0x02, 0x02, 0x07, 0x05, 0x0A, 0x06, 0x06, 0x06, 0x12, 0x0C, 0x0B, 0x08, 0x0E, 0x08,
    0x05, 0x04, 0x06, 0x03, 0x02, 0x04, 0x06, 0x05, 0x01, 0x06, 0x06, 0x02, 0x0A, 0x08, 0x05, 0x02,
    0x03, 0x02, 0x04, 0x3F, 0x11, 0x12, 0x13, 0x0A, 0x0A, 0x04, 0x03, 0x1C, 0x16, 0x19, 0x27, 0x30,
    0x12, 0x46, 0x09, 0x08, 0x0B, 0x07, 0x07, 0x0B, 0x03, 0x05, 0x03, 0x08, 0x04, 0x0F, 0x0B, 0x07,
    0x0B, 0x05, 0x04, 0x03, 0x03, 0x03, 0x01, 0x04, 0x04, 0x0E, 0x0C, 0x0B, 0x09, 0x03, 0x03, 0x01,
    0x02, 0x02, 0x01, 0x03, 0x01, 0x01, 0x01, 0x01, 0x02, 0x04, 0x03, 0x06, 0x0B, 0x08, 0x06, 0x01,
    0x02, 0x02, 0x01, 0x02, 0x01, 0x02, 0x04, 0x03, 0x01, 0x01, 0x02, 0x03, 0x01, 0x01, 0x01, 0x01,
    0x03, 0x02, 0x01, 0x04, 0x03, 0x09, 0x08, 0x0D, 0x06, 0x01, 0x01, 0x01, 0x02, 0x05, 0x0C, 0x10,
    0x08, 0x01, 0x04, 0x05, 0x10, 0x08, 0x03, 0x03, 0x04, 0x02, 0x05, 0x05, 0x0B, 0x02, 0x02, 0x03,
    0x02, 0x02, 0x02, 0x04, 0x0F, 0x02, 0x03, 0x02, 0x03, 0x3D, 0x14, 0x0B, 0x0C, 0x12, 0x06, 0x01,
    0x01, 0x01, 0x01, 0x02, 0x0F, 0x14, 0x0B, 0x0A, 0x14, 0x05, 0x01, 0x02, 0x02, 0x56, 0x0F, 0x05,
    0x09, 0x05, 0x09, 0x02, 0x08, 0x09, 0x19, 0x18, 0x0E, 0x04, 0x08, 0x08, 0x14, 0x14, 0x09, 0x0A,
    0x01, 0x15, 0x0C, 0x0F, 0x0C, 0x13, 0x06, 0x06, 0x01, 0x43, 0x05, 0x11, 0x04, 0x04, 0x04, 0x03,
    0x03, 0x02, 0x03, 0x01, 0x08, 0x10, 0x0F, 0x05, 0x09, 0x08, 0x07, 0x08, 0x01, 0x04, 0x0B, 0x0B,
    0x50, 0x06, 0x08, 0x01, 0x01, 0xBB, 0x01, 0x01, 0x00, 0x02, 0x00, 0x62, 0x00, 0x8D, 0x0D, 0x2B,
    0x02, 0xF3, 0x00, 0xB1, 0x00, 0xC3, 0x00, 0x00, 0x01, 0x17, 0x14, 0x07, 0x06, 0x0F, 0x01, 0x21,
    0x15, 0x33, 0x15, 0x17, 0x16, 0x17, 0x16, 0x15, 0x0F, 0x01, 0x15, 0x07, 0x21, 0x07, 0x1F, 0x01,
    0x07, 0x23, 0x2F, 0x01, 0x26, 0x35, 0x26, 0x37, 0x34, 0x37, 0x36, 0x3B, 0x01, 0x32, 0x17, 0x16,
    0x17, 0x32, 0x37, 0x36, 0x37, 0x27, 0x0F, 0x02, 0x06, 0x07, 0x06, 0x07, 0x06, 0x07, 0x15, 0x05,
    0x35, 0x22, 0x07, 0x06, 0x0F, 0x03, 0x26, 0x27, 0x26, 0x27, 0x07, 0x23, 0x0F, 0x04, 0x2F, 0x05,
    0x23, 0x07, 0x14, 0x07, 0x06, 0x23, 0x07, 0x27, 0x23, 0x0F, 0x03, 0x23, 0x2F, 0x01, 0x35, 0x37,
    0x35, 0x34, 0x37, 0x36, 0x3F, 0x01, 0x33, 0x3F, 0x03, 0x21, 0x32, 0x17, 0x16, 0x1F, 0x01, 0x21,
    0x3F, 0x01, 0x35, 0x33, 0x3F, 0x04, 0x33, 0x35, 0x23, 0x0F, 0x02, 0x2F, 0x01, 0x35, 0x27, 0x35,
    0x34, 0x37, 0x36, 0x3F, 0x01, 0x33, 0x3F, 0x02, 0x17, 0x33, 0x3F, 0x01, 0x35, 0x27, 0x35, 0x37,
    0x33, 0x17, 0x0F, 0x01, 0x06, 0x23, 0x15, 0x33, 0x3F, 0x02, 0x1F, 0x02, 0x23, 0x27, 0x15, 0x27,
    0x07, 0x15, 0x21, 0x15, 0x17, 0x05, 0x32, 0x37, 0x36, 0x35, 0x34, 0x27, 0x26, 0x2B, 0x01, 0x22,
    0x07, 0x06, 0x15, 0x14, 0x17, 0x16, 0x33, 0x0D, 0x27, 0x04, 0x03, 0x0A, 0x01, 0x04, 0xFB, 0x38,
    0x5A, 0x0D, 0x06, 0x02, 0x02, 0x02, 0x02, 0x06, 0xFE, 0x27, 0x05, 0x05, 0x08, 0x05, 0x2F, 0x05,
    0x0F, 0x06, 0x02, 0x05, 0x04, 0x03, 0x07, 0x04, 0x0B, 0x0C, 0x09, 0x03, 0x09, 0x0A, 0x08, 0x0B,
    0xDF, 0x1D, 0x35, 0x37, 0x03, 0x06, 0x07, 0x03, 0x05, 0x03, 0xFE, 0xF8, 0x0C, 0x04, 0x07, 0x02,
    0x13, 0x22, 0x35, 0x12, 0x0E, 0x11, 0x13, 0x05, 0x09, 0x01, 0x08, 0x0E, 0x10, 0x36, 0x51, 0x4F,
    0x2B, 0x21, 0x22, 0x16, 0x97, 0x0C, 0x02, 0x02, 0x03, 0x0D, 0x28, 0x4C, 0x17, 0x23, 0x25, 0x1C,
    0x08, 0x03, 0x03, 0x06, 0x06, 0x05, 0x0C, 0x67, 0x1E, 0x02, 0x03, 0x06, 0x09, 0x01, 0x13, 0x03,
    0x06, 0x03, 0x06, 0x1F, 0x01, 0x38, 0x09, 0x06, 0x02, 0x2D, 0x25, 0x0B, 0x03, 0x04, 0x61, 0x24,
    0x1D, 0x37, 0x41, 0x38, 0x02, 0x04, 0x01, 0x02, 0x01, 0x02, 0x06, 0x18, 0x37, 0x41, 0x2E, 0x64,
    0x32, 0x20, 0x02, 0x5F, 0x02, 0x0B, 0x03, 0x03, 0x02, 0x03, 0xA7, 0x37, 0x4B, 0x46, 0x26, 0x05,
    0x02, 0x07, 0xE0, 0x21, 0x37, 0x07, 0x6E, 0x06, 0xF6, 0xF7, 0x0D, 0x08, 0x06, 0x06, 0x07, 0x0E,
    0x40, 0x0C, 0x08, 0x07, 0x07, 0x08, 0x0C, 0x02, 0x26, 0x0F, 0x07, 0x07, 0x10, 0x02, 0x06, 0x15,
    0x4E, 0x0D, 0x06, 0x05, 0x0A, 0x07, 0x09, 0x03, 0x04, 0x0D, 0x0C, 0x03, 0x09, 0x11, 0x06, 0x23,
    0x0E, 0x0A, 0x0B, 0x08, 0x07, 0x04, 0x03, 0x02, 0x01, 0x05, 0x03, 0x01, 0x05, 0x03, 0x08, 0x0F,
    0x0F, 0x01, 0x01, 0x02, 0x01, 0x02, 0x03, 0x50, 0x1C, 0x53, 0x01, 0x01, 0x04, 0x0F, 0x12, 0x05,
    0x02, 0x06, 0x06, 0x0C, 0x03, 0x23, 0x2F, 0x2B, 0x17, 0x06, 0x0A, 0x0D, 0x0F, 0x22, 0x20, 0x10,
    0x4A, 0x05, 0x02, 0x02, 0x08, 0x08, 0x04, 0x06, 0x08, 0x05, 0x03, 0x14, 0x84, 0x67, 0x4C, 0x05,
    0x05, 0x04, 0x05, 0x07, 0x03, 0x02, 0x03, 0x07, 0x02, 0x02, 0x06, 0x1F, 0x1D, 0x1D, 0x06, 0x08,
    0x07, 0x03, 0x03, 0x02, 0x1D, 0x04, 0x07, 0x06, 0x03, 0x06, 0x04, 0x31, 0x1F, 0x06, 0x02, 0x04,
    0x01, 0x02, 0x03, 0x03, 0x04, 0x04, 0x01, 0x03, 0x13, 0x06, 0x12, 0x06, 0x20, 0x04, 0x03, 0x01,
    0x06, 0x08, 0x08, 0x06, 0x05, 0x03, 0x84, 0x0E, 0x04, 0x05, 0x01, 0x1A, 0x05, 0x0C, 0xF4, 0x08,
    0x08, 0x0D, 0x0C, 0x06, 0x06, 0x06, 0x06, 0x0C, 0x0E, 0x07, 0x08, 0x00, 0x00, 0x04, 0x00, 0x57,
    0x00, 0x40, 0x0C, 0x0F, 0x03, 0x40, 0x01, 0xBE, 0x01, 0xD5, 0x01, 0xE0, 0x01, 0xF2, 0x00, 0x00,
    0x01, 0x15, 0x14, 0x07, 0x06, 0x27, 0x26, 0x07, 0x23, 0x22, 0x27, 0x23, 0x22, 0x27, 0x23, 0x22,
    0x27, 0x06, 0x17, 0x16, 0x15, 0x14, 0x07, 0x06, 0x15, 0x14, 0x07, 0x06, 0x17, 0x16, 0x07, 0x06,
    0x1D, 0x01, 0x14, 0x17, 0x14, 0x17, 0x14, 0x17, 0x16, 0x17, 0x16, 0x15, 0x14, 0x07, 0x14, 0x15,
    0x06, 0x15, 0x06, 0x15, 0x16, 0x17, 0x16, 0x17, 0x16, 0x17, 0x16, 0x17, 0x16, 0x17, 0x16, 0x17,
    0x16, 0x07, 0x16, 0x07, 0x06, 0x07, 0x06, 0x07, 0x06, 0x23, 0x07, 0x06, 0x27, 0x26, 0x37, 0x36,
    0x33, 0x26, 0x27, 0x26, 0x37, 0x06, 0x07, 0x06, 0x27, 0x26, 0x35, 0x26, 0x3D, 0x01, 0x34, 0x37,
    0x36, 0x37, 0x36, 0x3D, 0x01, 0x34, 0x37, 0x22, 0x27, 0x26, 0x37, 0x34, 0x37, 0x36, 0x33, 0x26,
    0x37, 0x36, 0x35, 0x06, 0x27, 0x26, 0x35, 0x26, 0x37, 0x34, 0x2B, 0x01, 0x22, 0x27, 0x21, 0x22,
    0x07, 0x06, 0x07, 0x06, 0x07, 0x06, 0x07, 0x06, 0x07, 0x06, 0x07, 0x06, 0x07, 0x06, 0x07, 0x06,
    0x2B, 0x01, 0x06, 0x2B, 0x01, 0x22, 0x27, 0x22, 0x27, 0x14, 0x07, 0x06, 0x07, 0x06, 0x07, 0x06,
    0x07, 0x06, 0x07, 0x06, 0x17, 0x16, 0x17, 0x16, 0x07, 0x06, 0x07, 0x06, 0x07, 0x06, 0x07, 0x06,
    0x27, 0x26, 0x27, 0x26, 0x27, 0x26, 0x37, 0x36, 0x3D, 0x01, 0x34, 0x37, 0x36, 0x37, 0x36, 0x37,
    0x36, 0x37, 0x36, 0x37, 0x36, 0x37, 0x36, 0x35, 0x34, 0x37, 0x36, 0x37, 0x36, 0x27, 0x26, 0x2B,
    0x01, 0x06, 0x27, 0x26, 0x23, 0x06, 0x23, 0x22, 0x07, 0x06, 0x07, 0x06, 0x07, 0x06, 0x15, 0x14,
    0x07, 0x06, 0x27, 0x26, 0x23, 0x22, 0x07, 0x06, 0x07, 0x06, 0x07, 0x06, 0x07, 0x06, 0x07, 0x06,
    0x07, 0x06, 0x0F, 0x01, 0x06, 0x07, 0x06, 0x27, 0x26, 0x23, 0x22, 0x07, 0x06, 0x1D, 0x01, 0x16,
    0x17, 0x16, 0x15, 0x14, 0x27, 0x26, 0x27, 0x26, 0x37, 0x06, 0x23, 0x22, 0x07, 0x06, 0x27, 0x26,
    0x35, 0x11, 0x34, 0x27, 0x26, 0x37, 0x36, 0x3B, 0x01, 0x32, 0x37, 0x36, 0x37, 0x36, 0x17, 0x16,
    0x17, 0x26, 0x27, 0x26, 0x27, 0x26, 0x37, 0x36, 0x35, 0x34, 0x37, 0x36, 0x37, 0x36, 0x35, 0x36,
    0x37, 0x36, 0x17, 0x16, 0x33, 0x21, 0x32, 0x17, 0x16, 0x17, 0x14, 0x07, 0x06, 0x1D, 0x01, 0x14,
    0x07, 0x06, 0x07, 0x06, 0x17, 0x16, 0x37, 0x36, 0x33, 0x32, 0x37, 0x36, 0x37, 0x36, 0x37, 0x36,
    0x3F, 0x01, 0x36, 0x37, 0x36, 0x37, 0x36, 0x37, 0x36, 0x37, 0x36, 0x33, 0x36, 0x3B, 0x01, 0x32,
    0x37, 0x36, 0x35, 0x34, 0x31, 0x36, 0x35, 0x34, 0x2B, 0x01, 0x22, 0x27, 0x22, 0x27, 0x26, 0x07,
    0x06, 0x27, 0x26, 0x37, 0x36, 0x35, 0x36, 0x37, 0x36, 0x37, 0x36, 0x17, 0x16, 0x37, 0x36, 0x27,
    0x26, 0x33, 0x32, 0x37, 0x36, 0x17, 0x16, 0x07, 0x06, 0x1D, 0x01, 0x06, 0x3B, 0x01, 0x32, 0x3D,
    0x01, 0x34, 0x33, 0x32, 0x37, 0x36, 0x17, 0x16, 0x07, 0x06, 0x15, 0x14, 0x17, 0x16, 0x07, 0x33,
    0x32, 0x37, 0x36, 0x37, 0x36, 0x37, 0x36, 0x37, 0x36, 0x37, 0x36, 0x17, 0x16, 0x33, 0x32, 0x37,
    0x36, 0x17, 0x16, 0x17, 0x16, 0x07, 0x06, 0x1D, 0x01, 0x14, 0x17, 0x16, 0x33, 0x21, 0x16, 0x01,
    0x36, 0x23, 0x06, 0x23, 0x22, 0x27, 0x26, 0x0F, 0x01, 0x06, 0x17, 0x16, 0x33, 0x16, 0x33, 0x36,
    0x37, 0x36, 0x33, 0x32, 0x37, 0x36, 0x25, 0x14, 0x17, 0x16, 0x37, 0x26, 0x3D, 0x01, 0x06, 0x07,
    0x06, 0x17, 0x36, 0x37, 0x36, 0x37, 0x23, 0x31, 0x23, 0x26, 0x23, 0x26, 0x23, 0x26, 0x17, 0x15,
    0x14, 0x17, 0x16, 0x0C, 0x0F, 0x01, 0x02, 0x03, 0x06, 0x16, 0x16, 0x0F, 0x07, 0xF8, 0x48, 0x24,
    0xD7, 0x48, 0x24, 0x02, 0x02, 0x01, 0x01, 0x02, 0x03, 0x03, 0x01, 0x02, 0x02, 0x02, 0x01, 0x04,
    0x01, 0x02, 0x01, 0x01, 0x01, 0x01, 0x01, 0x0D, 0x09, 0x06, 0x07, 0x01, 0x02, 0x03, 0x02, 0x02,
    0x06, 0x03, 0x08, 0x06, 0x06, 0x07, 0x04, 0x06, 0x04, 0x04, 0x04, 0x03, 0x0A, 0x1E, 0x16, 0x04,
    0x05, 0x03, 0x03, 0x0E, 0x01, 0x12, 0x11, 0x07, 0x10, 0x14, 0x14, 0x10, 0x0D, 0x01, 0x06, 0x04,
    0x0A, 0x0A, 0x01, 0x12, 0x07, 0x07, 0x02, 0x03, 0x03, 0x12, 0x04, 0x02, 0x01, 0x0B, 0x05, 0x05,
    0x01, 0x01, 0x0A, 0xC6, 0x52, 0x29, 0xFE, 0x8C, 0x0A, 0x05, 0x05, 0x07, 0x0A, 0x06, 0x0A, 0x04,
    0x03, 0x09, 0x03, 0x05, 0x05, 0x02, 0x06, 0x05, 0x09, 0x05, 0x6A, 0x24, 0x48, 0xD7, 0x04, 0x02,
    0x04, 0x01, 0x05, 0x05, 0x04, 0x01, 0x06, 0x04, 0x05, 0x07, 0x01, 0x02, 0x01, 0x01, 0x05, 0x03,
    0x04, 0x01, 0x0B, 0x08, 0x09, 0x10, 0x0A, 0x11, 0x08, 0x0C, 0x24, 0x1D, 0x09, 0x04, 0x08, 0x07,
    0x03, 0x01, 0x07, 0x06, 0x03, 0x04, 0x04, 0x04, 0x06, 0x03, 0x06, 0x06, 0x06, 0x05, 0x02, 0x02,
    0x06, 0x06, 0x04, 0x16, 0x07, 0x0E, 0x0B, 0x02, 0x01, 0x08, 0x09, 0x02, 0x06, 0x03, 0x06, 0x03,
    0x03, 0x0C, 0x0E, 0x04, 0x01, 0x15, 0x14, 0x06, 0x0A, 0x01, 0x02, 0x07, 0x03, 0x04, 0x05, 0x02,
    0x03, 0x05, 0x06, 0x02, 0x78, 0x29, 0x50, 0x08, 0x02, 0x03, 0x08, 0x0D, 0x02, 0x03, 0x02, 0x03,
    0x04, 0x35, 0x1B, 0x0B, 0x0C, 0x02, 0x11, 0x22, 0x23, 0x11, 0x10, 0x08, 0x08, 0x01, 0x01, 0x04,
    0x03, 0x09, 0x74, 0x03, 0x04, 0x04, 0x03, 0x08, 0x15, 0x0B, 0x12, 0x02, 0x03, 0x05, 0x03, 0x02,
    0x02, 0x01, 0x01, 0x01, 0x01, 0x01, 0x01, 0x0B, 0x0B, 0x15, 0x1A, 0x07, 0x01, 0x0D, 0x0D, 0x08,
    0x0A, 0x01, 0x02, 0x02, 0x01, 0x01, 0x05, 0x05, 0x03, 0x07, 0x1F, 0x1C, 0x0E, 0x0F, 0x0E, 0x07,
    0x13, 0x0E, 0x11, 0x14, 0x0A, 0x21, 0x0E, 0x10, 0x12, 0x09, 0x0C, 0x0D, 0x10, 0x13, 0x06, 0x0B,
    0x0C, 0x06, 0x0A, 0x08, 0x01, 0x01, 0x01, 0x02, 0x37, 0x1F, 0x10, 0x1F, 0x0D, 0x0A, 0x1C, 0x16,
    0x06, 0x04, 0x02, 0x01, 0x02, 0x05, 0x07, 0x08, 0x0B, 0x22, 0x20, 0x06, 0x05, 0x06, 0x08, 0x11,
    0x0D, 0x1C, 0x1B, 0x07, 0x03, 0x01, 0x01, 0x01, 0x08, 0xB5, 0x04, 0x0D, 0x0A, 0x1F, 0x20, 0x05,
    0x02, 0x02, 0x02, 0x01, 0x01, 0x04, 0xE1, 0x0C, 0x12, 0x14, 0x0A, 0x02, 0x07, 0x08, 0x05, 0x0B,
    0x07, 0x08, 0x1B, 0x19, 0x0D, 0x12, 0x1A, 0x18, 0x12, 0x08, 0x03, 0x04, 0x02, 0x04, 0x01, 0x02,
    0x09, 0x04, 0xFC, 0x04, 0xF5, 0xAF, 0x02, 0x08, 0x05, 0x0C, 0x03, 0x1C, 0x16, 0x07, 0x02, 0x02,
    0x02, 0x03, 0x0E, 0x09, 0x07, 0x04, 0x05, 0x03, 0x06, 0x06, 0x0D, 0x0E, 0x02, 0x07, 0x09, 0x08,
    0x0A, 0x0B, 0x03, 0x08, 0x07, 0x46, 0x15, 0x12, 0x11, 0x04, 0x06, 0x09, 0x08, 0x03, 0x03, 0x0B,
    0x1F, 0x03, 0x05, 0x05, 0x02, 0x68, 0x3A, 0x04, 0x02, 0x02, 0x01, 0x01, 0x01, 0x01, 0x01, 0x01,
    0x11, 0x11, 0x0B, 0x17, 0x1B, 0x0C, 0x18, 0x0E, 0x07, 0x09, 0x0B, 0x03, 0x05, 0x09, 0x0E, 0x02,
    0x29, 0x0C, 0x05, 0x07, 0x07, 0x01, 0x02, 0x02, 0x01, 0x03, 0x05, 0x08, 0x05, 0x02, 0x03, 0x03,
    0x02, 0x02, 0x01, 0x01, 0x1B, 0x15, 0x10, 0x02, 0x06, 0x06, 0x03, 0x06, 0x0A, 0x05, 0x08, 0x08,
    0x0A, 0x04, 0x0C, 0x0E, 0x04, 0x05, 0x02, 0x01, 0x02, 0x01, 0x08, 0x0B, 0x1C, 0x1D, 0x09, 0x22,
    0x1F, 0x09, 0x02, 0x01, 0x01, 0x01, 0x01, 0x07, 0x04, 0x0E, 0x12, 0x09, 0x05, 0x03, 0x01, 0x01,
    0x03, 0x09, 0x06, 0x03, 0x05, 0x05, 0x12, 0x0F, 0x06, 0x05, 0x0C, 0x17, 0x0D, 0x18, 0x04, 0x0C,
    0x0C, 0x07, 0x08, 0x07, 0x06, 0x01, 0x06, 0x08, 0x07, 0x0C, 0x07, 0x0C, 0x09, 0x08, 0x0C, 0x03,
    0x06, 0x07, 0x04, 0x09, 0x0B, 0x10, 0x01, 0x01, 0x01, 0x06, 0x08, 0x07, 0x07, 0x02, 0x0F, 0x07,
    0x0B, 0x10, 0x05, 0x0B, 0x0A, 0x0C, 0x11, 0x11, 0x0C, 0x03, 0x05, 0x03, 0x03, 0x02, 0x03, 0x05,
    0x04, 0x05, 0x0B, 0x08, 0x14, 0x0A, 0x0C, 0x0A, 0x0B, 0x12, 0x0A, 0x07, 0x05, 0x07, 0x06, 0x06,
    0x07, 0x08, 0x0A, 0x02, 0x02, 0x0A, 0x0A, 0x03, 0x07, 0x06, 0x05, 0x07, 0x08, 0x11, 0x11, 0x01,
    0x02, 0x03, 0x01, 0x01, 0x02, 0x03, 0x06, 0x09, 0x09, 0x08, 0x06, 0x0C, 0x0C, 0x0A, 0x04, 0x02,
    0x02, 0x04, 0x05, 0x03, 0x01, 0x02, 0x02, 0x01, 0x01, 0x02, 0x02, 0x01, 0x33, 0x11, 0x22, 0x03,
    0x01, 0x01, 0x02, 0x02, 0x0C, 0x17, 0x0B, 0x03, 0x05, 0x0B, 0x17, 0x02, 0x01, 0x04, 0x05, 0x0A,
    0x01, 0x01, 0x01, 0x06, 0x05, 0x12, 0x01, 0x1A, 0x0E, 0x0B, 0x10, 0x07, 0x04, 0x02, 0x02, 0x01,
    0x01, 0x02, 0x02, 0x02, 0x06, 0x03, 0x03, 0x05, 0x05, 0x06, 0x02, 0x03, 0x03, 0x01, 0x04, 0x06,
    0x06, 0x04, 0x09, 0x05, 0x05, 0x02, 0x02, 0x04, 0x05, 0x0D, 0x03, 0x0E, 0x0E, 0x05, 0x0A, 0x06,
    0x02, 0x04, 0x05, 0x05, 0x04, 0x08, 0x04, 0x04, 0x03, 0x01, 0x06, 0x04, 0x08, 0x08, 0x05, 0x0F,
    0x06, 0x0B, 0x0C, 0x07, 0x0A, 0x05, 0x07, 0x02, 0x01, 0x01, 0x01, 0x01, 0x01, 0x01, 0x01, 0x01,
    0x02, 0x01, 0x01, 0x01, 0x02, 0x03, 0x10, 0x0A, 0x18, 0x0F, 0x13, 0x0C, 0x05, 0x05, 0x03, 0x04,
    0x05, 0x05, 0x0C, 0x08, 0x18, 0x17, 0x03, 0x01, 0x0A, 0x05, 0x09, 0x07, 0x09, 0x0F, 0x09, 0x04,
    0x44, 0x13, 0x03, 0x02, 0x0A, 0x05, 0x08, 0x0C, 0x03, 0x13, 0x09, 0x0F, 0x0F, 0x05, 0x05, 0x06,
    0x01, 0x03, 0x04, 0x02, 0x04, 0x08, 0x0A, 0x02, 0x03, 0x03, 0x03, 0x06, 0x02, 0x03, 0x03, 0x03,
    0x05, 0x0B, 0x73, 0x0C, 0x01, 0x02, 0x01, 0xFE, 0xF6, 0x0B, 0x01, 0x02, 0x01, 0x06, 0x0F, 0x0E,
    0x03, 0x04, 0x01, 0x01, 0x05, 0x03, 0x07, 0x08, 0x35, 0x0A, 0x05, 0x06, 0x04, 0x06, 0x0C, 0x16,
    0x03, 0x06, 0x05, 0x1A, 0x01, 0x0C, 0x0B, 0x15, 0x01, 0x01, 0x01, 0x0E, 0x12, 0x05, 0x02, 0x02,
    0x00, 0x05, 0x00, 0x62, 0x00, 0xA8, 0x0A, 0x6A, 0x02, 0xD9, 0x01, 0x5D, 0x01, 0x78, 0x01, 0x9F,
    0x01, 0xA5, 0x01, 0xAA, 0x00, 0x00, 0x01, 0x06, 0x27, 0x26, 0x17, 0x16, 0x37, 0x36, 0x17, 0x16,
    0x17, 0x16, 0x07, 0x06, 0x07, 0x06, 0x23, 0x21, 0x22, 0x07, 0x06, 0x07, 0x06, 0x23, 0x22, 0x23,
    0x06, 0x07, 0x06, 0x07, 0x06, 0x23, 0x22, 0x27, 0x22, 0x07, 0x23, 0x06, 0x2B, 0x01, 0x06, 0x23,
    0x22, 0x27, 0x26, 0x07, 0x06, 0x27, 0x22, 0x27, 0x26, 0x27, 0x26, 0x07, 0x06, 0x07, 0x06, 0x07,
    0x06, 0x27, 0x26, 0x27, 0x26, 0x27, 0x26, 0x27, 0x26, 0x23, 0x26, 0x23, 0x22, 0x27, 0x26, 0x07,
    0x06, 0x07, 0x06, 0x07, 0x06, 0x07, 0x06, 0x23, 0x22, 0x07, 0x06, 0x07, 0x06, 0x2B, 0x01, 0x06,
    0x23, 0x06, 0x07, 0x06, 0x07, 0x06, 0x07, 0x06, 0x07, 0x06, 0x07, 0x06, 0x07, 0x06, 0x07, 0x06,
    0x17, 0x16, 0x17, 0x16, 0x07, 0x06, 0x27, 0x26, 0x27, 0x26, 0x27, 0x26, 0x27, 0x26, 0x27, 0x26,
    0x27, 0x26, 0x27, 0x34, 0x37, 0x36, 0x37, 0x36, 0x37, 0x36, 0x37, 0x36, 0x37, 0x36, 0x37, 0x36,
    0x27, 0x26, 0x27, 0x22, 0x23, 0x26, 0x23, 0x26, 0x23, 0x26, 0x27, 0x26, 0x2B, 0x01, 0x34, 0x37,
    0x34, 0x37, 0x06, 0x07, 0x06, 0x07, 0x06, 0x07, 0x06, 0x0F, 0x01, 0x06, 0x07, 0x14, 0x07, 0x06,
    0x07, 0x06, 0x07, 0x06, 0x07, 0x06, 0x07, 0x06, 0x07, 0x06, 0x07, 0x06, 0x07, 0x06, 0x27, 0x26,
    0x37, 0x36, 0x3D, 0x01, 0x26, 0x35, 0x26, 0x35, 0x34, 0x27, 0x26, 0x35, 0x34, 0x37, 0x32, 0x33,
    0x36, 0x33, 0x36, 0x33, 0x37, 0x36, 0x37, 0x36, 0x37, 0x36, 0x37, 0x36, 0x37, 0x36, 0x33, 0x36,
    0x33, 0x36, 0x37, 0x36, 0x37, 0x36, 0x37, 0x36, 0x37, 0x36, 0x37, 0x36, 0x37, 0x36, 0x37, 0x36,
    0x37, 0x36, 0x37, 0x36, 0x37, 0x36, 0x37, 0x36, 0x37, 0x06, 0x17, 0x16, 0x17, 0x16, 0x37, 0x36,
    0x33, 0x36, 0x37, 0x36, 0x37, 0x36, 0x37, 0x36, 0x17, 0x32, 0x17, 0x16, 0x33, 0x32, 0x17, 0x16,
    0x17, 0x16, 0x33, 0x16, 0x33, 0x36, 0x33, 0x32, 0x17, 0x16, 0x07, 0x06, 0x17, 0x35, 0x26, 0x35,
    0x34, 0x37, 0x21, 0x32, 0x37, 0x36, 0x27, 0x34, 0x3B, 0x01, 0x16, 0x07, 0x06, 0x17, 0x16, 0x37,
    0x36, 0x17, 0x16, 0x17, 0x16, 0x37, 0x36, 0x17, 0x16, 0x33, 0x21, 0x32, 0x37, 0x36, 0x17, 0x16,
    0x37, 0x32, 0x37, 0x36, 0x37, 0x36, 0x37, 0x34, 0x37, 0x36, 0x37, 0x36, 0x33, 0x32, 0x17, 0x16,
    0x17, 0x16, 0x17, 0x16, 0x17, 0x16, 0x17, 0x16, 0x17, 0x16, 0x17, 0x16, 0x1D, 0x01, 0x14, 0x07,
    0x06, 0x0F, 0x01, 0x06, 0x05, 0x36, 0x37, 0x36, 0x27, 0x26, 0x2B, 0x01, 0x26, 0x23, 0x26, 0x23,
    0x22, 0x07, 0x06, 0x17, 0x16, 0x17, 0x16, 0x33, 0x32, 0x17, 0x16, 0x33, 0x16, 0x33, 0x16, 0x25,
    0x35, 0x26, 0x27, 0x26, 0x27, 0x22, 0x07, 0x06, 0x27, 0x26, 0x35, 0x22, 0x35, 0x34, 0x27, 0x26,
    0x23, 0x06, 0x23, 0x21, 0x22, 0x27, 0x26, 0x07, 0x06, 0x17, 0x16, 0x37, 0x33, 0x16, 0x33, 0x16,
    0x37, 0x32, 0x37, 0x36, 0x17, 0x16, 0x25, 0x16, 0x37, 0x22, 0x27, 0x23, 0x07, 0x22, 0x35, 0x22,
    0x07, 0x0A, 0x35, 0x04, 0x0D, 0x0E, 0x03, 0x06, 0x11, 0x10, 0x0B, 0x0E, 0x06, 0x05, 0x02, 0x01,
    0x09, 0x09, 0x0C, 0xFD, 0x8B, 0x08, 0x0A, 0x05, 0x0C, 0x09, 0x0A, 0x03, 0x06, 0x07, 0x03, 0x1E,
    0x0F, 0x1E, 0x0E, 0x3C, 0x1D, 0x3B, 0x1E, 0x59, 0x1E, 0x3C, 0x54, 0x0D, 0x1D, 0x15, 0x14, 0x0F,
    0x14, 0x13, 0x11, 0x07, 0x0E, 0x0E, 0x08, 0x19, 0x11, 0x10, 0x0A, 0x0B, 0x10, 0x08, 0x08, 0x09,
    0x08, 0x07, 0x10, 0x04, 0x08, 0x08, 0x03, 0x05, 0x0A, 0x0A, 0x05, 0x0D, 0x11, 0x11, 0x07, 0x0C,
    0x07, 0x03, 0x10, 0x0B, 0x0E, 0x06, 0x0A, 0x04, 0x0D, 0x07, 0x0F, 0x16, 0x0A, 0x16, 0x17, 0x0B,
    0x0E, 0x06, 0x0B, 0x01, 0x06, 0x0C, 0x03, 0x06, 0x06, 0x03, 0x0D, 0x01, 0x06, 0x08, 0x06, 0x0A,
    0x0B, 0x13, 0x18, 0x11, 0x06, 0x0E, 0x0E, 0x07, 0x0B, 0x16, 0x08, 0x18, 0x0E, 0x0C, 0x0E, 0x02,
    0x0C, 0x0C, 0x08, 0x07, 0x10, 0x04, 0x07, 0x08, 0x03, 0x05, 0x05, 0x04, 0x08, 0x03, 0x0D, 0x03,
    0x04, 0x05, 0x03, 0x03, 0x02, 0x03, 0x07, 0x07, 0x03, 0x15, 0x01, 0x02, 0x2C, 0x27, 0x38, 0x1C,
    0x0F, 0x0B, 0x0A, 0x0A, 0x09, 0x06, 0x03, 0x02, 0x03, 0x02, 0x04, 0x06, 0x0A, 0x14, 0x07, 0x0B,
    0x0C, 0x04, 0x05, 0x0A, 0x0A, 0x05, 0x0F, 0x11, 0x08, 0x01, 0x01, 0x01, 0x01, 0x01, 0x01, 0x14,
    0x05, 0x06, 0x06, 0x04, 0x04, 0x03, 0x2A, 0x15, 0x15, 0x08, 0x05, 0x04, 0x08, 0x05, 0x08, 0x02,
    0x05, 0x05, 0x02, 0x08, 0x0F, 0x0F, 0x08, 0x07, 0x0F, 0x0F, 0x07, 0x0E, 0x1E, 0x1E, 0x0E, 0x0F,
    0x1D, 0x1D, 0x0E, 0x0E, 0x1E, 0x1E, 0x0F, 0x0E, 0x1D, 0x1E, 0x0F, 0x01, 0x06, 0x06, 0x05, 0x0B,
    0x01, 0x02, 0x01, 0x07, 0x09, 0x01, 0x0C, 0x04, 0x09, 0x08, 0x09, 0x04, 0x02, 0x02, 0x03, 0x01,
    0x02, 0x01, 0x02, 0x0A, 0x0D, 0x08, 0x0F, 0x05, 0x0E, 0x0B, 0x06, 0x06, 0x01, 0x02, 0x0A, 0x01,
    0x02, 0x01, 0x38, 0x07, 0x02, 0x02, 0x02, 0x07, 0x0A, 0x06, 0x03, 0x03, 0x03, 0x09, 0x12, 0x12,
    0x02, 0x03, 0x03, 0x03, 0x10, 0x2F, 0x25, 0x1C, 0x38, 0x02, 0xFA, 0x22, 0x4A, 0x36, 0x36, 0x08,
    0x07, 0x06, 0x06, 0x06, 0x05, 0x05, 0x01, 0x01, 0x02, 0x01, 0x01, 0x09, 0x06, 0x08, 0x04, 0x08,
    0x11, 0x0E, 0x0F, 0x0C, 0x07, 0x05, 0x06, 0x09, 0x09, 0x01, 0x01, 0x01, 0x01, 0x0D, 0x12, 0x0E,
    0xF9, 0x29, 0x04, 0x01, 0x01, 0x07, 0x06, 0x0B, 0x14, 0x06, 0x0F, 0x0F, 0x08, 0x1A, 0x05, 0x02,
    0x02, 0x02, 0x05, 0x08, 0x0B, 0x0D, 0x07, 0x05, 0x0C, 0x0C, 0x06, 0x16, 0x06, 0x84, 0x02, 0x03,
    0x01, 0x05, 0x07, 0x04, 0x06, 0x06, 0x01, 0x01, 0x01, 0x02, 0x04, 0x03, 0x05, 0xFE, 0x2F, 0x09,
    0x07, 0x09, 0x05, 0x0B, 0x08, 0x06, 0x0A, 0x20, 0x0B, 0x15, 0x27, 0x28, 0x34, 0x1A, 0x50, 0x4C,
    0x33, 0xF9, 0xD3, 0x01, 0x03, 0x01, 0x01, 0x02, 0x42, 0x01, 0x01, 0x01, 0x02, 0x4D, 0x01, 0x01,
    0x02, 0x09, 0x0D, 0x05, 0x04, 0x04, 0x05, 0x0F, 0x10, 0x0E, 0x0A, 0x0C, 0x0B, 0x02, 0x02, 0x04,
    0x03, 0x01, 0x01, 0x04, 0x01, 0x02, 0x01, 0x01, 0x01, 0x01, 0x06, 0x06, 0x02, 0x01, 0x01, 0x01,
    0x02, 0x01, 0x02, 0x03, 0x03, 0x0A, 0x09, 0x02, 0x02, 0x05, 0x04, 0x02, 0x02, 0x04, 0x01, 0x01,
    0x02, 0x01, 0x01, 0x01, 0x03, 0x03, 0x0A, 0x0E, 0x07, 0x04, 0x10, 0x0B, 0x02, 0x02, 0x02, 0x01,
    0x01, 0x02, 0x03, 0x05, 0x12, 0x1D, 0x02, 0x0D, 0x18, 0x07, 0x0C, 0x0D, 0x06, 0x1D, 0x02, 0x0E,
    0x14, 0x0B, 0x08, 0x0D, 0x04, 0x05, 0x04, 0x01, 0x02, 0x03, 0x02, 0x03, 0x04, 0x01, 0x07, 0x04,
    0x06, 0x06, 0x0F, 0x10, 0x11, 0x10, 0x0F, 0x0D, 0x1C, 0x07, 0x0E, 0x0E, 0x07, 0x0B, 0x11, 0x0D,
    0x10, 0x06, 0x01, 0x01, 0x01, 0x01, 0x01, 0x01, 0x07, 0x03, 0x02, 0x06, 0x08, 0x0A, 0x0E, 0x06,
    0x04, 0x08, 0x07, 0x0F, 0x12, 0x0C, 0x07, 0x01, 0x06, 0x07, 0x04, 0x0A, 0x07, 0x0B, 0x08, 0x03,
    0x05, 0x05, 0x01, 0x03, 0x04, 0x05, 0x02, 0x07, 0x06, 0x04, 0x1B, 0x12, 0x13, 0x2F, 0x0F, 0x1F,
    0x1D, 0x3A, 0x0F, 0x1D, 0x1D, 0x0E, 0x0B, 0x02, 0x01, 0x01, 0x06, 0x02, 0x04, 0x02, 0x02, 0x02,
    0x06, 0x06, 0x01, 0x01, 0x01, 0x01, 0x01, 0x01, 0x01, 0x01, 0x01, 0x01, 0x01, 0x02, 0x02, 0x02,
    0x02, 0x01, 0x03, 0x03, 0x01, 0x01, 0x02, 0x03, 0x02, 0x02, 0x02, 0x02, 0x02, 0x06, 0x08, 0x09,
    0x02, 0x05, 0x0D, 0x0C, 0x01, 0x0F, 0x02, 0x14, 0x07, 0x02, 0x02, 0x02, 0x01, 0x02, 0x05, 0x05,
    0x02, 0x07, 0x01, 0x01, 0x08, 0x0A, 0x07, 0x09, 0x04, 0x0B, 0x03, 0x07, 0x05, 0x02, 0x03, 0x02,
    0x09, 0x05, 0x01, 0x07, 0x08, 0x03, 0x06, 0x07, 0x06, 0x0F, 0x0B, 0x09, 0x07, 0x01, 0x03, 0x01,
    0x01, 0x02, 0x02, 0x05, 0x01, 0x01, 0x07, 0x06, 0x0C, 0x0B, 0x09, 0x01, 0x05, 0x05, 0x03, 0x07,
    0x03, 0x03, 0x04, 0x0A, 0x09, 0x0A, 0x0E, 0x08, 0x03, 0x03, 0x03, 0x02, 0x04, 0x03, 0x0A, 0x1D,
    0x0B, 0x01, 0x01, 0x04, 0x03, 0x02, 0x91, 0x0D, 0x09, 0x0A, 0x0B, 0x08, 0x01, 0x01, 0x18, 0x08,
    0x08, 0x09, 0x04, 0x08, 0x01, 0x01, 0x01, 0x01, 0x8D, 0x06, 0x03, 0x03, 0x01, 0x02, 0x01, 0x01,
    0x02, 0x01, 0x01, 0x01, 0x01, 0x01, 0x02, 0x01, 0x01, 0x01, 0x05, 0x0B, 0x03, 0x04, 0x01, 0x01,
    0x01, 0x01, 0x01, 0x02, 0x02, 0x01, 0x8B, 0x01, 0x01, 0x01, 0x01, 0x01, 0x01, 0x00, 0x00, 0x00,
    0x00, 0x02, 0x00, 0x62, 0x00, 0xC3, 0x09, 0xE8, 0x02, 0xC0, 0x00, 0xBB, 0x00, 0xDD, 0x00, 0x00,
    0x01, 0x22, 0x27, 0x23, 0x07, 0x06, 0x17, 0x16, 0x33, 0x32, 0x37, 0x32, 0x17, 0x15, 0x26, 0x23,
    0x22, 0x07, 0x06, 0x07, 0x06, 0x07, 0x06, 0x27, 0x26, 0x23, 0x21, 0x22, 0x27, 0x26, 0x07, 0x23,
    0x22, 0x27, 0x22, 0x37, 0x36, 0x27, 0x26, 0x27, 0x26, 0x27, 0x26, 0x07, 0x06, 0x23, 0x22, 0x07,
    0x06, 0x35, 0x34, 0x0F, 0x01, 0x06, 0x17, 0x06, 0x07, 0x22, 0x15, 0x06, 0x17, 0x26, 0x2B, 0x01,
    0x22, 0x37, 0x36, 0x27, 0x26, 0x07, 0x06, 0x2B, 0x01, 0x22, 0x27, 0x22, 0x07, 0x06, 0x07, 0x06,
    0x07, 0x06, 0x07, 0x06, 0x07, 0x06, 0x07, 0x06, 0x07, 0x06, 0x07, 0x06, 0x07, 0x06, 0x27, 0x26,
    0x27, 0x26, 0x2F, 0x01, 0x31, 0x27, 0x26, 0x07, 0x14, 0x2B, 0x01, 0x35, 0x06, 0x07, 0x06, 0x07,
    0x06, 0x07, 0x06, 0x07, 0x06, 0x07, 0x06, 0x27, 0x26, 0x27, 0x26, 0x27, 0x26, 0x37, 0x36, 0x35,
    0x34, 0x27, 0x26, 0x3D, 0x01, 0x34, 0x33, 0x16, 0x33, 0x32, 0x17, 0x14, 0x17, 0x16, 0x17, 0x16,
    0x37, 0x36, 0x37, 0x36, 0x37, 0x36, 0x37, 0x36, 0x37, 0x36, 0x37, 0x36, 0x37, 0x36, 0x37, 0x36,
    0x37, 0x36, 0x3F, 0x01, 0x36, 0x37, 0x36, 0x37, 0x36, 0x37, 0x36, 0x37, 0x36, 0x17, 0x16, 0x33,
    0x32, 0x37, 0x36, 0x17, 0x36, 0x17, 0x16, 0x33, 0x21, 0x16, 0x3B, 0x01, 0x01, 0x36, 0x37, 0x36,
    0x27, 0x26, 0x27, 0x26, 0x23, 0x22, 0x27, 0x26, 0x07, 0x06, 0x07, 0x06, 0x07, 0x06, 0x17, 0x22,
    0x35, 0x26, 0x35, 0x06, 0x17, 0x16, 0x17, 0x16, 0x17, 0x16, 0x37, 0x36, 0x37, 0x36, 0x09, 0xE8,
    0x15, 0x0A, 0x1E, 0x06, 0x01, 0x01, 0x02, 0x04, 0x0E, 0x0B, 0x16, 0x0E, 0x0E, 0x14, 0x0E, 0x0D,
    0x05, 0x05, 0x04, 0x07, 0x14, 0x26, 0x19, 0x2C, 0xFE, 0xB9, 0x0F, 0x50, 0x51, 0x01, 0x16, 0x10,
    0x07, 0x04, 0x02, 0x01, 0x05, 0x0A, 0x09, 0x0F, 0x05, 0x33, 0x37, 0x3F, 0x2C, 0x0F, 0x30, 0x31,
    0x22, 0x25, 0x06, 0x05, 0x04, 0x0A, 0x05, 0x01, 0x01, 0x07, 0x0E, 0x16, 0x06, 0x02, 0x02, 0x02,
    0x0F, 0x18, 0x1E, 0x0A, 0x74, 0x0F, 0x08, 0x0A, 0x0C, 0x0C, 0x0D, 0x0E, 0x07, 0x14, 0x0B, 0x03,
    0x0B, 0x0B, 0x05, 0x28, 0x1F, 0x21, 0x1E, 0x2B, 0x34, 0x34, 0x2E, 0x0B, 0x0D, 0x02, 0x12, 0x11,
    0x0E, 0x0F, 0x27, 0x01, 0x01, 0x37, 0x2B, 0x2D, 0x21, 0x0A, 0x05, 0x08, 0x05, 0x08, 0x0A, 0x0B,
    0x20, 0x16, 0x17, 0x11, 0x16, 0x16, 0x04, 0x03, 0x01, 0x01, 0x11, 0x0B, 0x0A, 0x09, 0x01, 0x07,
    0x12, 0x14, 0x13, 0x1B, 0x13, 0x1A, 0x05, 0x0F, 0x0F, 0x08, 0x16, 0x0C, 0x0F, 0x11, 0x0A, 0x0C,
    0x0C, 0x0B, 0x0D, 0x0D, 0x0E, 0x09, 0x36, 0x04, 0x1A, 0x14, 0x0A, 0x11, 0x14, 0x14, 0x15, 0x40,
    0x40, 0x3C, 0x46, 0x14, 0x42, 0x42, 0x08, 0x06, 0x11, 0x11, 0x09, 0x03, 0xDF, 0x43, 0x87, 0xC6,
    0xF9, 0x16, 0x07, 0x01, 0x01, 0x04, 0x08, 0x11, 0x0B, 0x1B, 0x12, 0x09, 0x0F, 0x0B, 0x04, 0x0A,
    0x06, 0x01, 0x02, 0x02, 0x16, 0x01, 0x17, 0x06, 0x06, 0x11, 0x11, 0x19, 0x18, 0x15, 0x11, 0x10,
    0x11, 0x02, 0x46, 0x01, 0x0C, 0x02, 0x01, 0x01, 0x01, 0x01, 0x60, 0x01, 0x0C, 0x04, 0x0A, 0x0A,
    0x03, 0x0F, 0x02, 0x01, 0x03, 0x03, 0x0D, 0x01, 0x05, 0x03, 0x02, 0x03, 0x06, 0x06, 0x01, 0x09,
    0x04, 0x05, 0x03, 0x03, 0x1B, 0x06, 0x04, 0x05, 0x02, 0x03, 0x03, 0x01, 0x03, 0x05, 0x04, 0x01,
    0x05, 0x04, 0x02, 0x04, 0x02, 0x02, 0x01, 0x05, 0x07, 0x0A, 0x0B, 0x02, 0x02, 0x02, 0x01, 0x02,
    0x03, 0x02, 0x0B, 0x0F, 0x10, 0x16, 0x1D, 0x09, 0x09, 0x17, 0x06, 0x0D, 0x03, 0x16, 0x19, 0x16,
    0x17, 0x0E, 0x01, 0x08, 0x19, 0x27, 0x27, 0x31, 0x0E, 0x09, 0x0B, 0x0D, 0x16, 0x07, 0x08, 0x0C,
    0x09, 0x18, 0x11, 0x1A, 0x18, 0x27, 0x27, 0x22, 0x21, 0x11, 0x10, 0x20, 0x1A, 0x03, 0x01, 0x03,
    0x04, 0x03, 0x0A, 0x08, 0x09, 0x04, 0x01, 0x09, 0x02, 0x04, 0x05, 0x03, 0x08, 0x05, 0x05, 0x09,
    0x04, 0x0B, 0x09, 0x03, 0x01, 0x0C, 0x0C, 0x04, 0x1E, 0x02, 0x0C, 0x08, 0x05, 0x09, 0x06, 0x04,
    0x0A, 0x09, 0x04, 0x04, 0x06, 0x06, 0x1E, 0x03, 0x03, 0x03, 0x01, 0xFE, 0xC6, 0x08, 0x09, 0x09,
    0x0A, 0x14, 0x02, 0x01, 0x01, 0x02, 0x05, 0x08, 0x21, 0x12, 0x08, 0x08, 0x01, 0x19, 0x10, 0x1B,
    0x11, 0x16, 0x17, 0x0B, 0x0A, 0x05, 0x05, 0x08, 0x06, 0x07, 0x08, 0x00, 0x00, 0x03, 0x00, 0x63,
    0x00, 0x74, 0x07, 0x72, 0x03, 0x0D, 0x01, 0x22, 0x01, 0x35, 0x01, 0x4C, 0x00, 0x00, 0x01, 0x07,
    0x06, 0x07, 0x06, 0x15, 0x14, 0x17, 0x16, 0x17, 0x16, 0x37, 0x36, 0x3B, 0x01, 0x32, 0x37, 0x36,
    0x27, 0x26, 0x37, 0x32, 0x37, 0x34, 0x37, 0x36, 0x37, 0x36, 0x37, 0x36, 0x3F, 0x01, 0x36, 0x37,
    0x36, 0x37, 0x36, 0x35, 0x34, 0x3F, 0x01, 0x36, 0x35, 0x34, 0x37, 0x36, 0x35, 0x33, 0x06, 0x17,
    0x16, 0x3B, 0x01, 0x32, 0x17, 0x16, 0x37, 0x32, 0x37, 0x36, 0x15, 0x36, 0x37, 0x36, 0x37, 0x36,
    0x37, 0x36, 0x37, 0x36, 0x37, 0x36, 0x3F, 0x01, 0x36, 0x37, 0x36, 0x37, 0x36, 0x35, 0x32, 0x37,
    0x36, 0x33, 0x32, 0x37, 0x33, 0x16, 0x15, 0x16, 0x1D, 0x01, 0x14, 0x17, 0x16, 0x15, 0x14, 0x17,
    0x16, 0x37, 0x36, 0x37, 0x36, 0x37, 0x36, 0x37, 0x36, 0x37, 0x36, 0x37, 0x36, 0x3F, 0x01, 0x36,
    0x35, 0x32, 0x37, 0x36, 0x37, 0x36, 0x33, 0x32, 0x37, 0x36, 0x33, 0x16, 0x17, 0x16, 0x3B, 0x01,
    0x32, 0x37, 0x36, 0x37, 0x36, 0x37, 0x36, 0x37, 0x36, 0x3F, 0x01, 0x35, 0x33, 0x35, 0x32, 0x37,
    0x36, 0x27, 0x36, 0x37, 0x33, 0x32, 0x17, 0x16, 0x37, 0x33, 0x35, 0x33, 0x32, 0x37, 0x36, 0x35,
    0x36, 0x35, 0x26, 0x35, 0x34, 0x27, 0x26, 0x27, 0x26, 0x07, 0x06, 0x2B, 0x01, 0x34, 0x37, 0x34,
    0x27, 0x15, 0x26, 0x23, 0x22, 0x07, 0x26, 0x23, 0x22, 0x27, 0x23, 0x35, 0x33, 0x26, 0x37, 0x35,
    0x23, 0x22, 0x27, 0x26, 0x27, 0x26, 0x23, 0x21, 0x22, 0x27, 0x26, 0x23, 0x22, 0x07, 0x06, 0x23,
    0x06, 0x27, 0x21, 0x15, 0x22, 0x07, 0x06, 0x07, 0x06, 0x15, 0x14, 0x07, 0x06, 0x15, 0x14, 0x07,
    0x06, 0x07, 0x06, 0x07, 0x06, 0x15, 0x14, 0x15, 0x06, 0x07, 0x06, 0x15, 0x14, 0x17, 0x16, 0x17,
    0x16, 0x17, 0x16, 0x17, 0x16, 0x07, 0x36, 0x17, 0x16, 0x17, 0x16, 0x17, 0x16, 0x17, 0x16, 0x17,
    0x16, 0x17, 0x16, 0x17, 0x16, 0x17, 0x16, 0x17, 0x16, 0x17, 0x16, 0x17, 0x16, 0x17, 0x16, 0x17,
    0x16, 0x33, 0x16, 0x33, 0x16, 0x17, 0x06, 0x07, 0x06, 0x07, 0x14, 0x07, 0x06, 0x07, 0x06, 0x07,
    0x06, 0x25, 0x17, 0x15, 0x06, 0x07, 0x06, 0x07, 0x06, 0x07, 0x06, 0x23, 0x22, 0x27, 0x26, 0x27,
    0x26, 0x3D, 0x01, 0x37, 0x07, 0x06, 0x17, 0x16, 0x15, 0x23, 0x34, 0x37, 0x36, 0x37, 0x34, 0x37,
    0x35, 0x33, 0x34, 0x37, 0x35, 0x33, 0x36, 0x37, 0x34, 0x33, 0x37, 0x01, 0xA3, 0x3F, 0x04, 0x14,
    0x13, 0x06, 0x03, 0x05, 0x0A, 0x17, 0x0E, 0x14, 0x9E, 0x07, 0x04, 0x03, 0x02, 0x01, 0x04, 0x04,
    0x01, 0x04, 0x01, 0x12, 0x06, 0x0C, 0x0D, 0x07, 0x27, 0x05, 0x04, 0x04, 0x02, 0x03, 0x01, 0x03,
    0x02, 0x03, 0x03, 0x05, 0x04, 0x07, 0x08, 0x03, 0x3E, 0x0D, 0x22, 0x1A, 0x10, 0x01, 0x04, 0x04,
    0x01, 0x04, 0x04, 0x02, 0x02, 0x03, 0x03, 0x01, 0x01, 0x03, 0x03, 0x02, 0x09, 0x01, 0x06, 0x01,
    0x06, 0x05, 0x07, 0x04, 0x03, 0x07, 0x12, 0x09, 0x7B, 0x01, 0x01, 0x02, 0x02, 0x1A, 0x1B, 0x0A,
    0x11, 0x06, 0x02, 0x0C, 0x06, 0x04, 0x08, 0x04, 0x01, 0x05, 0x03, 0x02, 0x01, 0x01, 0x01, 0x02,
    0x02, 0x06, 0x05, 0x04, 0x15, 0x2C, 0x16, 0x2C, 0x06, 0x11, 0x0F, 0x0B, 0x26, 0x19, 0x06, 0x04,
    0x09, 0x09, 0x04, 0x06, 0x03, 0x03, 0x04, 0x0A, 0x25, 0x03, 0x0A, 0x09, 0x07, 0x02, 0x08, 0x46,
    0x11, 0x10, 0x18, 0x04, 0x01, 0x80, 0x09, 0x01, 0x02, 0x01, 0x01, 0x01, 0x01, 0x06, 0x05, 0x0F,
    0x14, 0x01, 0xEA, 0x01, 0x09, 0x06, 0x05, 0x07, 0x03, 0x01, 0x01, 0x01, 0x01, 0x04, 0x04, 0x01,
    0x01, 0x08, 0x04, 0x01, 0x02, 0x03, 0x04, 0x02, 0xFC, 0x37, 0x02, 0x02, 0x02, 0x04, 0x09, 0x05,
    0x0A, 0x05, 0x1B, 0x1B, 0xFE, 0x9B, 0x07, 0x05, 0x04, 0x02, 0x01, 0x02, 0x03, 0x04, 0x06, 0x02,
    0x06, 0x01, 0x01, 0x01, 0x01, 0x01, 0x01, 0x02, 0x03, 0x04, 0x03, 0x04, 0x08, 0x07, 0x01, 0x09,
    0x08, 0x06, 0x08, 0x0A, 0x07, 0x08, 0x08, 0x05, 0x0C, 0x0E, 0x02, 0x0E, 0x16, 0x15, 0x0E, 0x0D,
    0x1E, 0x07, 0x0E, 0x0E, 0x08, 0x10, 0x07, 0x06, 0x10, 0x03, 0x08, 0x08, 0x04, 0x0D, 0x07, 0x05,
    0x08, 0x06, 0x06, 0x02, 0x02, 0x03, 0x04, 0x04, 0x0D, 0x01, 0xC8, 0x02, 0x05, 0x05, 0x07, 0x01,
    0x04, 0x0E, 0x09, 0x0D, 0x0D, 0x0A, 0x07, 0x08, 0x03, 0x61, 0x83, 0x02, 0x06, 0x04, 0x18, 0x02,
    0x01, 0x04, 0x01, 0x01, 0x01, 0x01, 0x01, 0x02, 0x01, 0x01, 0x01, 0x73, 0x7C, 0x0B, 0x2B, 0x2A,
    0x09, 0x06, 0x04, 0x04, 0x05, 0x09, 0x02, 0x01, 0x04, 0x04, 0x05, 0x04, 0x01, 0x04, 0x04, 0x08,
    0x01, 0x24, 0x0C, 0x1A, 0x1A, 0x0E, 0x4E, 0x0A, 0x09, 0x09, 0x04, 0x05, 0x01, 0x01, 0x03, 0x05,
    0x06, 0x02, 0x05, 0x04, 0x04, 0x04, 0x07, 0x01, 0x02, 0x02, 0x02, 0x09, 0x04, 0x04, 0x01, 0x04,
    0x02, 0x02, 0x02, 0x02, 0x03, 0x04, 0x01, 0x02, 0x03, 0x04, 0x01, 0x09, 0x01, 0x09, 0x04, 0x04,
    0x02, 0x07, 0x01, 0x01, 0x01, 0x02, 0x03, 0x04, 0x02, 0x0C, 0x05, 0x06, 0x08, 0x04, 0x12, 0x05,
    0x05, 0x04, 0x05, 0x0D, 0x04, 0x16, 0x0A, 0x04, 0x08, 0x03, 0x02, 0x01, 0x01, 0x02, 0x01, 0x01,
    0x01, 0x02, 0x01, 0x04, 0x03, 0x02, 0x01, 0x09, 0x05, 0x05, 0x0D, 0x06, 0x08, 0x07, 0x07, 0x0C,
    0x05, 0x05, 0x0C, 0x01, 0x15, 0x03, 0x02, 0x02, 0x08, 0x01, 0x03, 0x01, 0x01, 0x09, 0x0C, 0x07,
    0x0A, 0x03, 0x04, 0x09, 0x04, 0x09, 0x0B, 0x03, 0x04, 0x07, 0x05, 0x01, 0x02, 0x09, 0x07, 0x09,
    0x01, 0x01, 0x02, 0x03, 0x01, 0x01, 0x02, 0x0B, 0x0A, 0x15, 0x04, 0x03, 0x02, 0x02, 0x02, 0x01,
    0x01, 0x02, 0x02, 0x02, 0x01, 0x08, 0x07, 0x07, 0x03, 0x09, 0x07, 0x06, 0x04, 0x07, 0x07, 0x07,
    0x08, 0x02, 0x05, 0x08, 0x04, 0x08, 0x02, 0x04, 0x05, 0x02, 0x03, 0x09, 0x09, 0x03, 0x08, 0x04,
    0x08, 0x03, 0x06, 0x04, 0x06, 0x07, 0x02, 0x08, 0x06, 0x06, 0x05, 0x07, 0x08, 0x04, 0x03, 0x04,
    0x08, 0x02, 0x09, 0x05, 0x05, 0x05, 0x05, 0x06, 0x01, 0x02, 0x03, 0x02, 0x02, 0x01, 0x02, 0x02,
    0x01, 0x01, 0x01, 0x06, 0x07, 0x0E, 0x09, 0x0D, 0x01, 0x03, 0x03, 0x07, 0x07, 0x07, 0x19, 0x81,
    0x02, 0x03, 0x02, 0x09, 0x0D, 0x02, 0x09, 0x02, 0x01, 0x02, 0x01, 0x0D, 0x06, 0x08, 0x0D, 0x01,
    0x13, 0x08, 0x05, 0x05, 0x07, 0x02, 0x06, 0x04, 0x02, 0x01, 0x01, 0x01, 0x01, 0x01, 0x01, 0x01,
    0x03, 0x01, 0x02, 0x00, 0x00, 0x02, 0x00, 0x63, 0x00, 0xA8, 0x0A, 0xD7, 0x02, 0xDA, 0x01, 0x8B,
    0x01, 0xA2, 0x00, 0x00, 0x01, 0x2F, 0x01, 0x16, 0x17, 0x35, 0x27, 0x16, 0x17, 0x15, 0x14, 0x23,
    0x06, 0x23, 0x14, 0x1F, 0x01, 0x14, 0x17, 0x23, 0x22, 0x27, 0x22, 0x0F, 0x01, 0x22, 0x27, 0x22,
    0x07, 0x06, 0x07, 0x06, 0x17, 0x16, 0x15, 0x06, 0x15, 0x16, 0x27, 0x26, 0x07, 0x06, 0x07, 0x06,
    0x07, 0x06, 0x0F, 0x01, 0x06, 0x27, 0x22, 0x27, 0x26, 0x07, 0x06, 0x07, 0x06, 0x07, 0x06, 0x07,
    0x06, 0x07, 0x06, 0x23, 0x06, 0x27, 0x26, 0x27, 0x26, 0x27, 0x26, 0x27, 0x26, 0x27, 0x26, 0x23,
    0x06, 0x23, 0x06, 0x2B, 0x01, 0x22, 0x23, 0x06, 0x07, 0x06, 0x2B, 0x01, 0x22, 0x27, 0x16, 0x07,
    0x06, 0x0F, 0x01, 0x06, 0x07, 0x06, 0x07, 0x06, 0x07, 0x06, 0x07, 0x06, 0x27, 0x26, 0x27, 0x26,
    0x27, 0x26, 0x07, 0x22, 0x07, 0x06, 0x0F, 0x01, 0x06, 0x07, 0x06, 0x07, 0x06, 0x0F, 0x01, 0x06,
    0x07, 0x06, 0x07, 0x06, 0x17, 0x16, 0x0F, 0x01, 0x06, 0x07, 0x06, 0x07, 0x06, 0x07, 0x06, 0x07,
    0x06, 0x27, 0x26, 0x35, 0x26, 0x27, 0x26, 0x27, 0x26, 0x07, 0x06, 0x07, 0x06, 0x07, 0x06, 0x07,
    0x06, 0x0F, 0x01, 0x06, 0x07, 0x06, 0x07, 0x06, 0x27, 0x26, 0x07, 0x06, 0x07, 0x06, 0x07, 0x06,
    0x23, 0x06, 0x07, 0x06, 0x07, 0x06, 0x07, 0x06, 0x07, 0x06, 0x07, 0x06, 0x07, 0x06, 0x07, 0x06,
    0x07, 0x06, 0x07, 0x06, 0x07, 0x06, 0x07, 0x06, 0x07, 0x06, 0x07, 0x06, 0x27, 0x26, 0x27, 0x26,
    0x35, 0x26, 0x27, 0x34, 0x27, 0x26, 0x35, 0x26, 0x27, 0x26, 0x35, 0x26, 0x27, 0x26, 0x35, 0x34,
    0x27, 0x26, 0x35, 0x26, 0x27, 0x26, 0x37, 0x36, 0x37, 0x36, 0x33, 0x32, 0x17, 0x16, 0x37, 0x32,
    0x17, 0x16, 0x3B, 0x01, 0x32, 0x37, 0x36, 0x3F, 0x01, 0x36, 0x3B, 0x01, 0x16, 0x37, 0x36, 0x33,
    0x32, 0x37, 0x36, 0x37, 0x36, 0x33, 0x36, 0x37, 0x36, 0x37, 0x36, 0x37, 0x36, 0x37, 0x32, 0x37,
    0x36, 0x37, 0x36, 0x17, 0x16, 0x17, 0x16, 0x37, 0x32, 0x37, 0x36, 0x3F, 0x01, 0x31, 0x37, 0x36,
    0x37, 0x36, 0x37, 0x36, 0x37, 0x36, 0x37, 0x36, 0x37, 0x36, 0x37, 0x36, 0x37, 0x36, 0x37, 0x36,
    0x37, 0x36, 0x37, 0x36, 0x37, 0x36, 0x37, 0x36, 0x35, 0x33, 0x32, 0x17, 0x26, 0x37, 0x36, 0x33,
    0x16, 0x33, 0x36, 0x17, 0x16, 0x07, 0x06, 0x17, 0x33, 0x32, 0x07, 0x06, 0x37, 0x36, 0x33, 0x36,
    0x33, 0x16, 0x17, 0x26, 0x33, 0x1F, 0x01, 0x33, 0x16, 0x3B, 0x01, 0x32, 0x37, 0x36, 0x37, 0x36,
    0x17, 0x16, 0x37, 0x36, 0x17, 0x32, 0x17, 0x16, 0x17, 0x16, 0x37, 0x36, 0x17, 0x33, 0x16, 0x33,
    0x21, 0x26, 0x35, 0x26, 0x35, 0x32, 0x17, 0x16, 0x17, 0x16, 0x33, 0x34, 0x37, 0x36, 0x37, 0x36,
    0x33, 0x36, 0x33, 0x36, 0x17, 0x16, 0x15, 0x14, 0x33, 0x32, 0x37, 0x36, 0x17, 0x16, 0x07, 0x06,
    0x05, 0x27, 0x15, 0x16, 0x15, 0x06, 0x17, 0x16, 0x17, 0x16, 0x37, 0x36, 0x37, 0x36, 0x35, 0x26,
    0x27, 0x26, 0x2B, 0x01, 0x22, 0x27, 0x26, 0x0A, 0xD4, 0x02, 0x01, 0x02, 0x01, 0x01, 0x02, 0x02,
    0x05, 0x03, 0x05, 0x01, 0x01, 0x01, 0x70, 0x4C, 0x25, 0x12, 0x09, 0x1B, 0x09, 0x05, 0x05, 0x0A,
    0x06, 0x05, 0x04, 0x04, 0x04, 0x01, 0x02, 0x10, 0x10, 0x0A, 0x0B, 0x0D, 0x0B, 0x0F, 0x10, 0x07,
    0x18, 0x3F, 0x2C, 0x48, 0x23, 0x29, 0x34, 0x0F, 0x1F, 0x1F, 0x0F, 0x1B, 0x41, 0x23, 0x39, 0x18,
    0x17, 0x11, 0x1E, 0x16, 0x0B, 0x10, 0x10, 0x09, 0x09, 0x0B, 0x05, 0x06, 0x07, 0x05, 0x0A, 0x0F,
    0x1D, 0x2C, 0x08, 0x10, 0x11, 0x08, 0x11, 0x20, 0x1F, 0x12, 0x0C, 0x01, 0x02, 0x02, 0x05, 0x0A,
    0x07, 0x04, 0x04, 0x07, 0x0D, 0x0D, 0x0D, 0x0E, 0x1A, 0x29, 0x28, 0x14, 0x0B, 0x07, 0x08, 0x13,
    0x05, 0x0C, 0x0C, 0x05, 0x21, 0x0A, 0x12, 0x10, 0x0A, 0x05, 0x01, 0x04, 0x01, 0x06, 0x06, 0x01,
    0x05, 0x02, 0x02, 0x0D, 0x0F, 0x07, 0x0A, 0x04, 0x0C, 0x0C, 0x05, 0x06, 0x0E, 0x0A, 0x0C, 0x08,
    0x02, 0x02, 0x06, 0x0D, 0x0D, 0x10, 0x16, 0x17, 0x24, 0x08, 0x04, 0x06, 0x07, 0x03, 0x15, 0x0A,
    0x05, 0x09, 0x07, 0x08, 0x05, 0x07, 0x07, 0x08, 0x04, 0x02, 0x04, 0x04, 0x01, 0x09, 0x14, 0x14,
    0x0A, 0x0E, 0x06, 0x0A, 0x0A, 0x06, 0x0C, 0x02, 0x06, 0x07, 0x04, 0x10, 0x13, 0x10, 0x14, 0x0A,
    0x09, 0x0D, 0x01, 0x01, 0x0A, 0x0A, 0x05, 0x10, 0x13, 0x14, 0x09, 0x08, 0x01, 0x02, 0x02, 0x02,
    0x02, 0x01, 0x02, 0x02, 0x02, 0x01, 0x01, 0x01, 0x01, 0x02, 0x03, 0x04, 0x0B, 0x0F, 0x11, 0x13,
    0x05, 0x08, 0x07, 0x06, 0x0D, 0x06, 0x06, 0x0C, 0x0C, 0x04, 0x08, 0x01, 0x02, 0x03, 0x06, 0x05,
    0x0B, 0x0C, 0x18, 0x0C, 0x19, 0x0F, 0x1E, 0x07, 0x0F, 0x0F, 0x07, 0x1C, 0x0C, 0x0C, 0x1C, 0x3C,
    0x1D, 0x21, 0x38, 0x02, 0x07, 0x07, 0x06, 0x0E, 0x05, 0x02, 0x0A, 0x0D, 0x03, 0x0B, 0x08, 0x05,
    0x0C, 0x0A, 0x09, 0x08, 0x0B, 0x17, 0x12, 0x0E, 0x1C, 0x03, 0x06, 0x06, 0x03, 0x0C, 0x07, 0x08,
    0x08, 0x08, 0x08, 0x10, 0x11, 0x05, 0x0A, 0x0B, 0x06, 0x07, 0x12, 0x0D, 0x05, 0x03, 0x02, 0x02,
    0x03, 0x04, 0x08, 0x0B, 0x0D, 0x05, 0x02, 0x03, 0x01, 0x01, 0x07, 0x0B, 0x07, 0x01, 0x02, 0x29,
    0x1A, 0x14, 0x0F, 0x20, 0x20, 0x0F, 0x06, 0x08, 0x07, 0x04, 0x20, 0x07, 0x0F, 0x27, 0x1B, 0x0D,
    0x14, 0x0B, 0x10, 0x0B, 0x04, 0x09, 0x08, 0x05, 0x05, 0x04, 0x02, 0x06, 0x05, 0x0A, 0x07, 0x07,
    0x57, 0x0D, 0x1C, 0x03, 0x4E, 0x01, 0x01, 0x0D, 0x07, 0x04, 0x06, 0x07, 0x03, 0x06, 0x04, 0x0F,
    0x04, 0x08, 0x08, 0x04, 0x0E, 0x06, 0x03, 0x07, 0x0E, 0x07, 0x09, 0x0C, 0x10, 0x05, 0x06, 0xF9,
    0x64, 0x01, 0x01, 0x06, 0x06, 0x06, 0x08, 0x08, 0x1A, 0x18, 0x04, 0x02, 0x02, 0x01, 0x02, 0x07,
    0x0D, 0x11, 0x0F, 0x18, 0x02, 0x8E, 0x05, 0x01, 0x03, 0x03, 0x01, 0x01, 0x04, 0x0C, 0x11, 0x05,
    0x01, 0x01, 0x01, 0x02, 0x03, 0x01, 0x01, 0x01, 0x03, 0x01, 0x02, 0x02, 0x07, 0x07, 0x07, 0x07,
    0x0D, 0x08, 0x0D, 0x15, 0x03, 0x01, 0x0C, 0x04, 0x02, 0x01, 0x04, 0x02, 0x01, 0x03, 0x05, 0x01,
    0x01, 0x01, 0x03, 0x01, 0x03, 0x03, 0x02, 0x03, 0x08, 0x06, 0x07, 0x03, 0x01, 0x02, 0x02, 0x02,
    0x01, 0x0A, 0x05, 0x09, 0x0B, 0x06, 0x06, 0x01, 0x01, 0x01, 0x01, 0x01, 0x04, 0x01, 0x01, 0x02,
    0x02, 0x05, 0x03, 0x06, 0x06, 0x03, 0x09, 0x0B, 0x0C, 0x09, 0x10, 0x03, 0x01, 0x1B, 0x0F, 0x0F,
    0x0E, 0x01, 0x01, 0x01, 0x01, 0x06, 0x03, 0x06, 0x07, 0x09, 0x05, 0x02, 0x08, 0x04, 0x06, 0x06,
    0x05, 0x0E, 0x10, 0x13, 0x08, 0x09, 0x04, 0x02, 0x02, 0x02, 0x02, 0x03, 0x03, 0x08, 0x06, 0x02,
    0x02, 0x04, 0x06, 0x04, 0x0D, 0x0D, 0x0C, 0x06, 0x08, 0x0A, 0x11, 0x03, 0x01, 0x03, 0x03, 0x02,
    0x09, 0x04, 0x03, 0x06, 0x01, 0x02, 0x03, 0x03, 0x04, 0x04, 0x03, 0x02, 0x02, 0x03, 0x06, 0x0A,
    0x0A, 0x04, 0x06, 0x03, 0x06, 0x04, 0x03, 0x04, 0x01, 0x02, 0x03, 0x02, 0x09, 0x09, 0x09, 0x06,
    0x04, 0x01, 0x03, 0x09, 0x05, 0x02, 0x01, 0x02, 0x03, 0x03, 0x03, 0x10, 0x12, 0x15, 0x16, 0x11,
    0x08, 0x0E, 0x0F, 0x07, 0x1C, 0x0F, 0x1E, 0x10, 0x20, 0x0E, 0x07, 0x0D, 0x03, 0x06, 0x06, 0x03,
    0x07, 0x0C, 0x08, 0x09, 0x15, 0x04, 0x05, 0x02, 0x03, 0x01, 0x01, 0x01, 0x02, 0x01, 0x03, 0x03,
    0x02, 0x01, 0x02, 0x01, 0x02, 0x01, 0x01, 0x01, 0x02, 0x03, 0x02, 0x02, 0x02, 0x02, 0x02, 0x06,
    0x01, 0x02, 0x01, 0x03, 0x08, 0x07, 0x01, 0x02, 0x01, 0x04, 0x02, 0x04, 0x02, 0x02, 0x01, 0x05,
    0x0A, 0x07, 0x05, 0x0C, 0x01, 0x02, 0x03, 0x02, 0x04, 0x03, 0x03, 0x05, 0x05, 0x03, 0x04, 0x08,
    0x03, 0x05, 0x05, 0x02, 0x04, 0x0A, 0x07, 0x0F, 0x01, 0x06, 0x03, 0x03, 0x01, 0x01, 0x01, 0x02,
    0x03, 0x06, 0x01, 0x07, 0x04, 0x01, 0x01, 0x01, 0x02, 0x03, 0x02, 0x01, 0x01, 0x01, 0x01, 0x02,
    0x01, 0x01, 0x09, 0x03, 0x02, 0x02, 0x02, 0x03, 0x03, 0x02, 0x01, 0x02, 0x01, 0x01, 0x01, 0x01,
    0x02, 0x01, 0x02, 0x01, 0x01, 0x01, 0x01, 0x10, 0x04, 0x04, 0x02, 0x01, 0x01, 0x02, 0x0B, 0x05,
    0x07, 0x09, 0x01, 0x01, 0x03, 0x04, 0x0A, 0x0A, 0xAA, 0x04, 0x01, 0x01, 0x02, 0x03, 0x0E, 0x0F,
    0x03, 0x04, 0x02, 0x02, 0x0B, 0x06, 0x08, 0x0A, 0x04, 0x05, 0x01, 0x02, 0x00, 0x02, 0x00, 0x57,
    0x00, 0x0D, 0x08, 0xF5, 0x03, 0x6F, 0x02, 0x26, 0x02, 0x4D, 0x00, 0x00, 0x01, 0x21, 0x22, 0x07,
    0x06, 0x35, 0x34, 0x27, 0x26, 0x27, 0x26, 0x23, 0x26, 0x27, 0x34, 0x27, 0x26, 0x27, 0x26, 0x07,
    0x06, 0x0F, 0x01, 0x06, 0x15, 0x06, 0x17, 0x15, 0x06, 0x17, 0x14, 0x07, 0x06, 0x17, 0x16, 0x07,
    0x06, 0x27, 0x26, 0x2B, 0x01, 0x22, 0x35, 0x26, 0x37, 0x36, 0x37, 0x36, 0x33, 0x32, 0x37, 0x36,
    0x3D, 0x01, 0x34, 0x37, 0x34, 0x27, 0x26, 0x07, 0x06, 0x35, 0x26, 0x27, 0x26, 0x27, 0x26, 0x27,
    0x26, 0x07, 0x26, 0x27, 0x26, 0x23, 0x22, 0x27, 0x26, 0x07, 0x06, 0x07, 0x06, 0x17, 0x16, 0x17,
    0x16, 0x17, 0x16, 0x37, 0x32, 0x17, 0x16, 0x17, 0x16, 0x17, 0x16, 0x17, 0x16, 0x17, 0x16, 0x17,
    0x16, 0x17, 0x16, 0x07, 0x06, 0x07, 0x06, 0x07, 0x06, 0x23, 0x06, 0x07, 0x06, 0x07, 0x06, 0x07,
    0x22, 0x07, 0x06, 0x23, 0x06, 0x07, 0x06, 0x2B, 0x01, 0x22, 0x07, 0x22, 0x27, 0x26, 0x07, 0x26,
    0x27, 0x26, 0x07, 0x06, 0x23, 0x22, 0x27, 0x26, 0x2B, 0x01, 0x06, 0x23, 0x22, 0x07, 0x06, 0x27,
    0x22, 0x27, 0x26, 0x23, 0x26, 0x27, 0x26, 0x07, 0x26, 0x07, 0x06, 0x07, 0x26, 0x07, 0x06, 0x07,
    0x06, 0x27, 0x26, 0x23, 0x34, 0x27, 0x26, 0x07, 0x26, 0x27, 0x26, 0x07, 0x06, 0x23, 0x22, 0x07,
    0x06, 0x27, 0x26, 0x27, 0x26, 0x27, 0x26, 0x23, 0x22, 0x27, 0x26, 0x27, 0x26, 0x23, 0x22, 0x07,
    0x06, 0x07, 0x06, 0x07, 0x06, 0x15, 0x14, 0x17, 0x16, 0x07, 0x06, 0x23, 0x22, 0x07, 0x06, 0x15,
    0x14, 0x0F, 0x02, 0x06, 0x33, 0x23, 0x22, 0x07, 0x06, 0x2B, 0x01, 0x22, 0x27, 0x26, 0x07, 0x26,
    0x07, 0x06, 0x17, 0x16, 0x17, 0x14, 0x17, 0x16, 0x17, 0x16, 0x15, 0x14, 0x17, 0x16, 0x17, 0x16,
    0x17, 0x16, 0x37, 0x36, 0x37, 0x36, 0x37, 0x36, 0x33, 0x36, 0x37, 0x36, 0x37, 0x36, 0x33, 0x32,
    0x37, 0x36, 0x37, 0x36, 0x37, 0x36, 0x27, 0x36, 0x37, 0x32, 0x37, 0x36, 0x17, 0x16, 0x37, 0x36,
    0x33, 0x32, 0x17, 0x16, 0x17, 0x16, 0x07, 0x06, 0x17, 0x16, 0x37, 0x36, 0x33, 0x32, 0x37, 0x32,
    0x15, 0x14, 0x17, 0x16, 0x17, 0x16, 0x37, 0x32, 0x17, 0x16, 0x17, 0x14, 0x17, 0x16, 0x17, 0x16,
    0x17, 0x16, 0x17, 0x16, 0x17, 0x16, 0x07, 0x06, 0x15, 0x14, 0x07, 0x06, 0x07, 0x06, 0x07, 0x06,
    0x15, 0x14, 0x17, 0x16, 0x37, 0x32, 0x37, 0x36, 0x33, 0x32, 0x37, 0x36, 0x27, 0x26, 0x37, 0x36,
    0x27, 0x26, 0x37, 0x36, 0x37, 0x34, 0x35, 0x36, 0x3F, 0x01, 0x36, 0x37, 0x36, 0x37, 0x36, 0x35,
    0x36, 0x3F, 0x02, 0x36, 0x33, 0x36, 0x33, 0x32, 0x37, 0x36, 0x27, 0x26, 0x27, 0x26, 0x33, 0x32,
    0x37, 0x06, 0x07, 0x06, 0x17, 0x16, 0x07, 0x06, 0x1D, 0x01, 0x14, 0x17, 0x16, 0x37, 0x36, 0x17,
    0x16, 0x37, 0x36, 0x3B, 0x01, 0x32, 0x17, 0x16, 0x35, 0x34, 0x37, 0x36, 0x35, 0x11, 0x34, 0x23,
    0x06, 0x27, 0x26, 0x37, 0x34, 0x27, 0x26, 0x23, 0x06, 0x27, 0x26, 0x27, 0x26, 0x37, 0x35, 0x34,
    0x33, 0x16, 0x3B, 0x01, 0x32, 0x37, 0x32, 0x1D, 0x01, 0x06, 0x17, 0x16, 0x37, 0x36, 0x33, 0x36,
    0x33, 0x36, 0x17, 0x16, 0x37, 0x36, 0x37, 0x36, 0x35, 0x34, 0x17, 0x16, 0x3F, 0x01, 0x36, 0x35,
    0x34, 0x17, 0x16, 0x15, 0x14, 0x17, 0x16, 0x33, 0x06, 0x15, 0x14, 0x17, 0x36, 0x17, 0x16, 0x07,
    0x06, 0x15, 0x14, 0x07, 0x06, 0x07, 0x06, 0x17, 0x11, 0x14, 0x17, 0x16, 0x15, 0x14, 0x17, 0x15,
    0x14, 0x07, 0x06, 0x15, 0x14, 0x37, 0x36, 0x33, 0x32, 0x35, 0x27, 0x26, 0x35, 0x34, 0x27, 0x26,
    0x33, 0x32, 0x35, 0x26, 0x3D, 0x01, 0x34, 0x37, 0x36, 0x27, 0x36, 0x27, 0x26, 0x35, 0x16, 0x37,
    0x36, 0x27, 0x26, 0x35, 0x34, 0x37, 0x36, 0x27, 0x26, 0x27, 0x26, 0x35, 0x34, 0x37, 0x36, 0x33,
    0x36, 0x3B, 0x01, 0x36, 0x33, 0x32, 0x37, 0x33, 0x32, 0x37, 0x36, 0x37, 0x36, 0x27, 0x36, 0x27,
    0x26, 0x05, 0x06, 0x07, 0x06, 0x07, 0x06, 0x07, 0x06, 0x07, 0x06, 0x07, 0x06, 0x07, 0x06, 0x07,
    0x26, 0x27, 0x26, 0x27, 0x26, 0x27, 0x26, 0x27, 0x26, 0x27, 0x26, 0x27, 0x26, 0x27, 0x26, 0x27,
    0x33, 0x06, 0x23, 0x22, 0x07, 0x06, 0x23, 0x22, 0x08, 0xD9, 0xFD, 0xE7, 0x0C, 0x2A, 0x21, 0x01,
    0x02, 0x04, 0x03, 0x03, 0x02, 0x01, 0x01, 0x03, 0x03, 0x08, 0x0F, 0x0F, 0x06, 0x06, 0x06, 0x04,
    0x01, 0x01, 0x01, 0x0B, 0x07, 0x02, 0x02, 0x04, 0x04, 0x0C, 0x09, 0x0A, 0x94, 0x06, 0x02, 0x06,
    0x06, 0x0A, 0x04, 0x0E, 0x08, 0x10, 0x0B, 0x01, 0x02, 0x04, 0x06, 0x06, 0x06, 0x12, 0x0A, 0x14,
    0x08, 0x35, 0x30, 0x09, 0x03, 0x06, 0x08, 0x03, 0x05, 0x08, 0x08, 0x0A, 0x03, 0x06, 0x05, 0x05,
    0x04, 0x0A, 0x0A, 0x05, 0x08, 0x10, 0x10, 0x02, 0x01, 0x13, 0x06, 0x09, 0x09, 0x02, 0x05, 0x0A,
    0x0A, 0x05, 0x10, 0x0D, 0x0D, 0x0B, 0x0A, 0x06, 0x03, 0x04, 0x04, 0x02, 0x03, 0x04, 0x04, 0x03,
    0x05, 0x08, 0x02, 0x06, 0x06, 0x02, 0x02, 0x01, 0x01, 0x02, 0x11, 0x0B, 0x06, 0x06, 0x08, 0x04,
    0x0A, 0x01, 0x01, 0x02, 0x04, 0x08, 0x03, 0x03, 0x04, 0x04, 0x05, 0x42, 0x06, 0x0B, 0x05, 0x03,
    0x04, 0x05, 0x02, 0x01, 0x03, 0x03, 0x0B, 0x1A, 0x1C, 0x06, 0x07, 0x09, 0x06, 0x0A, 0x05, 0x0C,
    0x0B, 0x08, 0x14, 0x1D, 0x13, 0x22, 0x03, 0x03, 0x0B, 0x01, 0x02, 0x03, 0x04, 0x06, 0x0B, 0x09,
    0x16, 0x13, 0x0B, 0x06, 0x02, 0x02, 0x04, 0x04, 0x09, 0x09, 0x02, 0x05, 0x05, 0x05, 0x0B, 0x07,
    0x06, 0x06, 0x06, 0x0A, 0x03, 0x05, 0x05, 0x05, 0x07, 0x06, 0x05, 0x07, 0x05, 0x07, 0x03, 0x01,
    0x03, 0x04, 0x01, 0x37, 0x34, 0x30, 0x2B, 0x39, 0x9F, 0x0F, 0x0B, 0x12, 0x05, 0x1D, 0x01, 0x02,
    0x03, 0x01, 0x02, 0x06, 0x07, 0x04, 0x04, 0x07, 0x08, 0x09, 0x0C, 0x0B, 0x0D, 0x0B, 0x02, 0x09,
    0x03, 0x03, 0x03, 0x01, 0x04, 0x01, 0x01, 0x03, 0x02, 0x04, 0x03, 0x02, 0x32, 0x2D, 0x34, 0x26,
    0x07, 0x02, 0x03, 0x02, 0x05, 0x04, 0x03, 0x04, 0x0D, 0x0F, 0x0A, 0x12, 0x06, 0x03, 0x04, 0x01,
    0x01, 0x01, 0x04, 0x0A, 0x0E, 0x24, 0x24, 0x11, 0x0B, 0x0F, 0x17, 0x03, 0x01, 0x06, 0x07, 0x01,
    0x01, 0x04, 0x02, 0x02, 0x01, 0x04, 0x08, 0x06, 0x09, 0x07, 0x0C, 0x08, 0x06, 0x07, 0x02, 0x02,
    0x06, 0x03, 0x08, 0x05, 0x07, 0x08, 0x26, 0x20, 0x1B, 0x04, 0x06, 0x06, 0x02, 0x04, 0x01, 0x02,
    0x01, 0x02, 0x03, 0x06, 0x02, 0x03, 0x04, 0x06, 0x01, 0x01, 0x01, 0x06, 0x01, 0x04, 0x01, 0x01,
    0x02, 0x01, 0x06, 0x05, 0x0E, 0x02, 0x05, 0x05, 0x02, 0x08, 0x04, 0x0A, 0x06, 0x07, 0x01, 0x06,
    0x13, 0x18, 0x0D, 0x08, 0x06, 0x06, 0x02, 0x05, 0x01, 0x02, 0x01, 0x02, 0x02, 0x04, 0x04, 0x09,
    0x10, 0x0B, 0x11, 0xA1, 0x11, 0x0B, 0x0F, 0x01, 0x01, 0x04, 0x04, 0x03, 0x09, 0x01, 0x04, 0x01,
    0x04, 0x02, 0x01, 0x01, 0x01, 0x02, 0x02, 0x31, 0x21, 0x16, 0x98, 0x06, 0x08, 0x0B, 0x02, 0x02,
    0x06, 0x0A, 0x03, 0x07, 0x08, 0x04, 0x0E, 0x0D, 0x0E, 0x09, 0x02, 0x01, 0x01, 0x05, 0x04, 0x02,
    0x06, 0x02, 0x05, 0x04, 0x05, 0x07, 0x01, 0x04, 0x04, 0x07, 0x03, 0x04, 0x01, 0x01, 0x03, 0x04,
    0x02, 0x02, 0x01, 0x0A, 0x09, 0x01, 0x03, 0x04, 0x0F, 0x0A, 0x0A, 0x08, 0x01, 0x05, 0x01, 0x02,
    0x13, 0x01, 0x01, 0x03, 0x02, 0x10, 0x03, 0x01, 0x01, 0x0A, 0x05, 0x05, 0x01, 0x01, 0x02, 0x01,
    0x03, 0x03, 0x07, 0x08, 0x01, 0x02, 0x02, 0x27, 0x4D, 0x73, 0x30, 0x60, 0x60, 0x30, 0x40, 0x0F,
    0x0A, 0x0A, 0x03, 0x04, 0x02, 0x14, 0x10, 0x11, 0xF8, 0x95, 0x13, 0x0D, 0x06, 0x0B, 0x0B, 0x06,
    0x08, 0x0B, 0x0E, 0x05, 0x0C, 0x0F, 0x14, 0x0B, 0x01, 0x03, 0x03, 0x01, 0x02, 0x03, 0x04, 0x01,
    0x02, 0x06, 0x06, 0x03, 0x03, 0x02, 0x01, 0x02, 0xD5, 0x01, 0x01, 0x01, 0x01, 0x01, 0x01, 0x01,
    0x02, 0xB4, 0x02, 0x02, 0x1E, 0x0D, 0x04, 0x07, 0x07, 0x06, 0x03, 0x05, 0x08, 0x01, 0x03, 0x01,
    0x05, 0x05, 0x04, 0x05, 0x06, 0x06, 0x01, 0x07, 0x01, 0x06, 0x0A, 0x07, 0x07, 0x03, 0x03, 0x05,
    0x07, 0x01, 0x04, 0x01, 0x01, 0x05, 0x05, 0x02, 0x03, 0x02, 0x01, 0x02, 0x02, 0x0E, 0x42, 0x06,
    0x04, 0x05, 0x02, 0x04, 0x02, 0x03, 0x01, 0x0B, 0x06, 0x02, 0x06, 0x02, 0x12, 0x11, 0x0F, 0x01,
    0x04, 0x02, 0x0B, 0x0B, 0x0D, 0x05, 0x08, 0x06, 0x0B, 0x09, 0x04, 0x05, 0x06, 0x06, 0x01, 0x08,
    0x09, 0x05, 0x02, 0x02, 0x02, 0x01, 0x02, 0x03, 0x03, 0x02, 0x07, 0x04, 0x04, 0x05, 0x05, 0x02,
    0x01, 0x01, 0x02, 0x01, 0x02, 0x02, 0x01, 0x02, 0x02, 0x02, 0x02, 0x02, 0x02, 0x03, 0x01, 0x02,
    0x01, 0x02, 0x07, 0x01, 0x02, 0x02, 0x05, 0x03, 0x03, 0x01, 0x01, 0x02, 0x02, 0x04, 0x03, 0x02,
    0x01, 0x01, 0x0A, 0x04, 0x01, 0x01, 0x06, 0x0F, 0x0B, 0x0A, 0x03, 0x08, 0x02, 0x01, 0x07, 0x10,
    0x11, 0x05, 0x06, 0x03, 0x03, 0x01, 0x01, 0x02, 0x02, 0x04, 0x01, 0x05, 0x04, 0x01, 0x04, 0x05,
    0x08, 0x01, 0x01, 0x08, 0x08, 0x04, 0x06, 0x01, 0x02, 0x0D, 0x06, 0x08, 0x09, 0x05, 0x02, 0x03,
    0x04, 0x01, 0x02, 0x06, 0x02, 0x03, 0x07, 0x03, 0x04, 0x01, 0x02, 0x07, 0x09, 0x22, 0x25, 0x10,
    0x0C, 0x14, 0x11, 0x0E, 0x0E, 0x11, 0x11, 0x10, 0x0D, 0x14, 0x15, 0x07, 0x09, 0x01, 0x03, 0x06,
    0x01, 0x05, 0x02, 0x02, 0x03, 0x04, 0x06, 0x05, 0x03, 0x02, 0x02, 0x20, 0x22, 0x28, 0x21, 0x05,
    0x03, 0x01, 0x01, 0x04, 0x03, 0x01, 0x04, 0x01, 0x01, 0x01, 0x01, 0x01, 0x02, 0x03, 0x09, 0x0A,
    0x0C, 0x04, 0x03, 0x01, 0x02, 0x05, 0x03, 0x02, 0x02, 0x03, 0x01, 0x04, 0x03, 0x04, 0x05, 0x02,
    0x0A, 0x06, 0x07, 0x05, 0x03, 0x06, 0x05, 0x09, 0x0A, 0x06, 0x06, 0x0A, 0x0E, 0x10, 0x08, 0x17,
    0x0D, 0x11, 0x12, 0x0E, 0x1D, 0x03, 0x04, 0x02, 0x03, 0x02, 0x01, 0x02, 0x02, 0x05, 0x03, 0x04,
    0x0B, 0x0B, 0x04, 0x05, 0x0B, 0x03, 0x06, 0x06, 0x03, 0x0F, 0x07, 0x09, 0x03, 0x05, 0x06, 0x02,
    0x04, 0x0A, 0x07, 0x02, 0x01, 0x01, 0x04, 0x0A, 0x06, 0x07, 0x09, 0x19, 0x01, 0x0F, 0x07, 0x07,
    0x15, 0x4B, 0x37, 0x58, 0x2B, 0x30, 0x04, 0x01, 0x02, 0x01, 0x01, 0x04, 0x09, 0x02, 0x01, 0x01,
    0x02, 0x11, 0x0B, 0x06, 0x06, 0x0C, 0x01, 0x15, 0x07, 0x01, 0x04, 0x0B, 0x08, 0x09, 0x08, 0x06,
    0x01, 0x01, 0x02, 0x04, 0x03, 0x05, 0x07, 0x02, 0x01, 0x01, 0x02, 0x08, 0x05, 0x02, 0x0C, 0x01,
    0x01, 0x01, 0x02, 0x02, 0x02, 0x07, 0x02, 0x02, 0x02, 0x03, 0x06, 0x02, 0x01, 0x03, 0x06, 0x02,
    0x06, 0x07, 0x07, 0x07, 0x03, 0x05, 0x03, 0x05, 0x01, 0x18, 0x19, 0x05, 0x04, 0x03, 0x04, 0x0B,
    0x0F, 0x12, 0x0A, 0x04, 0x04, 0x06, 0x08, 0x05, 0xFE, 0xEE, 0x0A, 0x06, 0x08, 0x03, 0x09, 0x05,
    0x21, 0x06, 0x01, 0x01, 0x04, 0x08, 0x01, 0x01, 0x03, 0x02, 0x05, 0x01, 0x17, 0x0F, 0x15, 0x1B,
    0x12, 0x10, 0x80, 0x12, 0x35, 0x36, 0x01, 0x11, 0x10, 0x0C, 0x16, 0x04, 0x03, 0x04, 0x0A, 0x0D,
    0x12, 0x05, 0x16, 0x0F, 0x09, 0x09, 0x01, 0x02, 0x0A, 0x09, 0x0A, 0x0E, 0x01, 0x01, 0x01, 0x01,
    0x02, 0x03, 0x04, 0x06, 0x01, 0x1B, 0x1A, 0x46, 0x10, 0x09, 0x04, 0x08, 0x08, 0x04, 0x06, 0x05,
    0x08, 0x05, 0x09, 0x07, 0x0B, 0x09, 0x04, 0x09, 0x09, 0x05, 0x05, 0x08, 0x09, 0x04, 0x08, 0x02,
    0x01, 0x08, 0x06, 0x0E, 0x0C, 0x09, 0x01, 0x01, 0x01, 0x00, 0x00, 0x00, 0x00, 0x02, 0x00, 0x53,
    0x00, 0x5A, 0x0A, 0x32, 0x03, 0x26, 0x01, 0xF4, 0x02, 0x02, 0x00, 0x00, 0x01, 0x26, 0x27, 0x26,
    0x27, 0x16, 0x07, 0x06, 0x07, 0x06, 0x17, 0x16, 0x17, 0x16, 0x37, 0x36, 0x3B, 0x01, 0x17, 0x16,
    0x17, 0x16, 0x17, 0x16, 0x17, 0x32, 0x17, 0x16, 0x1F, 0x01, 0x16, 0x17, 0x16, 0x1F, 0x01, 0x16,
    0x17, 0x16, 0x17, 0x16, 0x07, 0x06, 0x07, 0x06, 0x07, 0x06, 0x15, 0x06, 0x0F, 0x01, 0x06, 0x23,
    0x22, 0x07, 0x06, 0x07, 0x06, 0x07, 0x06, 0x27, 0x26, 0x2B, 0x01, 0x26, 0x37, 0x36, 0x27, 0x23,
    0x17, 0x31, 0x07, 0x23, 0x22, 0x27, 0x26, 0x27, 0x26, 0x27, 0x26, 0x27, 0x26, 0x27, 0x26, 0x07,
    0x06, 0x07, 0x06, 0x23, 0x22, 0x07, 0x06, 0x07, 0x06, 0x07, 0x06, 0x07, 0x06, 0x07, 0x06, 0x07,
    0x06, 0x07, 0x06, 0x07, 0x06, 0x07, 0x22, 0x07, 0x06, 0x27, 0x26, 0x27, 0x26, 0x27, 0x26, 0x27,
    0x26, 0x27, 0x26, 0x27, 0x26, 0x27, 0x26, 0x27, 0x26, 0x2B, 0x01, 0x22, 0x27, 0x26, 0x07, 0x06,
    0x07, 0x06, 0x1D, 0x01, 0x14, 0x17, 0x16, 0x17, 0x16, 0x37, 0x36, 0x33, 0x36, 0x33, 0x36, 0x33,
    0x32, 0x37, 0x36, 0x33, 0x32, 0x37, 0x36, 0x33, 0x32, 0x37, 0x36, 0x37, 0x32, 0x37, 0x36, 0x33,
    0x32, 0x37, 0x36, 0x37, 0x36, 0x2F, 0x01, 0x26, 0x27, 0x26, 0x35, 0x26, 0x37, 0x36, 0x37, 0x36,
    0x37, 0x36, 0x37, 0x36, 0x37, 0x36, 0x37, 0x36, 0x33, 0x16, 0x33, 0x32, 0x17, 0x16, 0x17, 0x16,
    0x17, 0x16, 0x17, 0x16, 0x17, 0x16, 0x17, 0x14, 0x17, 0x16, 0x15, 0x14, 0x07, 0x06, 0x15, 0x06,
    0x07, 0x06, 0x07, 0x06, 0x07, 0x06, 0x07, 0x06, 0x07, 0x36, 0x17, 0x16, 0x17, 0x16, 0x1F, 0x01,
    0x16, 0x17, 0x16, 0x17, 0x16, 0x17, 0x16, 0x37, 0x32, 0x37, 0x36, 0x37, 0x36, 0x27, 0x26, 0x35,
    0x26, 0x37, 0x36, 0x37, 0x36, 0x37, 0x36, 0x37, 0x36, 0x37, 0x36, 0x37, 0x36, 0x37, 0x36, 0x37,
    0x16, 0x17, 0x16, 0x33, 0x32, 0x37, 0x36, 0x37, 0x36, 0x37, 0x35, 0x26, 0x27, 0x26, 0x37, 0x36,
    0x27, 0x26, 0x35, 0x26, 0x37, 0x36, 0x17, 0x16, 0x15, 0x06, 0x15, 0x14, 0x17, 0x14, 0x17, 0x14,
    0x17, 0x16, 0x3B, 0x01, 0x32, 0x37, 0x36, 0x17, 0x16, 0x35, 0x26, 0x35, 0x34, 0x27, 0x26, 0x27,
    0x32, 0x37, 0x33, 0x16, 0x3B, 0x01, 0x32, 0x17, 0x16, 0x17, 0x16, 0x37, 0x36, 0x35, 0x36, 0x27,
    0x26, 0x35, 0x34, 0x27, 0x16, 0x17, 0x16, 0x17, 0x16, 0x17, 0x16, 0x37, 0x36, 0x3F, 0x01, 0x36,
    0x33, 0x16, 0x33, 0x36, 0x37, 0x36, 0x37, 0x36, 0x37, 0x36, 0x3B, 0x01, 0x16, 0x17, 0x16, 0x33,
    0x16, 0x35, 0x34, 0x37, 0x34, 0x27, 0x26, 0x07, 0x06, 0x23, 0x22, 0x35, 0x26, 0x37, 0x36, 0x3B,
    0x01, 0x32, 0x17, 0x16, 0x17, 0x32, 0x37, 0x36, 0x37, 0x36, 0x27, 0x34, 0x27, 0x26, 0x27, 0x26,
    0x27, 0x26, 0x23, 0x22, 0x27, 0x22, 0x07, 0x06, 0x27, 0x26, 0x23, 0x06, 0x23, 0x22, 0x07, 0x06,
    0x2B, 0x01, 0x22, 0x27, 0x23, 0x22, 0x27, 0x26, 0x37, 0x36, 0x3D, 0x01, 0x34, 0x37, 0x34, 0x23,
    0x22, 0x27, 0x22, 0x15, 0x14, 0x07, 0x06, 0x15, 0x06, 0x15, 0x06, 0x07, 0x06, 0x07, 0x06, 0x07,
    0x06, 0x27, 0x26, 0x23, 0x22, 0x2F, 0x01, 0x26, 0x27, 0x26, 0x27, 0x26, 0x27, 0x26, 0x23, 0x26,
    0x27, 0x26, 0x35, 0x26, 0x27, 0x26, 0x07, 0x06, 0x2B, 0x01, 0x36, 0x37, 0x36, 0x3F, 0x01, 0x34,
    0x27, 0x34, 0x27, 0x26, 0x27, 0x26, 0x2F, 0x02, 0x26, 0x27, 0x22, 0x27, 0x26, 0x27, 0x26, 0x27,
    0x26, 0x27, 0x23, 0x06, 0x27, 0x26, 0x35, 0x34, 0x23, 0x22, 0x27, 0x22, 0x27, 0x26, 0x23, 0x06,
    0x01, 0x16, 0x07, 0x06, 0x23, 0x22, 0x27, 0x26, 0x27, 0x26, 0x37, 0x33, 0x36, 0x33, 0x05, 0xF3,
    0x08, 0x0C, 0x0C, 0x0D, 0x01, 0x07, 0x08, 0x01, 0x03, 0x03, 0x03, 0x06, 0x07, 0x0B, 0x07, 0x0B,
    0x09, 0x06, 0x02, 0x04, 0x02, 0x06, 0x04, 0x0C, 0x03, 0x05, 0x06, 0x02, 0x24, 0x19, 0x0A, 0x03,
    0x05, 0x07, 0x03, 0x05, 0x05, 0x02, 0x03, 0x08, 0x02, 0x02, 0x03, 0x01, 0x02, 0x0B, 0x12, 0x21,
    0x05, 0x0A, 0x0A, 0x05, 0x0B, 0x14, 0x28, 0x13, 0x1E, 0x1F, 0x0A, 0x14, 0x1F, 0x05, 0x03, 0x02,
    0x02, 0x51, 0x01, 0x05, 0x92, 0x04, 0x01, 0x01, 0x0A, 0x14, 0x09, 0x0A, 0x14, 0x0E, 0x15, 0x14,
    0x0D, 0x07, 0x07, 0x09, 0x01, 0x15, 0x0B, 0x05, 0x0B, 0x0B, 0x06, 0x10, 0x21, 0x18, 0x1A, 0x18,
    0x1A, 0x1D, 0x14, 0x3C, 0x3B, 0x42, 0x3B, 0x0B, 0x06, 0x08, 0x0A, 0x12, 0x0B, 0x0B, 0x0F, 0x0C,
    0x0D, 0x0A, 0x12, 0x19, 0x32, 0x0D, 0x19, 0x19, 0x0C, 0x04, 0x08, 0x0B, 0x01, 0x0E, 0x08, 0x07,
    0x0B, 0x02, 0x02, 0x03, 0x02, 0x10, 0x09, 0x0A, 0x07, 0x0B, 0x06, 0x0C, 0x0D, 0x06, 0x06, 0x0C,
    0x0C, 0x06, 0x0F, 0x1E, 0x1E, 0x0F, 0x0E, 0x1E, 0x1E, 0x0F, 0x10, 0x09, 0x09, 0x10, 0x05, 0x03,
    0x04, 0x01, 0x01, 0x06, 0x09, 0x04, 0x02, 0x03, 0x01, 0x1A, 0x1B, 0x14, 0x06, 0x0D, 0x0D, 0x07,
    0x06, 0x0E, 0x0E, 0x06, 0x1E, 0x1F, 0x15, 0x29, 0x45, 0x38, 0x14, 0x29, 0x2A, 0x15, 0x08, 0x04,
    0x05, 0x06, 0x0C, 0x01, 0x01, 0x01, 0x04, 0x07, 0x01, 0x04, 0x04, 0x01, 0x01, 0x09, 0x14, 0x09,
    0x0D, 0x13, 0x09, 0x0B, 0x03, 0x03, 0x04, 0x04, 0x06, 0x05, 0x0C, 0x05, 0x0C, 0x12, 0x0A, 0x12,
    0x0B, 0x0A, 0x09, 0x08, 0x01, 0x02, 0x04, 0x04, 0x01, 0x03, 0x02, 0x02, 0x03, 0x04, 0x01, 0x01,
    0x02, 0x01, 0x02, 0x01, 0x0B, 0x02, 0x05, 0x08, 0x15, 0x15, 0x15, 0x17, 0x0A, 0x13, 0x12, 0x05,
    0x02, 0x02, 0x02, 0x01, 0x02, 0x06, 0x07, 0x02, 0x03, 0x02, 0x09, 0x08, 0x07, 0x03, 0x01, 0x01,
    0x01, 0x0B, 0x0E, 0x09, 0x4A, 0x14, 0x2E, 0x23, 0x1F, 0x09, 0x01, 0x01, 0x01, 0x0C, 0x3D, 0x1F,
    0x8B, 0x05, 0x09, 0x0D, 0x03, 0x06, 0x03, 0x06, 0x11, 0x01, 0x02, 0x01, 0x01, 0x01, 0x01, 0x09,
    0x06, 0x06, 0x07, 0x08, 0x0C, 0x0B, 0x0B, 0x09, 0x04, 0x09, 0x02, 0x0A, 0x07, 0x06, 0x0F, 0x1C,
    0x1C, 0x0F, 0x2C, 0x18, 0x2E, 0x15, 0x0F, 0x0A, 0x03, 0x04, 0x0A, 0x0A, 0x01, 0x11, 0x07, 0x0A,
    0x10, 0x03, 0x07, 0x01, 0x06, 0x0A, 0x06, 0xB8, 0x50, 0x28, 0x28, 0x50, 0x09, 0x06, 0x0A, 0x03,
    0x06, 0x01, 0x01, 0x02, 0x01, 0x01, 0x02, 0x02, 0x08, 0x09, 0x05, 0x0A, 0x05, 0x1D, 0x1D, 0x13,
    0x26, 0x2D, 0x58, 0x16, 0x2C, 0x2C, 0x16, 0x0C, 0x08, 0x04, 0x0E, 0x0D, 0x01, 0x02, 0x02, 0x01,
    0x01, 0x03, 0x09, 0x08, 0x0C, 0x01, 0x01, 0x01, 0x02, 0x07, 0x0A, 0x01, 0x01, 0x04, 0x03, 0x0E,
    0x02, 0x04, 0x05, 0x03, 0x0F, 0x14, 0x09, 0x14, 0x09, 0x03, 0x06, 0x06, 0x02, 0x0C, 0x05, 0x08,
    0x02, 0x05, 0x05, 0x0E, 0x12, 0x02, 0xD6, 0x0E, 0x07, 0x0A, 0x01, 0x03, 0x01, 0x02, 0x03, 0x05,
    0x02, 0x0C, 0x0A, 0x06, 0x04, 0x0D, 0x09, 0x08, 0x03, 0x05, 0x06, 0x02, 0x05, 0x0D, 0x08, 0x04,
    0x05, 0x02, 0x04, 0x04, 0x01, 0x02, 0x04, 0x08, 0x09, 0x07, 0xFE, 0xBB, 0x04, 0x02, 0x03, 0x14,
    0x08, 0x16, 0x11, 0x04, 0x04, 0x0C, 0x19, 0x07, 0x0D, 0x03, 0x11, 0x08, 0x07, 0x05, 0x01, 0x06,
    0x0A, 0x0B, 0x06, 0x09, 0x09, 0x09, 0x08, 0x03, 0x02, 0x01, 0x06, 0x02, 0x02, 0x01, 0x02, 0x02,
    0x02, 0x01, 0x02, 0x01, 0x06, 0x07, 0x04, 0x02, 0x02, 0x04, 0x01, 0x03, 0x04, 0x02, 0x01, 0x0D,
    0x03, 0x03, 0x04, 0x02, 0x02, 0x01, 0x0B, 0x02, 0x03, 0x01, 0x01, 0x01, 0x02, 0x02, 0x01, 0x01,
    0x01, 0x01, 0x02, 0x04, 0x05, 0x02, 0x06, 0x06, 0x13, 0x12, 0x04, 0x06, 0x03, 0x03, 0x04, 0x04,
    0x03, 0x02, 0x0D, 0x05, 0x18, 0x19, 0x01, 0x01, 0x01, 0x01, 0x01, 0x03, 0x02, 0x01, 0x05, 0x04,
    0x0A, 0x0A, 0x09, 0x1A, 0x10, 0x12, 0x01, 0x01, 0x01, 0x02, 0x04, 0x0F, 0x0C, 0x0C, 0x09, 0x01,
    0x01, 0x02, 0x03, 0x08, 0x02, 0x03, 0x04, 0x01, 0x01, 0x02, 0x01, 0x02, 0x08, 0x04, 0x06, 0x0C,
    0xF0, 0x10, 0x12, 0x13, 0x07, 0x03, 0x01, 0x01, 0x01, 0x01, 0x01, 0x01, 0x02, 0x02, 0x01, 0x02,
    0x01, 0x01, 0x01, 0x01, 0x01, 0x04, 0x06, 0x08, 0x0C, 0x07, 0x0A, 0x07, 0x0A, 0x1B, 0x09, 0x0A,
    0x01, 0x01, 0x01, 0x01, 0x01, 0x01, 0x01, 0x01, 0x01, 0x03, 0x01, 0x04, 0x01, 0x03, 0x03, 0x02,
    0x03, 0x02, 0x03, 0x04, 0x05, 0x0A, 0x04, 0x07, 0x07, 0x03, 0x06, 0x05, 0x0B, 0x01, 0x03, 0x05,
    0x05, 0x03, 0x02, 0x0F, 0x22, 0x12, 0x17, 0x1C, 0x02, 0x05, 0x02, 0x01, 0x02, 0x02, 0x03, 0x02,
    0x04, 0x03, 0x04, 0x06, 0x03, 0x05, 0x01, 0x0A, 0x0B, 0x08, 0x06, 0x04, 0x04, 0x06, 0x04, 0x06,
    0x03, 0x06, 0x0B, 0x09, 0x03, 0x03, 0x03, 0x03, 0x04, 0x03, 0x1E, 0x05, 0x0B, 0x18, 0x0B, 0x01,
    0x03, 0x08, 0x08, 0x09, 0x04, 0x0B, 0x10, 0x06, 0x09, 0x09, 0x01, 0x03, 0x09, 0x09, 0x05, 0x08,
    0x05, 0x04, 0x04, 0x02, 0x0D, 0x09, 0x09, 0x5F, 0x2F, 0x60, 0x30, 0x0E, 0x02, 0x02, 0x02, 0x01,
    0x04, 0x02, 0x3C, 0x27, 0x1A, 0x36, 0x1A, 0x23, 0x2D, 0x01, 0x01, 0x02, 0x02, 0x02, 0x03, 0x0A,
    0x0E, 0x09, 0x0B, 0x0A, 0x04, 0x06, 0x07, 0x03, 0x04, 0x02, 0x03, 0x07, 0x07, 0x05, 0x05, 0x06,
    0x05, 0x07, 0x0F, 0x02, 0x01, 0x01, 0x02, 0x02, 0x01, 0x02, 0x02, 0x02, 0x03, 0x02, 0x02, 0x01,
    0x03, 0x14, 0x0D, 0x12, 0x08, 0x03, 0x01, 0x02, 0x07, 0x05, 0x02, 0x02, 0x01, 0x01, 0x04, 0x01,
    0x02, 0x03, 0x06, 0x07, 0x01, 0x05, 0x05, 0x03, 0x05, 0x0C, 0x08, 0x01, 0x01, 0x05, 0x02, 0x01,
    0x01, 0x01, 0x01, 0x01, 0x04, 0x01, 0x08, 0x04, 0x05, 0x25, 0x0D, 0x13, 0x1C, 0x01, 0x04, 0x03,
    0x05, 0x05, 0x02, 0x05, 0x0B, 0x10, 0x0A, 0x0D, 0x0E, 0x09, 0x0A, 0x07, 0x02, 0x01, 0x01, 0x03,
    0x04, 0x03, 0x04, 0x02, 0x01, 0x01, 0x02, 0x02, 0x01, 0x02, 0x05, 0x06, 0x03, 0x04, 0x02, 0x02,
    0x02, 0x12, 0x18, 0x03, 0x12, 0x0C, 0x06, 0x01, 0x12, 0x0C, 0x05, 0x02, 0x05, 0x04, 0x01, 0x01,
    0x03, 0x04, 0x01, 0x03, 0x03, 0x02, 0x03, 0x02, 0x01, 0x01, 0x02, 0x01, 0x01, 0x01, 0x02, 0x08,
    0x01, 0xFE, 0x6E, 0x0B, 0x12, 0x0F, 0x02, 0x02, 0x12, 0x13, 0x02, 0x01, 0x00, 0x02, 0x00, 0x5F,
    0x00, 0x27, 0x04, 0xCB, 0x03, 0x59, 0x00, 0x10, 0x00, 0xCC, 0x00, 0x00, 0x01, 0x32, 0x07, 0x06,
    0x07, 0x06, 0x27, 0x23, 0x22, 0x27, 0x26, 0x3D, 0x01, 0x34, 0x37, 0x36, 0x33, 0x25, 0x26, 0x27,
    0x26, 0x07, 0x26, 0x27, 0x26, 0x27, 0x34, 0x27, 0x26, 0x27, 0x26, 0x23, 0x06, 0x27, 0x26, 0x27,
    0x26, 0x27, 0x26, 0x27, 0x26, 0x27, 0x26, 0x07, 0x06, 0x23, 0x26, 0x27, 0x26, 0x27, 0x26, 0x27,
    0x26, 0x27, 0x26, 0x07, 0x06, 0x07, 0x06, 0x07, 0x27, 0x06, 0x07, 0x06, 0x15, 0x06, 0x17, 0x14,
    0x17, 0x26, 0x23, 0x06, 0x23, 0x22, 0x27, 0x26, 0x07, 0x27, 0x26, 0x27, 0x22, 0x27, 0x26, 0x27,
    0x26, 0x27, 0x26, 0x27, 0x26, 0x27, 0x06, 0x07, 0x06, 0x07, 0x06, 0x07, 0x06, 0x17, 0x16, 0x15,
    0x14, 0x07, 0x06, 0x17, 0x16, 0x17, 0x16, 0x07, 0x06, 0x07, 0x06, 0x07, 0x06, 0x07, 0x06, 0x07,
    0x06, 0x07, 0x06, 0x07, 0x06, 0x07, 0x06, 0x17, 0x16, 0x17, 0x16, 0x17, 0x16, 0x17, 0x16, 0x17,
    0x16, 0x17, 0x16, 0x17, 0x16, 0x17, 0x16, 0x17, 0x16, 0x17, 0x16, 0x37, 0x36, 0x33, 0x32, 0x37,
    0x36, 0x17, 0x16, 0x35, 0x26, 0x37, 0x36, 0x3F, 0x01, 0x36, 0x37, 0x36, 0x37, 0x36, 0x3B, 0x01,
    0x32, 0x37, 0x36, 0x37, 0x14, 0x17, 0x16, 0x17, 0x36, 0x3B, 0x01, 0x32, 0x37, 0x36, 0x17, 0x16,
    0x37, 0x36, 0x27, 0x26, 0x35, 0x34, 0x17, 0x16, 0x33, 0x32, 0x37, 0x36, 0x37, 0x36, 0x37, 0x36,
    0x37, 0x36, 0x37, 0x36, 0x37, 0x36, 0x37, 0x36, 0x37, 0x02, 0x59, 0x17, 0x07, 0x07, 0x08, 0x11,
    0x17, 0x2D, 0x07, 0x05, 0x04, 0x04, 0x04, 0x08, 0x02, 0xBE, 0x0D, 0x08, 0x06, 0x0F, 0x11, 0x12,
    0x0F, 0x17, 0x01, 0x02, 0x04, 0x05, 0x0E, 0x0B, 0x0A, 0x0C, 0x07, 0x08, 0x0E, 0x1C, 0x0F, 0x14,
    0x17, 0x08, 0x09, 0x07, 0x09, 0x0C, 0x06, 0x04, 0x06, 0x07, 0x02, 0x1B, 0x09, 0x0C, 0x1A, 0x04,
    0x06, 0x09, 0x02, 0x14, 0x0A, 0x05, 0x05, 0x01, 0x01, 0x01, 0x22, 0x1F, 0x16, 0x2C, 0x30, 0x17,
    0x22, 0x24, 0x06, 0x23, 0x20, 0x25, 0x1D, 0x14, 0x0C, 0x11, 0x0D, 0x07, 0x18, 0x18, 0x0C, 0x01,
    0x0B, 0x0C, 0x07, 0x11, 0x06, 0x06, 0x01, 0x01, 0x02, 0x02, 0x0B, 0x0D, 0x17, 0x17, 0x02, 0x09,
    0x11, 0x0F, 0x0C, 0x05, 0x08, 0x02, 0x04, 0x05, 0x03, 0x03, 0x05, 0x05, 0x03, 0x0A, 0x09, 0x07,
    0x1A, 0x18, 0x17, 0x06, 0x0C, 0x0C, 0x06, 0x18, 0x0C, 0x07, 0x10, 0x10, 0x07, 0x08, 0x0F, 0x10,
    0x07, 0x08, 0x08, 0x03, 0x05, 0x05, 0x02, 0x08, 0x10, 0x0F, 0x07, 0x05, 0x05, 0x0D, 0x0F, 0x06,
    0x10, 0x06, 0x06, 0x06, 0x11, 0x75, 0x0A, 0x08, 0x0A, 0x07, 0x03, 0x01, 0x06, 0x1C, 0x1E, 0x3A,
    0x27, 0x14, 0x1A, 0x21, 0x0A, 0x04, 0x05, 0x01, 0x01, 0x45, 0x2E, 0x23, 0x11, 0x11, 0x06, 0x0B,
    0x0B, 0x04, 0x08, 0x10, 0x11, 0x05, 0x1B, 0x04, 0x05, 0x09, 0x07, 0x03, 0x02, 0x3E, 0x1E, 0x1D,
    0x08, 0x10, 0x02, 0x05, 0x04, 0x08, 0x30, 0x08, 0x04, 0x04, 0xB8, 0x04, 0x02, 0x01, 0x03, 0x08,
    0x07, 0x05, 0x07, 0x04, 0x02, 0x04, 0x01, 0x01, 0x01, 0x03, 0x08, 0x04, 0x04, 0x03, 0x06, 0x04,
    0x05, 0x02, 0x01, 0x03, 0x04, 0x02, 0x03, 0x02, 0x02, 0x02, 0x01, 0x09, 0x02, 0x03, 0x02, 0x01,
    0x0D, 0x10, 0x02, 0x04, 0x01, 0x04, 0x03, 0x04, 0x05, 0x01, 0x04, 0x02, 0x08, 0x01, 0x01, 0x01,
    0x09, 0x0E, 0x05, 0x01, 0x04, 0x02, 0x02, 0x03, 0x06, 0x09, 0x02, 0x01, 0x02, 0x01, 0x09, 0x09,
    0x05, 0x0E, 0x12, 0x15, 0x16, 0x10, 0x1C, 0x09, 0x22, 0x1A, 0x0F, 0x12, 0x0F, 0x0F, 0x1B, 0x29,
    0x39, 0x32, 0x31, 0x13, 0x24, 0x09, 0x12, 0x13, 0x0A, 0x0A, 0x14, 0x15, 0x0B, 0x22, 0x1D, 0x18,
    0x08, 0x07, 0x05, 0x01, 0x03, 0x04, 0x02, 0x06, 0x02, 0x02, 0x03, 0x04, 0x01, 0x01, 0x03, 0x04,
    0x02, 0x02, 0x02, 0x01, 0x01, 0x01, 0x03, 0x05, 0x11, 0x32, 0x34, 0x30, 0x34, 0x3C, 0x18, 0x21,
    0x0E, 0x13, 0x14, 0x07, 0x09, 0x0D, 0x06, 0x05, 0x04, 0x06, 0x06, 0x01, 0x01, 0x05, 0x01, 0x08,
    0x08, 0x10, 0x15, 0x16, 0x0E, 0x01, 0x01, 0x07, 0x02, 0x03, 0x04, 0x01, 0x02, 0x05, 0x05, 0x01,
    0x08, 0x15, 0x22, 0x36, 0x27, 0x30, 0x00, 0x00, 0x00, 0x01, 0x00, 0x54, 0x00, 0x5A, 0x01, 0x80,
    0x03, 0x26, 0x00, 0x4A, 0x00, 0x00, 0x13, 0x07, 0x23, 0x22, 0x07, 0x06, 0x1D, 0x01, 0x17, 0x15,
    0x33, 0x15, 0x23, 0x15, 0x33, 0x15, 0x23, 0x15, 0x33, 0x15, 0x23, 0x15, 0x07, 0x15, 0x14, 0x17,
    0x16, 0x3B, 0x01, 0x32, 0x37, 0x36, 0x3D, 0x01, 0x27, 0x35, 0x23, 0x35, 0x33, 0x35, 0x23, 0x35,
    0x33, 0x35, 0x23, 0x35, 0x33, 0x35, 0x37, 0x35, 0x17, 0x11, 0x07, 0x06, 0x07, 0x06, 0x07, 0x06,
    0x07, 0x06, 0x1F, 0x01, 0x37, 0x11, 0x27, 0x23, 0x07, 0x06, 0x07, 0x06, 0x15, 0x14, 0x17, 0x16,
    0x17, 0x95, 0x22, 0x0F, 0x08, 0x04, 0x04, 0x1A, 0x0C, 0x0C, 0x0C, 0x0C, 0x0C, 0x0C, 0x1A, 0x04,
    0x04, 0x08, 0xC9, 0x08, 0x04, 0x03, 0x1B, 0x0B, 0x0B, 0x0B, 0x0B, 0x0B, 0x0B, 0x1B, 0x2E, 0x10,
    0x06, 0x0A, 0x05, 0x06, 0x05, 0x01, 0x02, 0x03, 0x11, 0x35, 0x69, 0x7C, 0x17, 0x05, 0x02, 0x03,
    0x07, 0x08, 0x0C, 0x02, 0xC9, 0x1E, 0x04, 0x04, 0x07, 0x49, 0x19, 0x35, 0x36, 0x38, 0x36, 0x39,
    0x36, 0x34, 0x2E, 0x27, 0x08, 0x03, 0x04, 0x04, 0x03, 0x08, 0x27, 0x2E, 0x34, 0x36, 0x39, 0x36,
    0x38, 0x36, 0x35, 0x19, 0x35, 0x1A, 0xFE, 0xC3, 0x08, 0x03, 0x06, 0x03, 0x06, 0x05, 0x04, 0x06,
    0x04, 0x03, 0x1A, 0x01, 0x63, 0xA8, 0x03, 0x02, 0x05, 0x04, 0x08, 0x0B, 0x06, 0x08, 0x01, 0x00,
    0x00, 0x01, 0x00, 0x59, 0x00, 0x5A, 0x02, 0x72, 0x03, 0x26, 0x00, 0xE0, 0x00, 0x00, 0x01, 0x31,
    0x26, 0x27, 0x26, 0x27, 0x26, 0x27, 0x26, 0x27, 0x26, 0x27, 0x26, 0x27, 0x26, 0x37, 0x36, 0x35,
    0x34, 0x27, 0x26, 0x27, 0x23, 0x22, 0x15, 0x14, 0x17, 0x14, 0x07, 0x14, 0x27, 0x23, 0x22, 0x07,
    0x06, 0x23, 0x22, 0x07, 0x06, 0x07, 0x14, 0x07, 0x06, 0x15, 0x06, 0x07, 0x06, 0x0F, 0x01, 0x14,
    0x17, 0x16, 0x17, 0x16, 0x37, 0x33, 0x14, 0x07, 0x06, 0x33, 0x32, 0x15, 0x14, 0x07, 0x06, 0x27,
    0x26, 0x07, 0x06, 0x07, 0x06, 0x07, 0x06, 0x07, 0x06, 0x07, 0x06, 0x07, 0x06, 0x07, 0x06, 0x17,
    0x16, 0x17, 0x16, 0x17, 0x16, 0x17, 0x16, 0x1F, 0x01, 0x16, 0x17, 0x16, 0x17, 0x16, 0x17, 0x16,
    0x1F, 0x01, 0x16, 0x37, 0x36, 0x37, 0x36, 0x37, 0x36, 0x37, 0x36, 0x37, 0x36, 0x37, 0x36, 0x27,
    0x26, 0x27, 0x26, 0x27, 0x26, 0x27, 0x26, 0x27, 0x26, 0x27, 0x26, 0x27, 0x22, 0x27, 0x26, 0x27,
    0x22, 0x27, 0x22, 0x27, 0x26, 0x37, 0x36, 0x35, 0x34, 0x27, 0x26, 0x37, 0x36, 0x17, 0x16, 0x33,
    0x16, 0x37, 0x36, 0x17, 0x16, 0x17, 0x16, 0x17, 0x16, 0x17, 0x16, 0x17, 0x16, 0x17, 0x16, 0x17,
    0x16, 0x17, 0x16, 0x17, 0x16, 0x17, 0x14, 0x17, 0x16, 0x17, 0x16, 0x17, 0x16, 0x17, 0x16, 0x15,
    0x16, 0x15, 0x06, 0x15, 0x14, 0x17, 0x16, 0x07, 0x06, 0x07, 0x06, 0x17, 0x16, 0x33, 0x16, 0x37,
    0x36, 0x37, 0x36, 0x37, 0x36, 0x27, 0x26, 0x35, 0x34, 0x27, 0x26, 0x37, 0x36, 0x27, 0x26, 0x27,
    0x26, 0x27, 0x26, 0x27, 0x26, 0x27, 0x26, 0x27, 0x26, 0x27, 0x26, 0x27, 0x26, 0x27, 0x26, 0x01,
    0xFD, 0x0F, 0x04, 0x04, 0x0B, 0x05, 0x01, 0x01, 0x07, 0x03, 0x02, 0x03, 0x02, 0x03, 0x02, 0x02,
    0x03, 0x05, 0x07, 0x0B, 0x08, 0x01, 0x01, 0x12, 0x7B, 0x09, 0x04, 0x05, 0x09, 0x05, 0x08, 0x06,
    0x03, 0x01, 0x01, 0x01, 0x02, 0x02, 0x01, 0x03, 0x02, 0x02, 0x04, 0x0B, 0x0A, 0x15, 0x01, 0x02,
    0x08, 0x0A, 0x02, 0x01, 0x10, 0x10, 0x09, 0x0E, 0x12, 0x0B, 0x16, 0x10, 0x09, 0x09, 0x0B, 0x14,
    0x09, 0x08, 0x02, 0x01, 0x0A, 0x0B, 0x14, 0x04, 0x07, 0x02, 0x04, 0x05, 0x02, 0x0A, 0x05, 0x06,
    0x0B, 0x08, 0x09, 0x0C, 0x18, 0x0C, 0x24, 0x13, 0x18, 0x17, 0x13, 0x3E, 0x19, 0x2D, 0x1C, 0x1A,
    0x0E, 0x0F, 0x05, 0x03, 0x03, 0x05, 0x07, 0x07, 0x05, 0x06, 0x10, 0x11, 0x09, 0x11, 0x10, 0x05,
    0x0F, 0x04, 0x07, 0x07, 0x04, 0x08, 0x05, 0x05, 0x08, 0x08, 0x01, 0x01, 0x01, 0x01, 0x04, 0x06,
    0x0E, 0x09, 0x0C, 0x09, 0x0D, 0x0A, 0x0B, 0x03, 0x02, 0x02, 0x03, 0x01, 0x03, 0x04, 0x02, 0x02,
    0x02, 0x03, 0x01, 0x04, 0x0D, 0x08, 0x0B, 0x04, 0x02, 0x04, 0x05, 0x03, 0x04, 0x01, 0x0B, 0x04,
    0x03, 0x01, 0x01, 0x02, 0x01, 0x03, 0x02, 0x05, 0x07, 0x02, 0x02, 0x07, 0x07, 0x04, 0x06, 0x04,
    0x03, 0x01, 0x02, 0x01, 0x01, 0x03, 0x03, 0x03, 0x01, 0x03, 0x06, 0x07, 0x07, 0x09, 0x03, 0x05,
    0x05, 0x02, 0x01, 0x06, 0x06, 0x03, 0x06, 0x0E, 0x0A, 0x07, 0x0B, 0x02, 0x96, 0x11, 0x14, 0x14,
    0x11, 0x08, 0x08, 0x08, 0x07, 0x03, 0x01, 0x02, 0x03, 0x03, 0x03, 0x02, 0x03, 0x08, 0x05, 0x04,
    0x02, 0x05, 0x07, 0x03, 0x08, 0x03, 0x02, 0x01, 0x04, 0x05, 0x02, 0x03, 0x07, 0x02, 0x01, 0x01,
    0x01, 0x01, 0x04, 0x04, 0x01, 0x06, 0x04, 0x04, 0x04, 0x01, 0x04, 0x01, 0x20, 0x2B, 0x42, 0x14,
    0x12, 0x0A, 0x0D, 0x03, 0x02, 0x03, 0x05, 0x05, 0x03, 0x08, 0x06, 0x09, 0x07, 0x0F, 0x1B, 0x1E,
    0x1D, 0x23, 0x2A, 0x27, 0x28, 0x24, 0x07, 0x05, 0x02, 0x03, 0x04, 0x02, 0x0A, 0x06, 0x04, 0x06,
    0x07, 0x07, 0x05, 0x08, 0x03, 0x0C, 0x06, 0x02, 0x02, 0x04, 0x10, 0x07, 0x0C, 0x24, 0x21, 0x20,
    0x21, 0x27, 0x1A, 0x16, 0x15, 0x18, 0x13, 0x14, 0x13, 0x0F, 0x11, 0x05, 0x09, 0x04, 0x01, 0x04,
    0x01, 0x01, 0x01, 0x01, 0x02, 0x05, 0x0A, 0x07, 0x0B, 0x09, 0x07, 0x0A, 0x03, 0x06, 0x01, 0x01,
    0x01, 0x01, 0x01, 0x05, 0x02, 0x06, 0x07, 0x03, 0x02, 0x04, 0x04, 0x02, 0x02, 0x04, 0x04, 0x02,
    0x06, 0x17, 0x11, 0x09, 0x03, 0x06, 0x07, 0x04, 0x05, 0x07, 0x0E, 0x02, 0x2A, 0x2A, 0x2B, 0x2C,
    0x11, 0x21, 0x11, 0x22, 0x05, 0x0A, 0x08, 0x09, 0x05, 0x03, 0x03, 0x08, 0x05, 0x01, 0x01, 0x01,
    0x06, 0x04, 0x07, 0x1D, 0x0F, 0x0F, 0x1D, 0x2F, 0x2E, 0x2E, 0x2F, 0x0E, 0x11, 0x11, 0x0C, 0x0B,
    0x13, 0x05, 0x0B, 0x0B, 0x05, 0x03, 0x0F, 0x0F, 0x08, 0x0E, 0x1A, 0x14, 0x0A, 0x10, 0x00, 0x00,
    0x00, 0x03, 0x00, 0x5E, 0x00, 0x5A, 0x01, 0xA3, 0x03, 0x26, 0x00, 0x87, 0x00, 0xB4, 0x00, 0xE1,
    0x00, 0x00, 0x01, 0x15, 0x06, 0x07, 0x06, 0x23, 0x06, 0x23, 0x22, 0x35, 0x26, 0x35, 0x34, 0x37,
    0x36, 0x35, 0x11, 0x34, 0x37, 0x36, 0x27, 0x26, 0x27, 0x26, 0x27, 0x26, 0x27, 0x26, 0x27, 0x26,
    0x27, 0x26, 0x27, 0x11, 0x0F, 0x01, 0x06, 0x07, 0x06, 0x07, 0x06, 0x07, 0x06, 0x27, 0x26, 0x27,
    0x26, 0x35, 0x11, 0x26, 0x37, 0x36, 0x37, 0x36, 0x37, 0x36, 0x35, 0x34, 0x37, 0x36, 0x3D, 0x01,
    0x34, 0x2B, 0x01, 0x22, 0x37, 0x36, 0x37, 0x36, 0x17, 0x16, 0x3B, 0x01, 0x32, 0x33, 0x36, 0x33,
    0x36, 0x33, 0x36, 0x07, 0x36, 0x37, 0x36, 0x37, 0x33, 0x32, 0x17, 0x16, 0x07, 0x06, 0x17, 0x16,
    0x37, 0x36, 0x1D, 0x01, 0x16, 0x17, 0x16, 0x17, 0x16, 0x17, 0x16, 0x17, 0x14, 0x1F, 0x01, 0x16,
    0x17, 0x16, 0x15, 0x14, 0x17, 0x16, 0x17, 0x14, 0x17, 0x16, 0x1F, 0x02, 0x16, 0x1D, 0x01, 0x14,
    0x17, 0x16, 0x17, 0x16, 0x17, 0x16, 0x15, 0x06, 0x15, 0x03, 0x35, 0x06, 0x07, 0x06, 0x07, 0x06,
    0x07, 0x06, 0x27, 0x26, 0x27, 0x26, 0x27, 0x26, 0x27, 0x26, 0x27, 0x15, 0x06, 0x17, 0x16, 0x33,
    0x16, 0x17, 0x16, 0x17, 0x16, 0x17, 0x16, 0x37, 0x32, 0x33, 0x36, 0x37, 0x36, 0x37, 0x32, 0x37,
    0x36, 0x33, 0x36, 0x37, 0x36, 0x35, 0x11, 0x35, 0x06, 0x07, 0x22, 0x07, 0x06, 0x07, 0x06, 0x07,
    0x06, 0x27, 0x26, 0x27, 0x26, 0x27, 0x26, 0x27, 0x15, 0x06, 0x17, 0x16, 0x17, 0x16, 0x17, 0x16,
    0x17, 0x16, 0x17, 0x16, 0x37, 0x36, 0x37, 0x36, 0x37, 0x36, 0x37, 0x36, 0x37, 0x36, 0x37, 0x36,
    0x37, 0x36, 0x35, 0x01, 0xA2, 0x02, 0x06, 0x01, 0x02, 0x01, 0x04, 0x07, 0x01, 0x03, 0x03, 0x03,
    0x02, 0x05, 0x04, 0x01, 0x06, 0x01, 0x02, 0x04, 0x06, 0x01, 0x04, 0x03, 0x03, 0x06, 0x01, 0x05,
    0x0D, 0x0D, 0x12, 0x0C, 0x27, 0x2B, 0x29, 0x28, 0x06, 0x11, 0x11, 0x0A, 0x19, 0x19, 0x09, 0x04,
    0x0D, 0x0B, 0x03, 0x03, 0x0C, 0x0E, 0x03, 0x06, 0x05, 0x09, 0x06, 0x05, 0x04, 0x07, 0x32, 0x02,
    0x04, 0x04, 0x08, 0x08, 0x07, 0x1A, 0x02, 0x06, 0x04, 0x05, 0x05, 0x06, 0x04, 0x01, 0x01, 0x01,
    0x02, 0x02, 0x02, 0x03, 0x02, 0x01, 0x02, 0x03, 0x02, 0x01, 0x03, 0x03, 0x01, 0x01, 0x03, 0x03,
    0x03, 0x04, 0x03, 0x07, 0x02, 0x07, 0x04, 0x01, 0x04, 0x05, 0x03, 0x03, 0x03, 0x04, 0x04, 0x01,
    0x03, 0x01, 0x45, 0x0B, 0x14, 0x14, 0x0B, 0x07, 0x15, 0x0E, 0x0F, 0x0B, 0x14, 0x15, 0x0A, 0x0B,
    0x14, 0x14, 0x0B, 0x01, 0x01, 0x02, 0x03, 0x14, 0x28, 0x0A, 0x13, 0x14, 0x09, 0x05, 0x0C, 0x03,
    0x05, 0x05, 0x03, 0x18, 0x0C, 0x06, 0x0B, 0x0B, 0x06, 0x0E, 0x01, 0x02, 0x0B, 0x14, 0x05, 0x0A,
    0x0A, 0x06, 0x12, 0x0A, 0x12, 0x0B, 0x0B, 0x14, 0x15, 0x0A, 0x27, 0x17, 0x01, 0x01, 0x02, 0x03,
    0x14, 0x28, 0x0A, 0x13, 0x13, 0x0A, 0x05, 0x0C, 0x06, 0x0A, 0x06, 0x0C, 0x0C, 0x06, 0x06, 0x0B,
    0x0B, 0x06, 0x0C, 0x03, 0x02, 0x01, 0xA4, 0xEC, 0x0A, 0x04, 0x01, 0x01, 0x01, 0x01, 0x07, 0x07,
    0x03, 0x01, 0x05, 0x01, 0x49, 0x0C, 0x12, 0x11, 0x0B, 0x07, 0x02, 0x06, 0x02, 0x03, 0x08, 0x09,
    0x01, 0x04, 0x06, 0x05, 0x05, 0xFE, 0x01, 0x03, 0x03, 0x09, 0x04, 0x07, 0x01, 0x08, 0x02, 0x02,
    0x11, 0x01, 0x08, 0x08, 0x06, 0x01, 0xFF, 0x15, 0x03, 0x01, 0x02, 0x01, 0x02, 0x02, 0x03, 0x09,
    0x06, 0x05, 0x07, 0x28, 0x01, 0x15, 0x14, 0x03, 0x02, 0x01, 0x01, 0x01, 0x01, 0x02, 0x0A, 0x0A,
    0x06, 0x08, 0x02, 0x01, 0x01, 0x04, 0x04, 0x02, 0x05, 0x02, 0x01, 0x02, 0x04, 0x03, 0x07, 0x07,
    0x03, 0x04, 0x07, 0x07, 0x03, 0x01, 0x03, 0x05, 0x07, 0x03, 0x04, 0x08, 0x08, 0x03, 0x07, 0x0D,
    0x0D, 0x07, 0x06, 0x04, 0x0C, 0x05, 0x04, 0x02, 0x0A, 0x04, 0x04, 0x08, 0x04, 0x05, 0x09, 0x0C,
    0x0F, 0x0A, 0x13, 0xFE, 0xF9, 0x03, 0x01, 0x02, 0x02, 0x01, 0x01, 0x04, 0x03, 0x02, 0x01, 0x02,
    0x02, 0x01, 0x01, 0x02, 0x02, 0x01, 0x23, 0x02, 0x01, 0x01, 0x03, 0x04, 0x01, 0x03, 0x03, 0x01,
    0x01, 0x02, 0x01, 0x01, 0x04, 0x01, 0x02, 0x02, 0x02, 0x01, 0x02, 0x0C, 0x01, 0x47, 0x04, 0x01,
    0x02, 0x01, 0x02, 0x01, 0x02, 0x02, 0x03, 0x01, 0x01, 0x02, 0x02, 0x01, 0x04, 0x03, 0x24, 0x01,
    0x01, 0x01, 0x01, 0x03, 0x04, 0x01, 0x02, 0x03, 0x02, 0x01, 0x02, 0x01, 0x02, 0x01, 0x01, 0x01,
    0x01, 0x01, 0x01, 0x01, 0x01, 0x01, 0x03, 0x02, 0x0B, 0x00, 0x00, 0x00, 0x00, 0x02, 0x00, 0x59,
    0x00, 0x40, 0x02, 0x61, 0x03, 0x40, 0x00, 0x62, 0x00, 0x8F, 0x00, 0x00, 0x01, 0x3F, 0x01, 0x27,
    0x26, 0x27, 0x26, 0x27, 0x26, 0x27, 0x26, 0x27, 0x06, 0x07, 0x06, 0x17, 0x16, 0x17, 0x16, 0x07,
    0x06, 0x27, 0x26, 0x2F, 0x02, 0x26, 0x27, 0x26, 0x27, 0x26, 0x27, 0x26, 0x27, 0x26, 0x27, 0x26,
    0x27, 0x06, 0x07, 0x06, 0x15, 0x06, 0x17, 0x16, 0x1F, 0x01, 0x16, 0x17, 0x16, 0x15, 0x16, 0x0F,
    0x01, 0x2F, 0x01, 0x26, 0x27, 0x26, 0x2F, 0x01, 0x16, 0x15, 0x14, 0x0F, 0x01, 0x06, 0x17, 0x14,
    0x1F, 0x01, 0x37, 0x23, 0x3F, 0x01, 0x17, 0x32, 0x17, 0x16, 0x17, 0x16, 0x1F, 0x02, 0x0F, 0x02,
    0x36, 0x37, 0x36, 0x3F, 0x01, 0x36, 0x37, 0x36, 0x27, 0x26, 0x27, 0x26, 0x0F, 0x02, 0x06, 0x07,
    0x06, 0x07, 0x06, 0x07, 0x06, 0x07, 0x03, 0x07, 0x06, 0x27, 0x26, 0x27, 0x26, 0x27, 0x26, 0x27,
    0x26, 0x27, 0x26, 0x27, 0x26, 0x37, 0x13, 0x36, 0x37, 0x36, 0x3F, 0x03, 0x35, 0x23, 0x37, 0x17,
    0x16, 0x17, 0x16, 0x1F, 0x02, 0x02, 0x4E, 0x0B, 0x08, 0x01, 0x02, 0x07, 0x08, 0x0B, 0x09, 0x08,
    0x05, 0x03, 0x08, 0x02, 0x01, 0x07, 0x07, 0x01, 0x02, 0x02, 0x02, 0x03, 0x03, 0x03, 0x0C, 0x08,
    0x02, 0x04, 0x04, 0x08, 0x0F, 0x0E, 0x0D, 0x03, 0x09, 0x04, 0x04, 0x02, 0x06, 0x01, 0x03, 0x01,
    0x02, 0x02, 0x02, 0x17, 0x03, 0x04, 0x04, 0x03, 0x01, 0x0F, 0x01, 0x04, 0x03, 0x05, 0x04, 0x07,
    0x0C, 0x04, 0x04, 0x0C, 0x03, 0x01, 0x05, 0x0D, 0x17, 0x04, 0x0A, 0x22, 0x16, 0x01, 0x0C, 0x03,
    0x04, 0x04, 0x03, 0x19, 0x07, 0x24, 0x05, 0x09, 0x07, 0x0C, 0x0A, 0x04, 0x22, 0x04, 0x02, 0x01,
    0x03, 0x03, 0x02, 0x01, 0x38, 0x05, 0x44, 0x03, 0x01, 0x03, 0x03, 0x02, 0x06, 0x05, 0x09, 0xB6,
    0x0A, 0x0E, 0x0E, 0x0F, 0x10, 0x10, 0x0D, 0x11, 0x0A, 0x0B, 0x0A, 0x06, 0x04, 0x03, 0x02, 0xB6,
    0x08, 0x10, 0x13, 0x14, 0x1F, 0x13, 0x53, 0x01, 0x1F, 0x0F, 0x04, 0x08, 0x08, 0x05, 0x16, 0x05,
    0x02, 0x86, 0x11, 0x19, 0x15, 0x0C, 0x0A, 0x0C, 0x09, 0x09, 0x0A, 0x05, 0x08, 0x0D, 0x0B, 0x0C,
    0x0A, 0x0C, 0x04, 0x06, 0x02, 0x02, 0x01, 0x01, 0x05, 0x10, 0x16, 0x07, 0x04, 0x04, 0x02, 0x05,
    0x06, 0x05, 0x03, 0x09, 0x0A, 0x09, 0x0B, 0x06, 0x0A, 0x0A, 0x13, 0x0D, 0x0F, 0x0D, 0x03, 0x1D,
    0x04, 0x07, 0x07, 0x01, 0x0A, 0x04, 0x22, 0x0B, 0x1C, 0x07, 0x07, 0x06, 0x03, 0x05, 0x0C, 0x0B,
    0x0A, 0x07, 0x17, 0x0A, 0x0A, 0x0B, 0x0F, 0x1B, 0x1C, 0x0E, 0x2F, 0x02, 0x05, 0x02, 0x03, 0x03,
    0x01, 0x18, 0x12, 0x32, 0x01, 0x10, 0x01, 0x06, 0x06, 0x05, 0x28, 0x07, 0x09, 0x07, 0x05, 0x02,
    0x08, 0x04, 0x4B, 0x01, 0x6F, 0x05, 0x0C, 0x0D, 0x1C, 0x15, 0x16, 0x11, 0x0E, 0xFF, 0x00, 0x03,
    0x02, 0x04, 0x04, 0x08, 0x08, 0x0A, 0x0C, 0x0A, 0x0B, 0x0F, 0x0A, 0x0B, 0x08, 0x07, 0x01, 0x00,
    0x0D, 0x0A, 0x0D, 0x09, 0x0F, 0x0C, 0x65, 0x06, 0x2B, 0x01, 0x01, 0x04, 0x06, 0x03, 0x13, 0x0E,
    0x00, 0x02, 0x00, 0x09, 0x00, 0x86, 0x0B, 0x82, 0x02, 0xFA, 0x00, 0x1B, 0x00, 0xC5, 0x00, 0x00,
    0x01, 0x27, 0x07, 0x0E, 0x01, 0x07, 0x0E, 0x01, 0x17, 0x14, 0x16, 0x17, 0x1E, 0x01, 0x17, 0x33,
    0x3E, 0x01, 0x37, 0x3E, 0x01, 0x35, 0x34, 0x26, 0x27, 0x2E, 0x01, 0x27, 0x05, 0x0E, 0x01, 0x07,
    0x0E, 0x01, 0x07, 0x0E, 0x01, 0x07, 0x05, 0x07, 0x23, 0x35, 0x23, 0x2E, 0x01, 0x27, 0x2E, 0x01,
    0x23, 0x22, 0x06, 0x07, 0x0E, 0x01, 0x15, 0x23, 0x2E, 0x01, 0x27, 0x2E, 0x01, 0x23, 0x22, 0x06,
    0x07, 0x0E, 0x01, 0x15, 0x23, 0x34, 0x26, 0x27, 0x2E, 0x01, 0x23, 0x22, 0x06, 0x07, 0x0E, 0x01,
    0x07, 0x23, 0x2E, 0x01, 0x27, 0x2E, 0x01, 0x23, 0x22, 0x06, 0x07, 0x0E, 0x01, 0x07, 0x23, 0x2E,
    0x01, 0x27, 0x2E, 0x01, 0x23, 0x22, 0x06, 0x07, 0x0E, 0x01, 0x31, 0x23, 0x07, 0x23, 0x2E, 0x01,
    0x27, 0x2E, 0x01, 0x27, 0x26, 0x34, 0x3F, 0x01, 0x3C, 0x01, 0x37, 0x34, 0x36, 0x37, 0x3E, 0x01,
    0x3F, 0x01, 0x1F, 0x01, 0x37, 0x17, 0x1E, 0x01, 0x33, 0x32, 0x36, 0x3F, 0x01, 0x33, 0x17, 0x1E,
    0x01, 0x33, 0x32, 0x36, 0x37, 0x3E, 0x01, 0x3F, 0x01, 0x1F, 0x01, 0x1E, 0x01, 0x33, 0x32, 0x36,
    0x3F, 0x01, 0x33, 0x17, 0x1E, 0x01, 0x33, 0x32, 0x36, 0x3F, 0x01, 0x33, 0x17, 0x1E, 0x01, 0x33,
    0x32, 0x36, 0x37, 0x3E, 0x01, 0x35, 0x37, 0x33, 0x35, 0x33, 0x15, 0x33, 0x3E, 0x01, 0x37, 0x3E,
    0x01, 0x37, 0x0D, 0x01, 0x0E, 0x01, 0x09, 0xD2, 0x04, 0x3C, 0x03, 0x04, 0x02, 0x04, 0x04, 0x01,
    0x04, 0x05, 0x02, 0x05, 0x02, 0x43, 0x02, 0x03, 0x01, 0x03, 0x03, 0x06, 0x05, 0x02, 0x03, 0x01,
    0x01, 0x7D, 0x24, 0x52, 0x2F, 0x2D, 0x7B, 0x4D, 0x18, 0x30, 0x18, 0xFB, 0x2D, 0x01, 0x2B, 0x8A,
    0x01, 0x03, 0x02, 0x04, 0x08, 0x05, 0x05, 0x08, 0x04, 0x02, 0x02, 0x64, 0x01, 0x02, 0x02, 0x04,
    0x09, 0x05, 0x05, 0x08, 0x03, 0x02, 0x02, 0x63, 0x02, 0x02, 0x02, 0x07, 0x05, 0x04, 0x08, 0x04,
    0x01, 0x02, 0x01, 0x62, 0x01, 0x03, 0x01, 0x03, 0x07, 0x04, 0x05, 0x07, 0x02, 0x02, 0x03, 0x01,
    0x67, 0x01, 0x02, 0x01, 0x03, 0x07, 0x04, 0x04, 0x07, 0x03, 0x01, 0x02, 0x37, 0x29, 0xF2, 0x03,
    0x06, 0x02, 0x07, 0x07, 0x01, 0x01, 0x01, 0x02, 0x01, 0x04, 0x02, 0x04, 0x08, 0x05, 0x0A, 0xDF,
    0x2F, 0x34, 0x07, 0x02, 0x07, 0x04, 0x03, 0x08, 0x05, 0x08, 0x60, 0x07, 0x03, 0x09, 0x06, 0x04,
    0x08, 0x04, 0x01, 0x01, 0x01, 0x02, 0x5C, 0x05, 0x04, 0x08, 0x05, 0x04, 0x08, 0x04, 0x06, 0x62,
    0x05, 0x03, 0x07, 0x04, 0x04, 0x09, 0x04, 0x06, 0x63, 0x05, 0x04, 0x08, 0x04, 0x06, 0x09, 0x03,
    0x01, 0x02, 0x01, 0x8A, 0x2D, 0x72, 0x04, 0x06, 0x03, 0x04, 0x08, 0x05, 0x04, 0x1D, 0x02, 0x53,
    0x08, 0x1A, 0x01, 0xD1, 0x02, 0x01, 0x02, 0x05, 0x03, 0x05, 0x0A, 0x05, 0x06, 0x0A, 0x06, 0x02,
    0x04, 0x01, 0x01, 0x04, 0x02, 0x06, 0x0D, 0x06, 0x06, 0x0B, 0x04, 0x01, 0x03, 0x01, 0x3A, 0x1B,
    0x2C, 0x11, 0x10, 0x17, 0x06, 0x03, 0x03, 0x01, 0x02, 0x83, 0x9F, 0x01, 0x02, 0x02, 0x03, 0x02,
    0x03, 0x03, 0x01, 0x03, 0x01, 0x01, 0x03, 0x01, 0x03, 0x03, 0x03, 0x03, 0x01, 0x03, 0x01, 0x01,
    0x03, 0x01, 0x03, 0x03, 0x03, 0x03, 0x01, 0x03, 0x01, 0x01, 0x03, 0x02, 0x03, 0x03, 0x03, 0x03,
    0x02, 0x03, 0x01, 0x01, 0x03, 0x01, 0x03, 0x03, 0x02, 0x02, 0x01, 0x02, 0x11, 0x04, 0x0A, 0x06,
    0x0C, 0x10, 0x04, 0x05, 0x2C, 0x28, 0x4D, 0x01, 0x04, 0x03, 0x05, 0x09, 0x03, 0x03, 0x06, 0x03,
    0x04, 0x01, 0x11, 0x01, 0x06, 0x03, 0x03, 0x04, 0x04, 0x06, 0x06, 0x03, 0x04, 0x03, 0x03, 0x01,
    0x03, 0x01, 0x02, 0x01, 0x06, 0x04, 0x03, 0x04, 0x03, 0x06, 0x06, 0x03, 0x04, 0x03, 0x04, 0x06,
    0x07, 0x04, 0x04, 0x04, 0x04, 0x01, 0x02, 0x02, 0x02, 0xF0, 0xE2, 0x01, 0x01, 0x01, 0x03, 0x05,
    0x03, 0x04, 0x5C, 0x0A, 0x18, 0x00, 0x00, 0x00, 0x00, 0x05, 0x00, 0x00, 0xFF, 0xC9, 0x03, 0x40,
    0x03, 0xBB, 0x00, 0x9D, 0x00, 0xAF, 0x00, 0xC7, 0x00, 0xD8, 0x01, 0x02, 0x00, 0x00, 0x01, 0x2E,
    0x01, 0x27, 0x2E, 0x01, 0x31, 0x30, 0x26, 0x27, 0x2E, 0x01, 0x31, 0x30, 0x06, 0x07, 0x0E, 0x01,
    0x31, 0x30, 0x06, 0x07, 0x0E, 0x01, 0x31, 0x30, 0x06, 0x27, 0x2E, 0x01, 0x31, 0x30, 0x06, 0x07,
    0x0E, 0x01, 0x31, 0x30, 0x06, 0x07, 0x0E, 0x01, 0x31, 0x30, 0x06, 0x07, 0x06, 0x07, 0x0E, 0x01,
    0x07, 0x06, 0x15, 0x1E, 0x01, 0x17, 0x1E, 0x01, 0x31, 0x30, 0x06, 0x15, 0x14, 0x16, 0x17, 0x16,
    0x36, 0x37, 0x3E, 0x01, 0x31, 0x15, 0x30, 0x06, 0x07, 0x06, 0x16, 0x15, 0x14, 0x36, 0x31, 0x37,
    0x30, 0x14, 0x15, 0x14, 0x06, 0x17, 0x1E, 0x01, 0x17, 0x16, 0x36, 0x37, 0x3E, 0x01, 0x35, 0x34,
    0x36, 0x31, 0x30, 0x36, 0x33, 0x3A, 0x01, 0x31, 0x30, 0x06, 0x17, 0x1E, 0x01, 0x37, 0x3E, 0x01,
    0x27, 0x2E, 0x01, 0x31, 0x27, 0x30, 0x36, 0x35, 0x34, 0x26, 0x37, 0x3E, 0x01, 0x31, 0x27, 0x30,
    0x36, 0x37, 0x3E, 0x01, 0x31, 0x37, 0x30, 0x36, 0x37, 0x3E, 0x01, 0x31, 0x27, 0x30, 0x34, 0x37,
    0x3E, 0x01, 0x37, 0x36, 0x26, 0x27, 0x26, 0x34, 0x37, 0x3E, 0x01, 0x27, 0x25, 0x06, 0x26, 0x35,
    0x34, 0x36, 0x37, 0x3E, 0x01, 0x31, 0x30, 0x16, 0x17, 0x1E, 0x01, 0x31, 0x30, 0x06, 0x37, 0x0E,
    0x01, 0x31, 0x30, 0x26, 0x27, 0x2E, 0x01, 0x31, 0x30, 0x36, 0x37, 0x3E, 0x01, 0x31, 0x30, 0x16,
    0x17, 0x1E, 0x01, 0x31, 0x30, 0x06, 0x01, 0x06, 0x26, 0x07, 0x0E, 0x01, 0x31, 0x37, 0x30, 0x36,
    0x33, 0x32, 0x16, 0x31, 0x30, 0x06, 0x07, 0x13, 0x0E, 0x01, 0x07, 0x06, 0x16, 0x31, 0x30, 0x06,
    0x07, 0x0E, 0x01, 0x31, 0x30, 0x22, 0x23, 0x22, 0x26, 0x31, 0x30, 0x36, 0x27, 0x2E, 0x01, 0x27,
    0x26, 0x36, 0x37, 0x3E, 0x01, 0x37, 0x3E, 0x01, 0x37, 0x30, 0x16, 0x17, 0x1E, 0x01, 0x07, 0x0E,
    0x01, 0x03, 0x40, 0x02, 0x1D, 0x12, 0x11, 0x12, 0x2E, 0x14, 0x14, 0x39, 0x14, 0x07, 0x06, 0x08,
    0x15, 0x0B, 0x0B, 0x17, 0x27, 0x14, 0x18, 0x5F, 0x23, 0x18, 0x18, 0x28, 0x1B, 0x0B, 0x0B, 0x0C,
    0x0D, 0x0A, 0x06, 0x12, 0x13, 0x27, 0x10, 0x0F, 0x02, 0x2A, 0x03, 0x02, 0x07, 0x18, 0x03, 0x06,
    0x07, 0x06, 0x05, 0x06, 0x01, 0x16, 0x01, 0x01, 0x06, 0x0F, 0x0A, 0x0C, 0x02, 0x01, 0x3B, 0xC5,
    0xC4, 0x5B, 0x10, 0x10, 0x0E, 0x04, 0x0C, 0x0B, 0x0B, 0x03, 0x01, 0x01, 0x02, 0x0F, 0x0C, 0x0C,
    0x0C, 0x01, 0x01, 0x01, 0x05, 0x09, 0x03, 0x01, 0x01, 0x06, 0x0B, 0x01, 0x03, 0x03, 0x01, 0x0A,
    0x0C, 0x02, 0x03, 0x08, 0x13, 0x08, 0x09, 0x0B, 0x04, 0x04, 0x05, 0x01, 0x01, 0x0A, 0x09, 0x13,
    0x01, 0xFD, 0xBF, 0x25, 0x0E, 0x08, 0x08, 0x08, 0x1A, 0x19, 0x0A, 0x0B, 0x0B, 0x12, 0x62, 0x13,
    0x28, 0x11, 0x0A, 0x09, 0x19, 0x0A, 0x08, 0x08, 0x11, 0x1E, 0x24, 0x24, 0x40, 0x46, 0x01, 0x2C,
    0x04, 0x01, 0x09, 0x09, 0x19, 0x02, 0x15, 0x0B, 0x0B, 0x19, 0x12, 0x04, 0x49, 0x09, 0x02, 0x03,
    0x03, 0x08, 0x0F, 0x08, 0x08, 0x01, 0x17, 0x0A, 0x0B, 0x24, 0x04, 0x06, 0x05, 0x32, 0x10, 0x10,
    0x01, 0x02, 0x03, 0x2E, 0x0A, 0x0B, 0x32, 0x17, 0x1F, 0x0C, 0x0C, 0x22, 0x01, 0x02, 0x0C, 0x02,
    0xCC, 0x42, 0x57, 0x1B, 0x1A, 0x08, 0x0A, 0x04, 0x04, 0x07, 0x06, 0x07, 0x07, 0x09, 0x01, 0x08,
    0x08, 0x14, 0x01, 0x02, 0x03, 0x33, 0x04, 0x07, 0x06, 0x0C, 0x11, 0x08, 0x08, 0x09, 0x02, 0x0B,
    0x05, 0x19, 0x18, 0x44, 0x27, 0x28, 0x22, 0x46, 0x8A, 0x0E, 0x0D, 0x21, 0x0B, 0x05, 0x05, 0x56,
    0x05, 0x06, 0x03, 0x03, 0x02, 0x01, 0x3E, 0x0F, 0x08, 0x09, 0x5D, 0x04, 0x04, 0x0D, 0x07, 0x32,
    0x05, 0x05, 0x07, 0x08, 0x08, 0x28, 0x05, 0x05, 0x04, 0x03, 0x02, 0x15, 0x0B, 0x0A, 0x19, 0x06,
    0x19, 0x09, 0x0A, 0x0F, 0x07, 0x07, 0x10, 0x05, 0x06, 0x02, 0x19, 0x02, 0x0E, 0x0D, 0x2B, 0x0D,
    0x0D, 0x21, 0x04, 0x17, 0x09, 0x0A, 0x03, 0x05, 0x30, 0x16, 0x15, 0x15, 0x09, 0x16, 0x05, 0x05,
    0x09, 0x06, 0x05, 0x10, 0x05, 0x06, 0x2F, 0x2E, 0x2D, 0x5F, 0x43, 0x0E, 0x06, 0x1A, 0x0E, 0x0D,
    0x2F, 0x08, 0x08, 0x14, 0x1C, 0x12, 0x13, 0x2C, 0x10, 0x39, 0x0E, 0x15, 0x2F, 0x13, 0x12, 0x1E,
    0x0B, 0x08, 0x08, 0x17, 0x11, 0x13, 0x13, 0x01, 0x3A, 0xFD, 0x7C, 0x0F, 0x03, 0x03, 0x02, 0x03,
    0x4D, 0x01, 0x01, 0x2B, 0x0E, 0x01, 0x76, 0x21, 0x2A, 0x12, 0x11, 0x18, 0x13, 0x06, 0x05, 0x22,
    0x02, 0x1F, 0x11, 0x12, 0x34, 0x15, 0x16, 0x54, 0x38, 0x39, 0x75, 0x17, 0x16, 0x24, 0x09, 0x07,
    0x10, 0x10, 0x71, 0x28, 0x28, 0x67, 0x00, 0x00, 0x00, 0x0B, 0x00, 0x0A, 0xFF, 0xC9, 0x06, 0x18,
    0x03, 0xBB, 0x00, 0x9D, 0x00, 0xAF, 0x00, 0xC7, 0x00, 0xD8, 0x01, 0x03, 0x01, 0x5E, 0x01, 0x64,
    0x01, 0x77, 0x01, 0x9B, 0x01, 0xB4, 0x01, 0xB8, 0x00, 0x00, 0x01, 0x2E, 0x01, 0x27, 0x2E, 0x01,
    0x31, 0x30, 0x26, 0x27, 0x2E, 0x01, 0x31, 0x30, 0x06, 0x07, 0x0E, 0x01, 0x31, 0x30, 0x06, 0x07,
    0x0E, 0x01, 0x31, 0x30, 0x06, 0x27, 0x2E, 0x01, 0x31, 0x30, 0x06, 0x07, 0x0E, 0x01, 0x31, 0x30,
    0x06, 0x07, 0x0E, 0x01, 0x31, 0x30, 0x06, 0x07, 0x06, 0x07, 0x0E, 0x01, 0x07, 0x06, 0x17, 0x1E,
    0x01, 0x17, 0x1E, 0x01, 0x31, 0x30, 0x06, 0x15, 0x14, 0x16, 0x17, 0x16, 0x36, 0x37, 0x3E, 0x01,
    0x31, 0x15, 0x30, 0x06, 0x07, 0x06, 0x16, 0x15, 0x14, 0x36, 0x31, 0x37, 0x30, 0x14, 0x15, 0x14,
    0x06, 0x17, 0x1E, 0x01, 0x17, 0x16, 0x36, 0x37, 0x3E, 0x01, 0x35, 0x34, 0x36, 0x31, 0x30, 0x36,
    0x33, 0x3A, 0x01, 0x31, 0x30, 0x06, 0x17, 0x1E, 0x01, 0x37, 0x3E, 0x01, 0x27, 0x2E, 0x01, 0x31,
    0x27, 0x30, 0x36, 0x35, 0x34, 0x26, 0x37, 0x3E, 0x01, 0x31, 0x27, 0x30, 0x36, 0x37, 0x3E, 0x01,
    0x31, 0x37, 0x30, 0x36, 0x37, 0x3E, 0x01, 0x31, 0x27, 0x30, 0x36, 0x37, 0x3E, 0x01, 0x37, 0x36,
    0x26, 0x27, 0x26, 0x36, 0x37, 0x3E, 0x01, 0x27, 0x25, 0x06, 0x26, 0x35, 0x34, 0x36, 0x37, 0x3E,
    0x01, 0x31, 0x30, 0x16, 0x17, 0x1E, 0x01, 0x31, 0x30, 0x06, 0x37, 0x0E, 0x01, 0x31, 0x30, 0x26,
    0x27, 0x2E, 0x01, 0x31, 0x30, 0x36, 0x37, 0x3E, 0x01, 0x31, 0x30, 0x16, 0x17, 0x1E, 0x01, 0x31,
    0x30, 0x06, 0x01, 0x06, 0x26, 0x07, 0x0E, 0x01, 0x31, 0x37, 0x30, 0x36, 0x33, 0x32, 0x16, 0x31,
    0x30, 0x06, 0x07, 0x13, 0x0E, 0x01, 0x07, 0x06, 0x16, 0x31, 0x30, 0x06, 0x07, 0x0E, 0x01, 0x31,
    0x30, 0x22, 0x23, 0x22, 0x26, 0x31, 0x30, 0x36, 0x27, 0x2E, 0x01, 0x27, 0x26, 0x36, 0x37, 0x3E,
    0x01, 0x37, 0x3E, 0x01, 0x37, 0x30, 0x16, 0x17, 0x1E, 0x01, 0x07, 0x0E, 0x01, 0x07, 0x05, 0x30,
    0x26, 0x27, 0x2E, 0x01, 0x31, 0x30, 0x27, 0x2E, 0x01, 0x27, 0x26, 0x23, 0x22, 0x06, 0x07, 0x0E,
    0x01, 0x31, 0x30, 0x06, 0x07, 0x06, 0x16, 0x31, 0x30, 0x16, 0x33, 0x32, 0x16, 0x31, 0x30, 0x14,
    0x15, 0x14, 0x22, 0x15, 0x14, 0x16, 0x15, 0x14, 0x36, 0x17, 0x14, 0x06, 0x15, 0x1E, 0x01, 0x17,
    0x1E, 0x01, 0x17, 0x1E, 0x01, 0x31, 0x30, 0x06, 0x15, 0x06, 0x16, 0x17, 0x1E, 0x01, 0x17, 0x1E,
    0x01, 0x37, 0x3E, 0x01, 0x31, 0x30, 0x36, 0x37, 0x3E, 0x01, 0x37, 0x36, 0x16, 0x37, 0x3E, 0x01,
    0x37, 0x3E, 0x01, 0x31, 0x30, 0x36, 0x37, 0x36, 0x26, 0x01, 0x32, 0x36, 0x31, 0x06, 0x26, 0x37,
    0x14, 0x06, 0x31, 0x30, 0x06, 0x23, 0x2A, 0x01, 0x31, 0x30, 0x36, 0x37, 0x36, 0x16, 0x31, 0x0E,
    0x01, 0x07, 0x37, 0x1E, 0x01, 0x31, 0x30, 0x06, 0x07, 0x0E, 0x01, 0x07, 0x06, 0x26, 0x27, 0x26,
    0x36, 0x37, 0x34, 0x36, 0x35, 0x3E, 0x01, 0x27, 0x2E, 0x01, 0x31, 0x30, 0x32, 0x33, 0x32, 0x36,
    0x31, 0x17, 0x07, 0x30, 0x16, 0x1F, 0x01, 0x0E, 0x01, 0x31, 0x30, 0x36, 0x37, 0x3E, 0x01, 0x17,
    0x16, 0x36, 0x27, 0x26, 0x36, 0x31, 0x30, 0x32, 0x17, 0x1E, 0x01, 0x31, 0x14, 0x06, 0x07, 0x27,
    0x37, 0x33, 0x17, 0x06, 0x18, 0x01, 0x1E, 0x11, 0x12, 0x12, 0x2E, 0x14, 0x14, 0x39, 0x14, 0x06,
    0x07, 0x08, 0x15, 0x0B, 0x0A, 0x18, 0x27, 0x14, 0x18, 0x5F, 0x23, 0x18, 0x18, 0x28, 0x1B, 0x0B,
    0x0A, 0x0D, 0x0C, 0x0B, 0x05, 0x13, 0x12, 0x28, 0x10, 0x0F, 0x01, 0x01, 0x2A, 0x03, 0x03, 0x06,
    0x17, 0x02, 0x07, 0x06, 0x06, 0x05, 0x06, 0x02, 0x16, 0x02, 0x01, 0x07, 0x0E, 0x0B, 0x0C, 0x01,
    0x01, 0x3B, 0xC5, 0xC5, 0x5A, 0x10, 0x10, 0x0E, 0x04, 0x0D, 0x0A, 0x0B, 0x03, 0x01, 0x01, 0x02,
    0x0F, 0x0C, 0x0C, 0x0D, 0x02, 0x01, 0x01, 0x05, 0x09, 0x03, 0x01, 0x02, 0x05, 0x0A, 0x01, 0x02,
    0x03, 0x01, 0x0B, 0x0B, 0x03, 0x02, 0x08, 0x13, 0x01, 0x08, 0x08, 0x0B, 0x04, 0x04, 0x04, 0x02,
    0x01, 0x01, 0x09, 0x09, 0x13, 0x01, 0xFD, 0xC0, 0x26, 0x0E, 0x08, 0x08, 0x08, 0x1A, 0x19, 0x0B,
    0x0A, 0x0B, 0x12, 0x62, 0x12, 0x29, 0x11, 0x09, 0x0A, 0x18, 0x0A, 0x08, 0x08, 0x11, 0x1D, 0x25,
    0x24, 0x3F, 0x46, 0x01, 0x2D, 0x04, 0x01, 0x0A, 0x09, 0x19, 0x02, 0x16, 0x0A, 0x0B, 0x19, 0x11,
    0x04, 0x49, 0x0A, 0x02, 0x03, 0x02, 0x08, 0x0F, 0x08, 0x08, 0x01, 0x18, 0x0A, 0x0B, 0x24, 0x04,
    0x05, 0x06, 0x32, 0x10, 0x10, 0x01, 0x03, 0x02, 0x2E, 0x0B, 0x0A, 0x33, 0x16, 0x1F, 0x0C, 0x0C,
    0x22, 0x01, 0x01, 0x0D, 0x09, 0xFC, 0x86, 0x06, 0x03, 0x03, 0x16, 0x03, 0x03, 0x2B, 0x31, 0x31,
    0x5D, 0x48, 0x73, 0x20, 0x34, 0x0E, 0x23, 0x12, 0x11, 0x11, 0x20, 0x1A, 0x19, 0x11, 0x0A, 0x02,
    0x08, 0x01, 0x05, 0x01, 0x01, 0x01, 0x01, 0x04, 0x01, 0x08, 0x13, 0x0A, 0x01, 0x0E, 0x08, 0x03,
    0x0A, 0x0B, 0x0D, 0x36, 0x13, 0x25, 0x16, 0x60, 0x1B, 0x1B, 0x3F, 0x0C, 0x03, 0x0B, 0x05, 0x09,
    0x10, 0x02, 0x02, 0x01, 0x04, 0x0D, 0x0D, 0x04, 0xFE, 0x35, 0x10, 0x2A, 0x17, 0x2B, 0xA3, 0x08,
    0x1E, 0x0B, 0x0B, 0x12, 0x2A, 0x08, 0x09, 0x1C, 0x07, 0x01, 0x01, 0x14, 0x03, 0x04, 0x40, 0x0E,
    0x0E, 0x11, 0x12, 0x11, 0x1C, 0x0E, 0x09, 0x01, 0x03, 0x04, 0x01, 0x02, 0x01, 0x01, 0x03, 0x46,
    0x18, 0x18, 0x63, 0x02, 0x29, 0x01, 0x03, 0x72, 0x27, 0x24, 0x02, 0x0F, 0x03, 0x01, 0x02, 0x08,
    0x11, 0x05, 0x04, 0x08, 0x21, 0x11, 0x15, 0x2A, 0x32, 0x23, 0x01, 0x01, 0x3D, 0x11, 0x02, 0xCC,
    0x42, 0x57, 0x1B, 0x1A, 0x08, 0x0A, 0x04, 0x04, 0x07, 0x06, 0x07, 0x07, 0x09, 0x01, 0x08, 0x08,
    0x14, 0x01, 0x02, 0x03, 0x33, 0x04, 0x07, 0x06, 0x0C, 0x11, 0x08, 0x08, 0x09, 0x02, 0x0B, 0x05,
    0x19, 0x18, 0x44, 0x28, 0x27, 0x22, 0x46, 0x8A, 0x0E, 0x0D, 0x21, 0x0B, 0x05, 0x05, 0x56, 0x05,
    0x06, 0x03, 0x03, 0x02, 0x01, 0x3E, 0x0F, 0x09, 0x08, 0x5D, 0x04, 0x04, 0x0D, 0x07, 0x32, 0x05,
    0x05, 0x07, 0x08, 0x08, 0x28, 0x05, 0x05, 0x04, 0x03, 0x02, 0x15, 0x0B, 0x0A, 0x19, 0x06, 0x19,
    0x09, 0x0A, 0x0F, 0x07, 0x07, 0x10, 0x05, 0x06, 0x02, 0x18, 0x03, 0x0E, 0x0D, 0x2B, 0x0D, 0x0D,
    0x21, 0x04, 0x17, 0x09, 0x0A, 0x03, 0x05, 0x30, 0x16, 0x15, 0x15, 0x09, 0x16, 0x05, 0x05, 0x09,
    0x06, 0x05, 0x10, 0x05, 0x06, 0x2F, 0x2E, 0x2D, 0x5F, 0x43, 0x0E, 0x06, 0x1A, 0x0E, 0x0D, 0x2F,
    0x08, 0x08, 0x14, 0x1C, 0x12, 0x13, 0x2C, 0x10, 0x39, 0x0E, 0x15, 0x2F, 0x13, 0x12, 0x1E, 0x0B,
    0x08, 0x08, 0x17, 0x11, 0x13, 0x13, 0x01, 0x3A, 0xFD, 0x7C, 0x0F, 0x03, 0x03, 0x02, 0x03, 0x4D,
    0x01, 0x01, 0x2B, 0x0E, 0x01, 0x76, 0x21, 0x2A, 0x12, 0x11, 0x18, 0x13, 0x06, 0x05, 0x22, 0x02,
    0x1F, 0x11, 0x12, 0x34, 0x15, 0x16, 0x54, 0x38, 0x39, 0x75, 0x17, 0x16, 0x24, 0x09, 0x07, 0x10,
    0x10, 0x71, 0x28, 0x28, 0x67, 0x22, 0x78, 0x3D, 0x13, 0x13, 0x17, 0x26, 0x26, 0x5B, 0x25, 0x26,
    0x30, 0x23, 0x37, 0x72, 0x06, 0x06, 0x05, 0x11, 0x07, 0x02, 0x04, 0x0C, 0x03, 0x03, 0x09, 0x20,
    0x0D, 0x06, 0x02, 0x04, 0x03, 0x03, 0x03, 0x05, 0x0B, 0x06, 0x03, 0x04, 0x03, 0x29, 0x4E, 0x04,
    0x0A, 0x16, 0x28, 0x0F, 0x05, 0x06, 0x0A, 0x0B, 0x07, 0x08, 0x10, 0x15, 0x0D, 0x0B, 0x0B, 0x4B,
    0x0C, 0x03, 0x04, 0x06, 0x0D, 0x16, 0x0D, 0x15, 0x1F, 0x01, 0x01, 0x02, 0x1D, 0xFE, 0xFA, 0x01,
    0x0D, 0x0C, 0x49, 0x0C, 0x0B, 0x01, 0x2B, 0x08, 0x08, 0x01, 0x0E, 0x07, 0x0D, 0x7D, 0x15, 0x1D,
    0x12, 0x0B, 0x0B, 0x1A, 0x0B, 0x0A, 0x10, 0x0E, 0x0A, 0x49, 0x20, 0x03, 0x02, 0x03, 0x07, 0x0A,
    0x04, 0x05, 0x08, 0x0B, 0x16, 0x0C, 0x07, 0x14, 0x77, 0x0F, 0x0D, 0x26, 0x0F, 0x02, 0x0A, 0x02,
    0x03, 0x2A, 0x01, 0x01, 0x07, 0x01, 0x02, 0x0D, 0x09, 0x2D, 0x0D, 0xA2, 0x12, 0x13, 0x00, 0x00,
    0x00, 0x19, 0x00, 0x22, 0x00, 0x03, 0x03, 0xE6, 0x03, 0x70, 0x00, 0x1E, 0x00, 0x3B, 0x00, 0x5A,
    0x00, 0x7D, 0x00, 0x9D, 0x00, 0xD4, 0x00, 0xF0, 0x01, 0x0A, 0x01, 0x20, 0x01, 0x39, 0x01, 0x51,
    0x01, 0x68, 0x01, 0x81, 0x01, 0x99, 0x01, 0xB3, 0x01, 0xD0, 0x02, 0x06, 0x02, 0x42, 0x02, 0x77,
    0x02, 0x9F, 0x02, 0xAF, 0x02, 0xCF, 0x02, 0xE3, 0x02, 0xFB, 0x03, 0x1A, 0x00, 0x00, 0x01, 0x2E,
    0x01, 0x27, 0x35, 0x3C, 0x01, 0x27, 0x2E, 0x01, 0x07, 0x0E, 0x01, 0x07, 0x06, 0x14, 0x15, 0x06,
    0x14, 0x1D, 0x01, 0x06, 0x16, 0x07, 0x06, 0x16, 0x07, 0x06, 0x16, 0x15, 0x33, 0x27, 0x1E, 0x01,
    0x17, 0x33, 0x2E, 0x01, 0x27, 0x2E, 0x01, 0x27, 0x2E, 0x01, 0x27, 0x2E, 0x01, 0x23, 0x0E, 0x01,
    0x23, 0x0E, 0x01, 0x07, 0x06, 0x16, 0x17, 0x1E, 0x01, 0x17, 0x25, 0x0E, 0x01, 0x07, 0x0E, 0x01,
    0x07, 0x0E, 0x01, 0x07, 0x0E, 0x01, 0x07, 0x0E, 0x01, 0x07, 0x15, 0x3A, 0x01, 0x17, 0x3E, 0x01,
    0x37, 0x3E, 0x01, 0x37, 0x3E, 0x01, 0x37, 0x36, 0x26, 0x17, 0x3E, 0x01, 0x37, 0x3E, 0x01, 0x37,
    0x3E, 0x01, 0x27, 0x2E, 0x01, 0x23, 0x06, 0x22, 0x07, 0x0E, 0x01, 0x07, 0x0E, 0x01, 0x07, 0x0E,
    0x01, 0x07, 0x0E, 0x01, 0x23, 0x15, 0x3E, 0x01, 0x37, 0x3E, 0x01, 0x37, 0x03, 0x36, 0x34, 0x35,
    0x11, 0x34, 0x26, 0x27, 0x2E, 0x01, 0x23, 0x21, 0x0E, 0x01, 0x23, 0x0E, 0x01, 0x07, 0x06, 0x16,
    0x15, 0x11, 0x1E, 0x01, 0x17, 0x1E, 0x01, 0x33, 0x21, 0x32, 0x36, 0x37, 0x25, 0x1E, 0x01, 0x37,
    0x32, 0x36, 0x33, 0x3E, 0x01, 0x33, 0x14, 0x16, 0x17, 0x16, 0x06, 0x17, 0x14, 0x06, 0x07, 0x0E,
    0x01, 0x27, 0x26, 0x22, 0x27, 0x2E, 0x01, 0x27, 0x2E, 0x01, 0x27, 0x26, 0x36, 0x37, 0x3E, 0x01,
    0x37, 0x36, 0x16, 0x37, 0x3A, 0x01, 0x33, 0x1E, 0x01, 0x17, 0x0E, 0x01, 0x07, 0x2E, 0x01, 0x07,
    0x0E, 0x01, 0x1F, 0x01, 0x23, 0x15, 0x23, 0x35, 0x23, 0x22, 0x06, 0x27, 0x35, 0x3E, 0x01, 0x37,
    0x3E, 0x01, 0x37, 0x3E, 0x01, 0x37, 0x3E, 0x01, 0x37, 0x33, 0x15, 0x33, 0x14, 0x16, 0x07, 0x17,
    0x06, 0x26, 0x23, 0x22, 0x06, 0x27, 0x2E, 0x01, 0x27, 0x35, 0x3E, 0x01, 0x37, 0x32, 0x36, 0x37,
    0x32, 0x36, 0x17, 0x16, 0x06, 0x15, 0x1C, 0x01, 0x07, 0x37, 0x1C, 0x01, 0x07, 0x06, 0x22, 0x2B,
    0x01, 0x2E, 0x01, 0x3D, 0x01, 0x3E, 0x01, 0x37, 0x33, 0x3A, 0x01, 0x17, 0x16, 0x06, 0x15, 0x17,
    0x23, 0x2A, 0x01, 0x27, 0x26, 0x36, 0x3D, 0x01, 0x34, 0x36, 0x37, 0x32, 0x36, 0x3B, 0x01, 0x3A,
    0x01, 0x17, 0x1E, 0x01, 0x15, 0x1C, 0x01, 0x07, 0x17, 0x06, 0x26, 0x2B, 0x01, 0x26, 0x34, 0x3D,
    0x01, 0x34, 0x36, 0x37, 0x30, 0x32, 0x35, 0x32, 0x36, 0x17, 0x16, 0x14, 0x15, 0x1C, 0x01, 0x07,
    0x37, 0x15, 0x14, 0x06, 0x07, 0x06, 0x22, 0x27, 0x26, 0x36, 0x35, 0x3C, 0x01, 0x37, 0x3E, 0x01,
    0x37, 0x33, 0x3A, 0x01, 0x17, 0x16, 0x06, 0x27, 0x23, 0x2A, 0x01, 0x27, 0x26, 0x36, 0x3D, 0x01,
    0x3E, 0x01, 0x37, 0x3E, 0x01, 0x3B, 0x01, 0x3A, 0x01, 0x17, 0x1E, 0x01, 0x15, 0x14, 0x16, 0x07,
    0x17, 0x06, 0x26, 0x2B, 0x01, 0x2E, 0x01, 0x35, 0x3C, 0x01, 0x37, 0x3E, 0x01, 0x37, 0x33, 0x3A,
    0x01, 0x17, 0x16, 0x06, 0x15, 0x14, 0x16, 0x07, 0x37, 0x15, 0x14, 0x06, 0x07, 0x06, 0x22, 0x2B,
    0x01, 0x2E, 0x01, 0x27, 0x26, 0x36, 0x3D, 0x01, 0x3E, 0x01, 0x3F, 0x01, 0x33, 0x3A, 0x01, 0x17,
    0x16, 0x06, 0x37, 0x06, 0x22, 0x2B, 0x01, 0x22, 0x06, 0x27, 0x26, 0x36, 0x3D, 0x01, 0x34, 0x26,
    0x37, 0x3E, 0x01, 0x37, 0x33, 0x3A, 0x01, 0x17, 0x16, 0x06, 0x1D, 0x01, 0x1C, 0x01, 0x07, 0x27,
    0x31, 0x3E, 0x01, 0x37, 0x34, 0x26, 0x35, 0x0E, 0x01, 0x07, 0x23, 0x36, 0x34, 0x37, 0x35, 0x23,
    0x15, 0x2E, 0x01, 0x27, 0x0E, 0x01, 0x07, 0x1E, 0x01, 0x17, 0x0E, 0x01, 0x07, 0x14, 0x16, 0x17,
    0x32, 0x36, 0x37, 0x31, 0x15, 0x33, 0x34, 0x26, 0x27, 0x35, 0x1E, 0x01, 0x17, 0x33, 0x34, 0x36,
    0x35, 0x2E, 0x01, 0x27, 0x23, 0x33, 0x3E, 0x01, 0x37, 0x38, 0x01, 0x35, 0x2E, 0x01, 0x35, 0x0E,
    0x01, 0x07, 0x23, 0x3E, 0x01, 0x37, 0x23, 0x15, 0x2E, 0x01, 0x27, 0x35, 0x31, 0x0E, 0x01, 0x15,
    0x23, 0x1E, 0x01, 0x17, 0x31, 0x0E, 0x01, 0x07, 0x1E, 0x01, 0x17, 0x30, 0x36, 0x37, 0x33, 0x15,
    0x33, 0x34, 0x26, 0x27, 0x35, 0x1E, 0x01, 0x17, 0x3E, 0x01, 0x37, 0x2E, 0x01, 0x27, 0x22, 0x30,
    0x31, 0x37, 0x22, 0x06, 0x07, 0x23, 0x34, 0x36, 0x35, 0x23, 0x15, 0x2E, 0x01, 0x27, 0x0E, 0x01,
    0x07, 0x1E, 0x01, 0x17, 0x0E, 0x01, 0x07, 0x1E, 0x01, 0x15, 0x32, 0x36, 0x37, 0x33, 0x15, 0x33,
    0x3C, 0x01, 0x27, 0x35, 0x1E, 0x01, 0x17, 0x34, 0x36, 0x37, 0x2E, 0x01, 0x27, 0x38, 0x01, 0x23,
    0x3E, 0x01, 0x37, 0x2E, 0x01, 0x27, 0x05, 0x26, 0x22, 0x23, 0x22, 0x26, 0x27, 0x23, 0x26, 0x22,
    0x2B, 0x01, 0x26, 0x06, 0x27, 0x26, 0x06, 0x23, 0x15, 0x3A, 0x01, 0x37, 0x36, 0x16, 0x37, 0x33,
    0x3A, 0x01, 0x37, 0x33, 0x3A, 0x01, 0x37, 0x33, 0x3E, 0x01, 0x37, 0x36, 0x26, 0x27, 0x05, 0x0E,
    0x01, 0x07, 0x0E, 0x01, 0x07, 0x15, 0x33, 0x35, 0x3E, 0x01, 0x35, 0x23, 0x0E, 0x01, 0x05, 0x2E,
    0x01, 0x27, 0x2E, 0x01, 0x27, 0x2E, 0x01, 0x27, 0x15, 0x1E, 0x01, 0x17, 0x1E, 0x01, 0x17, 0x1E,
    0x01, 0x17, 0x1E, 0x01, 0x17, 0x16, 0x36, 0x37, 0x36, 0x26, 0x27, 0x2E, 0x01, 0x27, 0x07, 0x23,
    0x06, 0x26, 0x07, 0x23, 0x1E, 0x01, 0x17, 0x1E, 0x01, 0x17, 0x1E, 0x01, 0x37, 0x3E, 0x01, 0x27,
    0x2E, 0x01, 0x05, 0x0E, 0x01, 0x07, 0x0E, 0x01, 0x07, 0x06, 0x16, 0x17, 0x16, 0x36, 0x37, 0x3E,
    0x01, 0x37, 0x3E, 0x01, 0x37, 0x35, 0x23, 0x0E, 0x01, 0x07, 0x37, 0x23, 0x1C, 0x01, 0x17, 0x16,
    0x06, 0x15, 0x16, 0x06, 0x17, 0x15, 0x1C, 0x01, 0x17, 0x1C, 0x01, 0x17, 0x1E, 0x01, 0x17, 0x16,
    0x36, 0x37, 0x36, 0x26, 0x3D, 0x01, 0x3E, 0x01, 0x37, 0x02, 0x4A, 0x01, 0x02, 0x01, 0x02, 0x03,
    0x0F, 0x09, 0x07, 0x09, 0x01, 0x01, 0x01, 0x01, 0x01, 0x01, 0x01, 0x02, 0x01, 0x02, 0x01, 0x36,
    0xE7, 0x03, 0x07, 0x02, 0x3D, 0x01, 0x04, 0x01, 0x03, 0x06, 0x03, 0x08, 0x11, 0x08, 0x05, 0x0A,
    0x0D, 0x02, 0x03, 0x01, 0x04, 0x07, 0x02, 0x04, 0x08, 0x03, 0x05, 0x08, 0x05, 0x01, 0x96, 0x04,
    0x08, 0x02, 0x04, 0x07, 0x04, 0x06, 0x0E, 0x06, 0x03, 0x08, 0x03, 0x01, 0x02, 0x01, 0x0F, 0x21,
    0x0A, 0x05, 0x09, 0x05, 0x03, 0x04, 0x03, 0x03, 0x08, 0x03, 0x04, 0x14, 0x4F, 0x0E, 0x1D, 0x0E,
    0x06, 0x0D, 0x05, 0x07, 0x01, 0x05, 0x03, 0x0D, 0x08, 0x01, 0x02, 0x01, 0x04, 0x07, 0x04, 0x0B,
    0x19, 0x0B, 0x07, 0x0E, 0x08, 0x02, 0x06, 0x03, 0x05, 0x07, 0x04, 0x07, 0x10, 0x07, 0x6C, 0x06,
    0x01, 0x0B, 0x0B, 0x1D, 0x14, 0xFD, 0x9E, 0x03, 0x05, 0x03, 0x07, 0x0B, 0x03, 0x04, 0x02, 0x02,
    0x09, 0x05, 0x0B, 0x18, 0x11, 0x02, 0x43, 0x18, 0x1D, 0x0A, 0xFD, 0x95, 0x04, 0x19, 0x0F, 0x02,
    0x07, 0x02, 0x02, 0x02, 0x02, 0x01, 0x01, 0x01, 0x01, 0x01, 0x07, 0x05, 0x05, 0x16, 0x07, 0x04,
    0x0A, 0x04, 0x0E, 0x14, 0x05, 0x02, 0x03, 0x01, 0x02, 0x04, 0x03, 0x06, 0x17, 0x12, 0x05, 0x09,
    0x06, 0x03, 0x0F, 0x04, 0x04, 0x09, 0x04, 0x02, 0x03, 0x02, 0x08, 0x14, 0x09, 0x0C, 0x11, 0x07,
    0xDE, 0x18, 0x28, 0x37, 0x06, 0x0F, 0x05, 0x01, 0x04, 0x01, 0x03, 0x06, 0x03, 0x08, 0x10, 0x09,
    0x04, 0x0B, 0x03, 0x34, 0x18, 0x01, 0x01, 0x6A, 0x02, 0x1A, 0x07, 0x03, 0x07, 0x02, 0x02, 0x06,
    0x01, 0x02, 0x02, 0x02, 0x01, 0x02, 0x01, 0x09, 0x21, 0x03, 0x04, 0x01, 0x02, 0x02, 0x01, 0x02,
    0x17, 0x09, 0x0D, 0x09, 0x01, 0x02, 0x06, 0x03, 0x1D, 0x04, 0x08, 0x02, 0x05, 0x01, 0x45, 0x0E,
    0x0B, 0x14, 0x04, 0x01, 0x01, 0x03, 0x01, 0x02, 0x02, 0x01, 0x1E, 0x04, 0x07, 0x02, 0x04, 0x01,
    0x08, 0x06, 0x02, 0x1A, 0x08, 0x0B, 0x08, 0x05, 0x02, 0x01, 0x0A, 0x21, 0x04, 0x02, 0x02, 0x4E,
    0x03, 0x01, 0x07, 0x28, 0x04, 0x03, 0x01, 0x01, 0x01, 0x05, 0x02, 0x1E, 0x03, 0x07, 0x02, 0x07,
    0x01, 0x07, 0x0E, 0x0B, 0x15, 0x03, 0x02, 0x01, 0x01, 0x02, 0x01, 0x02, 0x03, 0x01, 0x1D, 0x04,
    0x07, 0x02, 0x04, 0x01, 0x01, 0x08, 0x52, 0x02, 0x19, 0x08, 0x0B, 0x09, 0x01, 0x01, 0x01, 0x05,
    0x02, 0x1E, 0x03, 0x07, 0x02, 0x07, 0x01, 0x01, 0x02, 0x01, 0x04, 0x01, 0x06, 0x11, 0x07, 0x0D,
    0x01, 0x03, 0x01, 0x05, 0x01, 0x01, 0x03, 0x02, 0x04, 0x1D, 0x04, 0x07, 0x02, 0x06, 0x01, 0x04,
    0x03, 0x11, 0x08, 0xD3, 0x0B, 0x22, 0x06, 0x05, 0x01, 0x01, 0x02, 0x02, 0x06, 0x03, 0xFC, 0x0A,
    0x0D, 0x06, 0x03, 0x01, 0x01, 0xDE, 0x03, 0x04, 0x03, 0x02, 0x03, 0x07, 0x02, 0x01, 0x01, 0x01,
    0x09, 0x02, 0x06, 0x02, 0x02, 0x01, 0x01, 0x01, 0x06, 0x02, 0x01, 0x06, 0x02, 0x02, 0x01, 0x03,
    0x06, 0x02, 0x09, 0x01, 0x01, 0x03, 0x07, 0x02, 0x01, 0x02, 0x02, 0x05, 0x02, 0x01, 0x35, 0x02,
    0x07, 0x02, 0x01, 0x02, 0x03, 0x07, 0x02, 0x01, 0x01, 0x01, 0x01, 0x0A, 0x02, 0x04, 0x03, 0x01,
    0x03, 0x01, 0x01, 0x07, 0x02, 0x02, 0x05, 0x03, 0x01, 0x02, 0x02, 0x07, 0x01, 0x01, 0x0A, 0x02,
    0x01, 0x03, 0x06, 0x03, 0x02, 0x01, 0x02, 0x02, 0x07, 0x02, 0x01, 0x3E, 0x01, 0x09, 0x01, 0x01,
    0x01, 0x08, 0x03, 0x05, 0x03, 0x01, 0x01, 0x01, 0x01, 0x05, 0x02, 0x01, 0x05, 0x02, 0x01, 0x01,
    0x03, 0x06, 0x02, 0x01, 0x08, 0x01, 0x03, 0x06, 0x03, 0x02, 0x01, 0x01, 0x08, 0x02, 0x01, 0x03,
    0x06, 0x03, 0x01, 0x01, 0x01, 0x01, 0x8E, 0x07, 0x0E, 0x07, 0x0A, 0x15, 0x0A, 0x0F, 0x06, 0x0F,
    0x06, 0x0A, 0x04, 0x0A, 0x05, 0x06, 0x14, 0x07, 0x08, 0x13, 0x07, 0x06, 0x0C, 0x05, 0x0B, 0x07,
    0x14, 0x07, 0x0B, 0x07, 0x13, 0x07, 0x17, 0x0A, 0x0B, 0x02, 0x02, 0x0F, 0x06, 0xFD, 0x3B, 0x03,
    0x07, 0x03, 0x03, 0x06, 0x04, 0x27, 0x01, 0x01, 0x02, 0x03, 0x06, 0x02, 0x7D, 0x0F, 0x1E, 0x10,
    0x07, 0x0F, 0x08, 0x03, 0x07, 0x04, 0x01, 0x04, 0x02, 0x05, 0x0B, 0x05, 0x0A, 0x17, 0x0B, 0x06,
    0x0F, 0x08, 0x06, 0x13, 0x04, 0x06, 0x03, 0x07, 0x05, 0x0B, 0x05, 0x9E, 0x06, 0x02, 0x0A, 0x03,
    0x26, 0x02, 0x0B, 0x03, 0x09, 0x12, 0x09, 0x02, 0x0F, 0x08, 0x08, 0x0D, 0x03, 0x09, 0x12, 0xFE,
    0x67, 0x04, 0x08, 0x04, 0x02, 0x05, 0x01, 0x04, 0x0F, 0x07, 0x0B, 0x0E, 0x03, 0x08, 0x10, 0x07,
    0x04, 0x08, 0x05, 0x3E, 0x01, 0x05, 0x02, 0xE9, 0x36, 0x01, 0x01, 0x01, 0x01, 0x01, 0x01, 0x01,
    0x01, 0x01, 0x0A, 0x08, 0x08, 0x0F, 0x02, 0x03, 0x01, 0x01, 0x02, 0x01, 0x02, 0xD0, 0x1B, 0x34,
    0x1B, 0x09, 0x07, 0x15, 0x05, 0x04, 0x0A, 0x02, 0x01, 0x0A, 0x07, 0x08, 0x10, 0x07, 0x07, 0x10,
    0x06, 0x0A, 0x05, 0x0A, 0x05, 0x04, 0x0B, 0x05, 0x06, 0x13, 0x07, 0x17, 0x05, 0x0C, 0x06, 0x03,
    0x04, 0x03, 0x05, 0x09, 0x05, 0x0D, 0x1C, 0x0D, 0x08, 0x0F, 0x01, 0x01, 0x02, 0x07, 0x04, 0x09,
    0x10, 0x06, 0x08, 0x14, 0x09, 0x53, 0x03, 0x04, 0x03, 0x06, 0x0D, 0x06, 0x0A, 0x14, 0x0A, 0x06,
    0x0B, 0x06, 0x02, 0x03, 0x02, 0x01, 0x05, 0x09, 0x11, 0x08, 0x05, 0x0A, 0x05, 0x05, 0x0E, 0x06,
    0x0E, 0x12, 0xF4, 0x09, 0x11, 0x08, 0x04, 0x06, 0x04, 0x06, 0x17, 0x07, 0x04, 0x02, 0x01, 0x01,
    0x01, 0x04, 0x02, 0x06, 0x0C, 0x06, 0x04, 0x07, 0x03, 0x02, 0x04, 0x40, 0x01, 0x06, 0x02, 0x05,
    0x09, 0x04, 0xFE, 0xA0, 0x09, 0x20, 0x10, 0x01, 0x27, 0x14, 0x27, 0x09, 0x09, 0x01, 0x01, 0x02,
    0x03, 0x0D, 0x07, 0x08, 0x25, 0x0C, 0xFE, 0xB5, 0x08, 0x0D, 0x05, 0x07, 0x01, 0x03, 0x0F, 0x50,
    0x09, 0x10, 0x04, 0x01, 0x01, 0x02, 0x04, 0x09, 0x04, 0x03, 0x07, 0x02, 0x05, 0x01, 0x01, 0x01,
    0x03, 0x02, 0x01, 0x02, 0x04, 0x11, 0x0D, 0x05, 0x0A, 0x06, 0x0A, 0x16, 0x07, 0x11, 0x14, 0x05,
    0x02, 0x01, 0x02, 0x01, 0x03, 0x01, 0x07, 0x10, 0x08, 0x02, 0x03, 0x03, 0x04, 0x20, 0x11, 0x0A,
    0x2A, 0x2A, 0x01, 0x02, 0x1B, 0x02, 0x05, 0x02, 0x04, 0x0A, 0x04, 0x0E, 0x1B, 0x0E, 0x07, 0x0F,
    0x08, 0x6C, 0x06, 0x15, 0x05, 0x29, 0x05, 0x01, 0x01, 0x01, 0x01, 0x05, 0x02, 0x28, 0x02, 0x03,
    0x02, 0x01, 0x01, 0x01, 0x04, 0x04, 0x12, 0x07, 0x05, 0x0D, 0x03, 0x5F, 0x03, 0x08, 0x01, 0x07,
    0x03, 0x12, 0x0C, 0x0F, 0x04, 0x03, 0x02, 0x02, 0x02, 0x1B, 0x07, 0x13, 0x07, 0x02, 0x09, 0x03,
    0x1C, 0x02, 0x03, 0x02, 0x01, 0x02, 0x01, 0x0B, 0x06, 0x0B, 0x17, 0x03, 0x4C, 0x05, 0x01, 0x02,
    0x15, 0x0A, 0x0F, 0x03, 0x03, 0x02, 0x01, 0x01, 0x06, 0x03, 0x11, 0x06, 0x05, 0x0E, 0x03, 0x12,
    0x0D, 0x03, 0x03, 0x02, 0x02, 0x05, 0x04, 0x17, 0x07, 0x03, 0x07, 0x02, 0x02, 0x03, 0x02, 0x01,
    0x03, 0x16, 0x31, 0x07, 0x02, 0x09, 0x03, 0x1C, 0x01, 0x04, 0x01, 0x01, 0x01, 0x01, 0x02, 0x0B,
    0x05, 0x0B, 0x18, 0x03, 0x4B, 0x06, 0x01, 0x02, 0x13, 0x0C, 0x03, 0x0A, 0x03, 0x03, 0x03, 0x02,
    0x01, 0x03, 0x18, 0x09, 0x04, 0x09, 0x02, 0x5F, 0x0B, 0x03, 0x03, 0x02, 0x01, 0x01, 0x02, 0x01,
    0x03, 0x17, 0x08, 0x0A, 0x03, 0x03, 0x02, 0x01, 0x01, 0x02, 0x19, 0x39, 0x06, 0x01, 0x04, 0x04,
    0x23, 0x09, 0x62, 0x07, 0x1E, 0x04, 0x03, 0x03, 0x02, 0x05, 0x09, 0x1C, 0x0D, 0x7B, 0x04, 0x08,
    0x02, 0x5A, 0x02, 0x02, 0x02, 0x01, 0x04, 0x02, 0x02, 0x03, 0x02, 0x02, 0x07, 0x01, 0x01, 0x0B,
    0x01, 0x04, 0x02, 0x02, 0x03, 0x01, 0x02, 0x04, 0x01, 0x01, 0x04, 0x01, 0x02, 0x03, 0x02, 0x04,
    0x01, 0x0B, 0x02, 0x07, 0x01, 0x01, 0x01, 0x03, 0x02, 0x02, 0x04, 0x02, 0x02, 0x02, 0x02, 0x01,
    0x03, 0x02, 0x01, 0x01, 0x03, 0x02, 0x01, 0x04, 0x02, 0x03, 0x06, 0x02, 0x0B, 0x02, 0x03, 0x01,
    0x01, 0x02, 0x02, 0x02, 0x02, 0x04, 0x01, 0x01, 0x03, 0x01, 0x03, 0x04, 0x01, 0x04, 0x01, 0x0B,
    0x02, 0x06, 0x02, 0x01, 0x01, 0x03, 0x02, 0x02, 0x04, 0x02, 0x02, 0x02, 0x02, 0x0C, 0x05, 0x01,
    0x03, 0x06, 0x02, 0x0B, 0x01, 0x04, 0x02, 0x02, 0x04, 0x01, 0x01, 0x03, 0x02, 0x01, 0x04, 0x01,
    0x01, 0x04, 0x02, 0x04, 0x01, 0x0B, 0x02, 0x06, 0x01, 0x02, 0x01, 0x03, 0x02, 0x02, 0x04, 0x01,
    0x03, 0x02, 0x02, 0x02, 0x02, 0x02, 0x01, 0x04, 0x01, 0x3A, 0x01, 0x01, 0x01, 0x01, 0x01, 0x02,
    0x01, 0x02, 0x01, 0x36, 0x01, 0x02, 0x02, 0x01, 0x01, 0x01, 0x02, 0x07, 0x0A, 0x09, 0x10, 0x01,
    0x56, 0x05, 0x0B, 0x05, 0x06, 0x0E, 0x05, 0x01, 0x34, 0x05, 0x0C, 0x07, 0x07, 0x10, 0x77, 0x0A,
    0x12, 0x0A, 0x04, 0x0A, 0x04, 0x02, 0x06, 0x01, 0x3D, 0x02, 0x01, 0x01, 0x03, 0x05, 0x03, 0x07,
    0x0B, 0x06, 0x05, 0x09, 0x03, 0x03, 0x02, 0x05, 0x08, 0x18, 0x05, 0x03, 0x05, 0x03, 0x6A, 0x02,
    0x01, 0x02, 0x06, 0x0F, 0x06, 0x0F, 0x1D, 0x0F, 0x04, 0x0B, 0x03, 0x03, 0x11, 0x0C, 0x11, 0x22,
    0x02, 0x09, 0x11, 0x09, 0x04, 0x08, 0x04, 0x0C, 0x10, 0x02, 0x03, 0x11, 0x05, 0x0C, 0x1A, 0x0D,
    0x06, 0x10, 0x05, 0x01, 0x05, 0x08, 0x04, 0x11, 0x07, 0x11, 0x07, 0x04, 0x0A, 0x04, 0x05, 0x0A,
    0x04, 0x09, 0x07, 0x0F, 0x06, 0x08, 0x0E, 0x08, 0x07, 0x0A, 0x02, 0x02, 0x0C, 0x05, 0x05, 0x12,
    0x06, 0x0A, 0x19, 0x32, 0x19, 0x00, 0x00, 0x00, 0x00, 0x01, 0x01, 0x58, 0x00, 0x00, 0x02, 0xDA,
    0x03, 0x80, 0x00, 0x5B, 0x00, 0x00, 0x25, 0x35, 0x23, 0x22, 0x26, 0x27, 0x2E, 0x01, 0x3D, 0x01,
    0x33, 0x15, 0x14, 0x16, 0x17, 0x1E, 0x01, 0x3B, 0x01, 0x32, 0x36, 0x3D, 0x01, 0x34, 0x26, 0x27,
    0x2E, 0x01, 0x27, 0x2E, 0x01, 0x27, 0x2E, 0x01, 0x27, 0x2E, 0x01, 0x3D, 0x01, 0x34, 0x36, 0x37,
    0x3E, 0x01, 0x3B, 0x01, 0x35, 0x33, 0x15, 0x33, 0x32, 0x16, 0x17, 0x1E, 0x01, 0x1D, 0x01, 0x23,
    0x35, 0x34, 0x26, 0x27, 0x2E, 0x01, 0x2B, 0x01, 0x22, 0x06, 0x1D, 0x01, 0x14, 0x16, 0x17, 0x1E,
    0x01, 0x17, 0x1E, 0x01, 0x17, 0x1E, 0x01, 0x1D, 0x01, 0x14, 0x06, 0x07, 0x0E, 0x01, 0x2B, 0x01,
    0x15, 0x23, 0x01, 0xE8, 0x26, 0x16, 0x25, 0x10, 0x10, 0x0F, 0x70, 0x05, 0x04, 0x04, 0x09, 0x06,
    0x67, 0x0D, 0x0E, 0x02, 0x02, 0x02, 0x09, 0x06, 0x3B, 0x55, 0x1B, 0x11, 0x1C, 0x0B, 0x0B, 0x0A,
    0x0F, 0x10, 0x10, 0x25, 0x16, 0x25, 0x56, 0x28, 0x17, 0x26, 0x10, 0x10, 0x10, 0x71, 0x04, 0x04,
    0x04, 0x0A, 0x06, 0x5C, 0x0F, 0x0F, 0x0B, 0x0B, 0x07, 0x27, 0x20, 0x20, 0x2F, 0x0E, 0x27, 0x26,
    0x10, 0x10, 0x10, 0x26, 0x17, 0x2F, 0x56, 0x00, 0x6A, 0x10, 0x10, 0x0F, 0x27, 0x16, 0x57, 0x42,
    0x06, 0x09, 0x04, 0x04, 0x04, 0x0D, 0x0E, 0x76, 0x07, 0x0A, 0x03, 0x02, 0x05, 0x02, 0x11, 0x1A,
    0x0A, 0x05, 0x13, 0x0D, 0x0D, 0x1F, 0x11, 0x95, 0x16, 0x26, 0x10, 0x10, 0x0F, 0x6B, 0x6B, 0x0F,
    0x10, 0x10, 0x26, 0x16, 0x4E, 0x39, 0x06, 0x09, 0x04, 0x04, 0x04, 0x0D, 0x0E, 0x6B, 0x0B, 0x0F,
    0x03, 0x02, 0x0C, 0x0A, 0x09, 0x0F, 0x04, 0x0D, 0x32, 0x25, 0x9F, 0x16, 0x27, 0x0F, 0x10, 0x0F,
    0x6B, 0x00, 0x00, 0x00, 0x00, 0x0C, 0x00, 0x86, 0xFF, 0xDD, 0x01, 0xFE, 0x03, 0x90, 0x00, 0x0C,
    0x00, 0x55, 0x00, 0x59, 0x00, 0x5D, 0x00, 0x61, 0x00, 0x65, 0x00, 0x69, 0x00, 0x6D, 0x00, 0x71,
    0x00, 0x75, 0x00, 0x79, 0x00, 0x7D, 0x00, 0x00, 0x01, 0x14, 0x06, 0x23, 0x22, 0x26, 0x35, 0x34,
    0x36, 0x33, 0x32, 0x16, 0x15, 0x17, 0x27, 0x2E, 0x01, 0x27, 0x2E, 0x01, 0x2B, 0x01, 0x22, 0x06,
    0x07, 0x0E, 0x01, 0x0F, 0x01, 0x06, 0x16, 0x17, 0x1E, 0x01, 0x33, 0x32, 0x36, 0x3F, 0x01, 0x15,
    0x23, 0x15, 0x33, 0x15, 0x23, 0x15, 0x33, 0x1E, 0x01, 0x33, 0x32, 0x36, 0x37, 0x33, 0x35, 0x23,
    0x35, 0x33, 0x15, 0x23, 0x15, 0x33, 0x1E, 0x01, 0x33, 0x32, 0x36, 0x37, 0x33, 0x35, 0x23, 0x35,
    0x33, 0x35, 0x23, 0x35, 0x17, 0x1E, 0x01, 0x33, 0x32, 0x36, 0x37, 0x3E, 0x01, 0x27, 0x03, 0x33,
    0x15, 0x23, 0x35, 0x33, 0x15, 0x23, 0x35, 0x33, 0x15, 0x23, 0x15, 0x33, 0x15, 0x23, 0x35, 0x33,
    0x15, 0x23, 0x07, 0x33, 0x15, 0x23, 0x35, 0x33, 0x15, 0x23, 0x35, 0x33, 0x15, 0x23, 0x15, 0x33,
    0x15, 0x23, 0x35, 0x33, 0x15, 0x23, 0x01, 0x99, 0x33, 0x24, 0x24, 0x33, 0x33, 0x24, 0x24, 0x33,
    0x65, 0x6C, 0x03, 0x08, 0x04, 0x04, 0x0A, 0x06, 0x5A, 0x06, 0x0A, 0x04, 0x04, 0x08, 0x03, 0x6C,
    0x0B, 0x02, 0x0B, 0x05, 0x0D, 0x06, 0x08, 0x0E, 0x05, 0x2E, 0x23, 0x23, 0x23, 0x25, 0x02, 0x14,
    0x0D, 0x0D, 0x14, 0x02, 0x0B, 0x09, 0x1E, 0x0A, 0x0C, 0x02, 0x14, 0x0D, 0x0E, 0x13, 0x03, 0x23,
    0x22, 0x22, 0x22, 0x2D, 0x06, 0x0E, 0x07, 0x06, 0x0D, 0x05, 0x0C, 0x01, 0x0A, 0xAD, 0x61, 0x61,
    0x61, 0x61, 0x61, 0x61, 0x61, 0x61, 0x61, 0x61, 0x83, 0x67, 0x67, 0x67, 0x67, 0x67, 0x67, 0x67,
    0x67, 0x67, 0x67, 0x03, 0x39, 0x24, 0x33, 0x33, 0x24, 0x24, 0x33, 0x33, 0x24, 0xE7, 0x77, 0x03,
    0x05, 0x01, 0x02, 0x03, 0x03, 0x02, 0x01, 0x05, 0x03, 0x77, 0x0B, 0x1E, 0x0A, 0x05, 0x04, 0x06,
    0x05, 0x33, 0x54, 0x8E, 0x45, 0x23, 0x0C, 0x12, 0x12, 0x0C, 0x23, 0xC1, 0xC1, 0x23, 0x0C, 0x12,
    0x12, 0x0C, 0x23, 0x45, 0x8E, 0x53, 0x31, 0x06, 0x06, 0x05, 0x04, 0x0A, 0x1E, 0x0B, 0xFE, 0x05,
    0x27, 0x82, 0x0E, 0x29, 0x07, 0xAD, 0x3B, 0xAE, 0x1B, 0x1A, 0x28, 0x82, 0x0D, 0x28, 0x07, 0xAD,
    0x3B, 0xAE, 0x1B, 0x00, 0x00, 0x03, 0x00, 0x03, 0xFF, 0xC9, 0x02, 0x7F, 0x03, 0xB5, 0x00, 0x0B,
    0x00, 0x39, 0x00, 0x97, 0x00, 0x00, 0x01, 0x14, 0x06, 0x23, 0x22, 0x26, 0x35, 0x34, 0x36, 0x33,
    0x32, 0x16, 0x37, 0x26, 0x06, 0x0F, 0x01, 0x1E, 0x01, 0x15, 0x14, 0x06, 0x23, 0x22, 0x26, 0x35,
    0x34, 0x36, 0x37, 0x27, 0x2E, 0x01, 0x07, 0x0E, 0x01, 0x1F, 0x01, 0x15, 0x14, 0x16, 0x33, 0x32,
    0x36, 0x3D, 0x01, 0x33, 0x15, 0x14, 0x16, 0x33, 0x32, 0x36, 0x3D, 0x01, 0x37, 0x36, 0x26, 0x27,
    0x03, 0x22, 0x07, 0x0E, 0x01, 0x07, 0x06, 0x15, 0x14, 0x16, 0x17, 0x30, 0x17, 0x1E, 0x01, 0x17,
    0x16, 0x31, 0x3E, 0x01, 0x37, 0x27, 0x3E, 0x01, 0x33, 0x32, 0x16, 0x1F, 0x01, 0x30, 0x32, 0x31,
    0x32, 0x16, 0x17, 0x27, 0x3E, 0x01, 0x33, 0x32, 0x16, 0x17, 0x15, 0x3A, 0x01, 0x33, 0x3A, 0x01,
    0x33, 0x35, 0x3E, 0x01, 0x33, 0x32, 0x16, 0x17, 0x07, 0x36, 0x32, 0x33, 0x3A, 0x01, 0x33, 0x37,
    0x38, 0x01, 0x31, 0x3E, 0x01, 0x33, 0x32, 0x16, 0x17, 0x07, 0x1E, 0x01, 0x15, 0x30, 0x37, 0x3E,
    0x01, 0x37, 0x36, 0x31, 0x3E, 0x01, 0x35, 0x34, 0x27, 0x2E, 0x01, 0x27, 0x26, 0x23, 0x01, 0x6C,
    0x1D, 0x15, 0x14, 0x1D, 0x1D, 0x14, 0x15, 0x1D, 0x25, 0x09, 0x0F, 0x02, 0x0D, 0x05, 0x06, 0x22,
    0x19, 0x18, 0x22, 0x05, 0x04, 0x0E, 0x02, 0x0F, 0x09, 0x08, 0x08, 0x02, 0x33, 0x0C, 0x09, 0x09,
    0x0C, 0x13, 0x0C, 0x09, 0x08, 0x0D, 0x31, 0x03, 0x08, 0x08, 0x50, 0x42, 0x3A, 0x3A, 0x56, 0x19,
    0x19, 0x05, 0x06, 0x1E, 0x1E, 0x47, 0x1E, 0x1E, 0x01, 0x02, 0x02, 0xB8, 0x0B, 0x17, 0x0D, 0x1A,
    0x2B, 0x0F, 0x4C, 0x01, 0x04, 0x06, 0x03, 0x50, 0x0E, 0x23, 0x15, 0x16, 0x26, 0x0E, 0x01, 0x03,
    0x02, 0x02, 0x03, 0x01, 0x0E, 0x27, 0x17, 0x14, 0x23, 0x0E, 0x50, 0x02, 0x05, 0x02, 0x01, 0x03,
    0x01, 0x4C, 0x0E, 0x2D, 0x1B, 0x0E, 0x1A, 0x0B, 0xC2, 0x02, 0x03, 0x1F, 0x20, 0x4B, 0x20, 0x1F,
    0x06, 0x06, 0x19, 0x19, 0x56, 0x3A, 0x3A, 0x42, 0x01, 0x2A, 0x15, 0x1D, 0x1D, 0x15, 0x14, 0x1E,
    0x1E, 0x47, 0x02, 0x08, 0x08, 0x2B, 0x07, 0x12, 0x09, 0x18, 0x22, 0x22, 0x18, 0x08, 0x10, 0x07,
    0x2E, 0x08, 0x08, 0x02, 0x03, 0x0F, 0x08, 0xA7, 0xE4, 0x09, 0x0C, 0x0C, 0x09, 0x48, 0x4A, 0x09,
    0x0C, 0x0C, 0x09, 0xE9, 0xA4, 0x08, 0x0F, 0x03, 0x02, 0x30, 0x16, 0x16, 0x4B, 0x33, 0x33, 0x39,
    0x13, 0x25, 0x12, 0x23, 0x24, 0x55, 0x24, 0x23, 0x03, 0x07, 0x03, 0xDB, 0x04, 0x04, 0x10, 0x0C,
    0xBB, 0x01, 0x02, 0xC4, 0x0A, 0x0C, 0x0E, 0x0C, 0xE7, 0xE6, 0x0C, 0x0F, 0x0C, 0x0A, 0xC2, 0x01,
    0xB9, 0x0D, 0x11, 0x05, 0x05, 0xD9, 0x03, 0x07, 0x03, 0x23, 0x23, 0x55, 0x23, 0x23, 0x12, 0x26,
    0x14, 0x39, 0x33, 0x33, 0x4B, 0x16, 0x16, 0x00, 0x00, 0x03, 0x00, 0xDC, 0x01, 0x34, 0x03, 0x29,
    0x02, 0xD4, 0x00, 0x4C, 0x00, 0x83, 0x00, 0xCA, 0x00, 0x00, 0x01, 0x2A, 0x01, 0x23, 0x2E, 0x01,
    0x35, 0x34, 0x36, 0x3F, 0x01, 0x3E, 0x01, 0x37, 0x3E, 0x01, 0x37, 0x3E, 0x01, 0x37, 0x3E, 0x01,
    0x33, 0x32, 0x16, 0x1F, 0x01, 0x1E, 0x01, 0x17, 0x1E, 0x01, 0x17, 0x1E, 0x01, 0x17, 0x1E, 0x01,
    0x17, 0x14, 0x06, 0x07, 0x0E, 0x01, 0x23, 0x30, 0x22, 0x23, 0x2A, 0x01, 0x23, 0x22, 0x26, 0x23,
    0x3C, 0x01, 0x31, 0x26, 0x34, 0x35, 0x34, 0x26, 0x2F, 0x01, 0x2E, 0x01, 0x23, 0x22, 0x06, 0x07,
    0x0E, 0x01, 0x1D, 0x01, 0x2A, 0x01, 0x23, 0x01, 0x32, 0x16, 0x1F, 0x01, 0x1E, 0x01, 0x17, 0x1E,
    0x01, 0x17, 0x1E, 0x01, 0x17, 0x1E, 0x01, 0x17, 0x14, 0x06, 0x07, 0x3C, 0x01, 0x35, 0x34, 0x26,
    0x2F, 0x01, 0x2E, 0x01, 0x23, 0x22, 0x06, 0x07, 0x0E, 0x01, 0x15, 0x26, 0x34, 0x35, 0x34, 0x36,
    0x3F, 0x01, 0x3E, 0x01, 0x37, 0x3E, 0x01, 0x37, 0x3E, 0x01, 0x37, 0x3E, 0x01, 0x33, 0x35, 0x22,
    0x06, 0x07, 0x0E, 0x01, 0x07, 0x0E, 0x01, 0x07, 0x0E, 0x01, 0x15, 0x14, 0x16, 0x17, 0x3A, 0x01,
    0x33, 0x32, 0x36, 0x31, 0x30, 0x16, 0x33, 0x32, 0x36, 0x35, 0x3C, 0x01, 0x35, 0x34, 0x36, 0x37,
    0x3E, 0x01, 0x33, 0x32, 0x16, 0x17, 0x1E, 0x01, 0x31, 0x1C, 0x01, 0x17, 0x14, 0x16, 0x33, 0x32,
    0x16, 0x33, 0x32, 0x36, 0x37, 0x3E, 0x01, 0x35, 0x2E, 0x01, 0x27, 0x2E, 0x01, 0x27, 0x2E, 0x01,
    0x27, 0x2E, 0x01, 0x23, 0x31, 0x01, 0x01, 0x02, 0x04, 0x02, 0x03, 0x0A, 0x05, 0x06, 0x03, 0x02,
    0x07, 0x03, 0x05, 0x09, 0x03, 0x04, 0x21, 0x16, 0x1E, 0x5A, 0x3D, 0x50, 0x43, 0x1C, 0x02, 0x0C,
    0x20, 0x0E, 0x03, 0x0A, 0x05, 0x03, 0x05, 0x03, 0x06, 0x03, 0x01, 0x03, 0x02, 0x01, 0x01, 0x01,
    0x01, 0x02, 0x02, 0x06, 0x03, 0x03, 0x05, 0x03, 0x01, 0x08, 0x14, 0x04, 0x10, 0x47, 0x79, 0x84,
    0x4B, 0x0B, 0x0C, 0x14, 0x02, 0x07, 0x03, 0x01, 0x06, 0x4A, 0x3D, 0x1C, 0x02, 0x0A, 0x1F, 0x0D,
    0x04, 0x0A, 0x06, 0x03, 0x05, 0x02, 0x05, 0x03, 0x01, 0x01, 0x01, 0x0B, 0x19, 0x03, 0x16, 0x50,
    0x73, 0x7D, 0x56, 0x11, 0x0D, 0x19, 0x01, 0x04, 0x06, 0x03, 0x02, 0x06, 0x03, 0x05, 0x0B, 0x03,
    0x03, 0x20, 0x14, 0x1C, 0x54, 0x39, 0x53, 0x59, 0x16, 0x17, 0x22, 0x04, 0x04, 0x12, 0x07, 0x07,
    0x08, 0x12, 0x08, 0x03, 0x05, 0x03, 0x07, 0x0A, 0x02, 0x01, 0x02, 0x06, 0x0F, 0x0A, 0x0B, 0x4A,
    0x7C, 0x7D, 0x3F, 0x10, 0x0F, 0x05, 0x01, 0x04, 0x07, 0x08, 0x0E, 0x05, 0x07, 0x0A, 0x04, 0x03,
    0x03, 0x01, 0x03, 0x07, 0x08, 0x10, 0x05, 0x03, 0x1D, 0x1D, 0x1E, 0x49, 0x56, 0x01, 0x44, 0x01,
    0x16, 0x17, 0x19, 0x16, 0x0E, 0x07, 0x07, 0x0D, 0x06, 0x0A, 0x14, 0x0C, 0x11, 0x56, 0x1A, 0x25,
    0x24, 0x2B, 0x1E, 0x02, 0x0D, 0x3E, 0x3C, 0x10, 0x15, 0x0A, 0x05, 0x0B, 0x07, 0x0E, 0x18, 0x15,
    0x0E, 0x15, 0x05, 0x03, 0x02, 0x01, 0x01, 0x01, 0x09, 0x0D, 0x0C, 0x02, 0x1A, 0x0C, 0x02, 0x0A,
    0x12, 0x18, 0x09, 0x09, 0x14, 0x0E, 0x1F, 0x01, 0x70, 0x26, 0x1D, 0x03, 0x0A, 0x39, 0x3E, 0x10,
    0x17, 0x0A, 0x06, 0x0A, 0x06, 0x0C, 0x16, 0x14, 0x09, 0x0D, 0x05, 0x04, 0x09, 0x07, 0x04, 0x23,
    0x0F, 0x02, 0x0D, 0x11, 0x17, 0x0D, 0x0A, 0x1A, 0x13, 0x03, 0x07, 0x04, 0x17, 0x12, 0x0E, 0x07,
    0x06, 0x0C, 0x06, 0x0B, 0x16, 0x0E, 0x0F, 0x53, 0x18, 0x22, 0x21, 0x20, 0x35, 0x1A, 0x1C, 0x5A,
    0x11, 0x12, 0x1E, 0x12, 0x12, 0x19, 0x1F, 0x1E, 0x1F, 0x01, 0x01, 0x01, 0x05, 0x09, 0x0E, 0x0C,
    0x07, 0x08, 0x0E, 0x08, 0x08, 0x16, 0x13, 0x09, 0x08, 0x12, 0x0D, 0x0D, 0x09, 0x05, 0x0C, 0x01,
    0x05, 0x0A, 0x07, 0x18, 0x0F, 0x15, 0x1C, 0x10, 0x14, 0x19, 0x15, 0x0E, 0x63, 0x1F, 0x1F, 0x31,
    0x00, 0x03, 0x00, 0x72, 0xFF, 0xF7, 0x03, 0x92, 0x03, 0x9A, 0x00, 0x3C, 0x00, 0x40, 0x00, 0x44,
    0x00, 0x00, 0x01, 0x23, 0x2E, 0x01, 0x27, 0x37, 0x27, 0x07, 0x2E, 0x01, 0x23, 0x22, 0x06, 0x07,
    0x27, 0x07, 0x17, 0x0E, 0x01, 0x07, 0x23, 0x15, 0x33, 0x1C, 0x01, 0x15, 0x1C, 0x01, 0x15, 0x23,
    0x15, 0x33, 0x1E, 0x01, 0x17, 0x23, 0x15, 0x33, 0x1E, 0x01, 0x33, 0x32, 0x36, 0x37, 0x33, 0x35,
    0x23, 0x3E, 0x01, 0x35, 0x33, 0x35, 0x23, 0x3C, 0x01, 0x35, 0x3C, 0x01, 0x27, 0x33, 0x35, 0x01,
    0x21, 0x35, 0x21, 0x37, 0x21, 0x35, 0x21, 0x03, 0x92, 0x8D, 0x0B, 0x20, 0x16, 0x38, 0x4A, 0x5A,
    0x13, 0x2B, 0x18, 0x1E, 0x33, 0x16, 0x6C, 0x4A, 0x4C, 0x14, 0x1D, 0x09, 0x85, 0x6B, 0x6B, 0x6C,
    0x01, 0x02, 0x02, 0x71, 0xA0, 0x20, 0x7C, 0x6A, 0x5F, 0x6D, 0x1B, 0x93, 0x6E, 0x01, 0x02, 0x6B,
    0x6C, 0x01, 0x6D, 0xFF, 0x00, 0xFE, 0xDB, 0x01, 0x25, 0x0B, 0xFE, 0xD1, 0x01, 0x2F, 0x02, 0xBD,
    0x16, 0x26, 0x0F, 0x38, 0x4A, 0x5B, 0x03, 0x04, 0x04, 0x04, 0x6C, 0x49, 0x4C, 0x0F, 0x24, 0x15,
    0x7A, 0x0D, 0x3B, 0x0E, 0x01, 0x03, 0x01, 0x79, 0x0F, 0x5F, 0x0F, 0x79, 0x39, 0x49, 0x49, 0x39,
    0x79, 0x0F, 0x5F, 0x0F, 0x79, 0x01, 0x03, 0x01, 0x0E, 0x3B, 0x0D, 0x7A, 0xFE, 0x01, 0x80, 0xA7,
    0x85, 0x00, 0x00, 0x00, 0x00, 0x03, 0x00, 0x23, 0xFF, 0xE0, 0x06, 0xBD, 0x03, 0xA2, 0x00, 0x42,
    0x00, 0x65, 0x00, 0x84, 0x00, 0x00, 0x01, 0x14, 0x16, 0x17, 0x1E, 0x01, 0x17, 0x1E, 0x01, 0x07,
    0x0E, 0x01, 0x07, 0x0E, 0x01, 0x15, 0x14, 0x17, 0x1E, 0x01, 0x17, 0x16, 0x15, 0x32, 0x36, 0x37,
    0x36, 0x16, 0x17, 0x1E, 0x01, 0x17, 0x1E, 0x01, 0x07, 0x06, 0x16, 0x1F, 0x01, 0x37, 0x3E, 0x01,
    0x37, 0x3E, 0x01, 0x37, 0x30, 0x26, 0x27, 0x2E, 0x01, 0x27, 0x2E, 0x01, 0x37, 0x36, 0x26, 0x27,
    0x2E, 0x01, 0x27, 0x2E, 0x01, 0x27, 0x2E, 0x01, 0x15, 0x03, 0x06, 0x07, 0x0E, 0x01, 0x07, 0x06,
    0x07, 0x0E, 0x01, 0x17, 0x14, 0x16, 0x17, 0x1E, 0x01, 0x37, 0x3E, 0x01, 0x37, 0x3E, 0x01, 0x37,
    0x3E, 0x01, 0x37, 0x3E, 0x01, 0x35, 0x34, 0x26, 0x27, 0x22, 0x06, 0x07, 0x0D, 0x01, 0x15, 0x14,
    0x16, 0x1F, 0x01, 0x37, 0x36, 0x37, 0x3E, 0x01, 0x37, 0x36, 0x37, 0x3E, 0x01, 0x37, 0x3E, 0x01,
    0x27, 0x2E, 0x01, 0x27, 0x22, 0x07, 0x0E, 0x01, 0x07, 0x06, 0x07, 0x04, 0x84, 0x0D, 0x0A, 0x22,
    0x69, 0x17, 0x2E, 0x25, 0x03, 0x03, 0x36, 0x27, 0x08, 0x0B, 0x08, 0x09, 0x15, 0x0A, 0x09, 0x01,
    0x11, 0x0B, 0x19, 0x15, 0x1E, 0x16, 0x1D, 0x06, 0x08, 0x08, 0x02, 0x01, 0x03, 0x0A, 0x0D, 0x08,
    0x03, 0x2F, 0x1E, 0x1D, 0x2B, 0x01, 0x07, 0x06, 0x09, 0x0B, 0x0D, 0x2A, 0x16, 0x11, 0x07, 0x04,
    0x0B, 0x11, 0x34, 0x1C, 0x20, 0x6E, 0x51, 0x2C, 0x68, 0x80, 0x30, 0x2D, 0x2D, 0x49, 0x18, 0x18,
    0x06, 0x13, 0x0C, 0x01, 0x11, 0x0A, 0x13, 0x0A, 0x04, 0x03, 0x5D, 0x3F, 0x3F, 0x6D, 0x0D, 0x14,
    0x82, 0x1C, 0x05, 0x06, 0x3B, 0x01, 0x01, 0x8C, 0x61, 0xFD, 0x66, 0xFE, 0xB9, 0x1A, 0x18, 0x05,
    0x46, 0x3D, 0x3A, 0x39, 0x6C, 0x34, 0x34, 0x33, 0x1E, 0x44, 0x11, 0x18, 0x10, 0x01, 0x15, 0x25,
    0x03, 0x01, 0x1A, 0x1B, 0x5A, 0x3B, 0x3C, 0x43, 0x03, 0xA2, 0x01, 0x09, 0x06, 0x15, 0x46, 0x11,
    0x22, 0x27, 0x0C, 0x0E, 0x2C, 0x14, 0x04, 0x08, 0x01, 0x01, 0x18, 0x17, 0x39, 0x18, 0x18, 0x01,
    0x05, 0x05, 0x0A, 0x03, 0x11, 0x0D, 0x1B, 0x0E, 0x10, 0x31, 0x15, 0x12, 0x10, 0x1B, 0x24, 0x03,
    0x01, 0x11, 0x0B, 0x0B, 0x10, 0x01, 0x14, 0x0E, 0x16, 0x11, 0x0D, 0x2A, 0x4C, 0x33, 0x13, 0x27,
    0x22, 0x33, 0x58, 0x19, 0x1D, 0x2F, 0x14, 0x0B, 0x10, 0x03, 0xFE, 0x70, 0x12, 0x11, 0x10, 0x1B,
    0x09, 0x09, 0x02, 0x07, 0x06, 0x04, 0x02, 0x33, 0x22, 0x39, 0x18, 0x01, 0x01, 0x28, 0x1B, 0x1B,
    0x2F, 0x05, 0x08, 0x2E, 0x09, 0x02, 0x03, 0x01, 0x04, 0x93, 0x01, 0x32, 0x24, 0xF6, 0x79, 0x1E,
    0x2D, 0x52, 0x1F, 0x07, 0x19, 0x16, 0x16, 0x15, 0x2A, 0x15, 0x16, 0x15, 0x0D, 0x1D, 0x07, 0x0A,
    0x09, 0x03, 0x41, 0x68, 0x01, 0x0A, 0x09, 0x21, 0x16, 0x16, 0x19, 0x00, 0x00, 0x05, 0x00, 0x27,
    0xFF, 0xE5, 0x05, 0x29, 0x03, 0x8C, 0x00, 0x39, 0x00, 0x51, 0x00, 0x90, 0x00, 0xB3, 0x00, 0xCB,
    0x00, 0x00, 0x01, 0x07, 0x1F, 0x01, 0x07, 0x0E, 0x01, 0x07, 0x06, 0x26, 0x27, 0x2E, 0x01, 0x31,
    0x26, 0x06, 0x07, 0x22, 0x17, 0x1E, 0x01, 0x17, 0x16, 0x33, 0x32, 0x36, 0x37, 0x30, 0x26, 0x27,
    0x2E, 0x01, 0x31, 0x34, 0x36, 0x3F, 0x01, 0x17, 0x1E, 0x01, 0x31, 0x14, 0x36, 0x37, 0x36, 0x34,
    0x2F, 0x02, 0x2E, 0x01, 0x27, 0x2E, 0x01, 0x27, 0x26, 0x06, 0x0F, 0x02, 0x17, 0x1E, 0x01, 0x17,
    0x1E, 0x01, 0x1F, 0x01, 0x37, 0x3E, 0x01, 0x35, 0x26, 0x27, 0x2E, 0x01, 0x27, 0x26, 0x23, 0x30,
    0x06, 0x07, 0x05, 0x0E, 0x01, 0x31, 0x22, 0x16, 0x17, 0x1E, 0x01, 0x15, 0x30, 0x06, 0x07, 0x0E,
    0x01, 0x07, 0x06, 0x16, 0x1F, 0x01, 0x37, 0x3E, 0x01, 0x17, 0x1E, 0x01, 0x17, 0x1E, 0x01, 0x17,
    0x16, 0x36, 0x35, 0x34, 0x26, 0x27, 0x2E, 0x01, 0x37, 0x30, 0x36, 0x37, 0x3E, 0x01, 0x33, 0x34,
    0x26, 0x27, 0x22, 0x06, 0x07, 0x0E, 0x01, 0x23, 0x06, 0x26, 0x27, 0x2E, 0x01, 0x31, 0x30, 0x06,
    0x07, 0x01, 0x0E, 0x01, 0x15, 0x0E, 0x01, 0x15, 0x14, 0x06, 0x07, 0x0E, 0x01, 0x15, 0x14, 0x16,
    0x1F, 0x01, 0x37, 0x17, 0x37, 0x3E, 0x01, 0x33, 0x36, 0x26, 0x27, 0x2E, 0x01, 0x27, 0x2E, 0x01,
    0x23, 0x30, 0x06, 0x07, 0x05, 0x0E, 0x01, 0x23, 0x06, 0x14, 0x17, 0x1E, 0x01, 0x1F, 0x01, 0x37,
    0x3E, 0x01, 0x37, 0x36, 0x26, 0x27, 0x2E, 0x01, 0x27, 0x26, 0x06, 0x07, 0x04, 0xC4, 0x05, 0x06,
    0x05, 0x2F, 0x13, 0x1D, 0x01, 0x01, 0x06, 0x03, 0x03, 0x05, 0x01, 0x10, 0x06, 0x01, 0x10, 0x11,
    0x28, 0x11, 0x11, 0x01, 0x01, 0x12, 0x05, 0x05, 0x04, 0x04, 0x05, 0x1D, 0x14, 0x31, 0x05, 0x02,
    0x03, 0x05, 0x04, 0x04, 0x02, 0x03, 0x11, 0x06, 0x0B, 0x02, 0x02, 0x1B, 0x17, 0x03, 0x05, 0x02,
    0xCE, 0x2B, 0x07, 0x0B, 0x14, 0x0A, 0x13, 0x18, 0x07, 0x05, 0x2F, 0x14, 0x1A, 0x01, 0x11, 0x10,
    0x28, 0x11, 0x10, 0x01, 0x1B, 0x12, 0xFE, 0xD2, 0x11, 0x19, 0x01, 0x11, 0x0C, 0x0C, 0x12, 0x17,
    0x10, 0x10, 0x17, 0x01, 0x01, 0x2D, 0x0A, 0x04, 0x28, 0x19, 0x10, 0x02, 0x01, 0x0F, 0x09, 0x09,
    0x0E, 0x01, 0x02, 0x54, 0x0F, 0x0A, 0x0B, 0x0D, 0x01, 0x19, 0x10, 0x11, 0x17, 0x01, 0x37, 0x03,
    0x01, 0x17, 0x11, 0x10, 0x19, 0x02, 0x01, 0x10, 0x0F, 0x0D, 0x12, 0x19, 0x11, 0xFE, 0xB7, 0x49,
    0x48, 0x01, 0x01, 0x04, 0x09, 0x05, 0x07, 0x32, 0x13, 0x0C, 0x1A, 0x1D, 0x92, 0x3C, 0x56, 0x01,
    0x01, 0x09, 0x06, 0x1E, 0x36, 0x09, 0x02, 0x02, 0x01, 0x56, 0x3B, 0xFE, 0xEE, 0x1C, 0x29, 0x01,
    0x02, 0x02, 0x03, 0x25, 0x13, 0x0F, 0x47, 0x1D, 0x2C, 0x01, 0x01, 0x10, 0x16, 0x11, 0x18, 0x02,
    0x01, 0x1C, 0x28, 0x03, 0x8A, 0x03, 0x09, 0x08, 0x20, 0x0D, 0x13, 0x01, 0x01, 0x06, 0x05, 0x05,
    0x08, 0x01, 0x0B, 0x05, 0x19, 0x1A, 0x3C, 0x19, 0x19, 0x0B, 0x04, 0x09, 0x06, 0x06, 0x09, 0x01,
    0x14, 0x0E, 0x21, 0x06, 0x03, 0x05, 0x02, 0x01, 0x03, 0x03, 0x09, 0x15, 0x1D, 0x18, 0x0A, 0x11,
    0x02, 0x02, 0x0D, 0x09, 0x01, 0x01, 0x02, 0x7E, 0x1D, 0x06, 0x09, 0x14, 0x0D, 0x19, 0x2F, 0x1B,
    0x14, 0x1F, 0x0E, 0x13, 0x01, 0x02, 0x19, 0x1A, 0x3B, 0x19, 0x18, 0x11, 0x0D, 0x7D, 0x0C, 0x11,
    0x1B, 0x12, 0x12, 0x1A, 0x01, 0x10, 0x0B, 0x0B, 0x10, 0x01, 0x01, 0x44, 0x0E, 0x05, 0x1C, 0x11,
    0x09, 0x02, 0x01, 0x15, 0x0E, 0x0D, 0x15, 0x01, 0x02, 0x38, 0x02, 0x01, 0x17, 0x0F, 0x10, 0x17,
    0x01, 0x11, 0x0B, 0x0B, 0x10, 0x01, 0x52, 0x05, 0x0F, 0x0C, 0x0B, 0x11, 0x01, 0x14, 0x17, 0x12,
    0x1A, 0x10, 0x0C, 0xFE, 0xCF, 0x32, 0x32, 0x03, 0x02, 0x08, 0x03, 0x06, 0x05, 0x06, 0x03, 0x06,
    0x01, 0x01, 0x4C, 0x1C, 0x11, 0x11, 0x08, 0x63, 0x29, 0x3B, 0x01, 0x08, 0x05, 0x17, 0x4B, 0x21,
    0x04, 0x06, 0x3A, 0x28, 0xD4, 0x13, 0x1D, 0x01, 0x08, 0x0B, 0x19, 0x36, 0x0A, 0x08, 0x2C, 0x12,
    0x1B, 0x01, 0x02, 0x19, 0x20, 0x18, 0x23, 0x01, 0x01, 0x11, 0x1C, 0x00, 0x00, 0x01, 0x00, 0x1C,
    0x00, 0x16, 0x03, 0x72, 0x03, 0x6C, 0x00, 0x6B, 0x00, 0x00, 0x01, 0x0E, 0x01, 0x07, 0x0E, 0x01,
    0x07, 0x0E, 0x01, 0x07, 0x0E, 0x01, 0x07, 0x0E, 0x01, 0x07, 0x0E, 0x01, 0x07, 0x0E, 0x01, 0x07,
    0x0E, 0x01, 0x07, 0x0E, 0x01, 0x07, 0x15, 0x07, 0x06, 0x16, 0x17, 0x1E, 0x01, 0x17, 0x1E, 0x01,
    0x17, 0x1E, 0x01, 0x17, 0x1E, 0x01, 0x17, 0x1E, 0x01, 0x17, 0x1E, 0x01, 0x17, 0x1E, 0x01, 0x17,
    0x1E, 0x01, 0x17, 0x1E, 0x01, 0x37, 0x36, 0x32, 0x17, 0x1E, 0x01, 0x17, 0x1E, 0x01, 0x37, 0x3E,
    0x01, 0x37, 0x3E, 0x01, 0x37, 0x3E, 0x01, 0x37, 0x3E, 0x01, 0x37, 0x3E, 0x01, 0x37, 0x3E, 0x01,
    0x37, 0x3E, 0x01, 0x37, 0x3E, 0x01, 0x37, 0x36, 0x26, 0x27, 0x2E, 0x01, 0x27, 0x2E, 0x01, 0x27,
    0x2E, 0x01, 0x27, 0x2E, 0x01, 0x07, 0x01, 0xC5, 0x13, 0x15, 0x10, 0x10, 0x13, 0x0B, 0x05, 0x13,
    0x0C, 0x13, 0x12, 0x06, 0x04, 0x0B, 0x13, 0x1C, 0x22, 0x18, 0x0C, 0x17, 0x14, 0x12, 0x0E, 0x0A,
    0x0C, 0x07, 0x01, 0x07, 0x0F, 0x01, 0x10, 0x06, 0x0F, 0x05, 0x02, 0x0A, 0x06, 0x0C, 0x0D, 0x05,
    0x03, 0x05, 0x04, 0x07, 0x08, 0x02, 0x02, 0x03, 0x03, 0x06, 0x1F, 0x1C, 0x0D, 0x2E, 0x10, 0x0D,
    0x1E, 0x0E, 0x09, 0x0C, 0x10, 0x15, 0x14, 0x0F, 0x10, 0x16, 0x14, 0x08, 0x19, 0x09, 0x15, 0x1D,
    0x1B, 0x2A, 0x1F, 0x0C, 0x08, 0x13, 0x1A, 0x14, 0x14, 0x08, 0x09, 0x0D, 0x08, 0x09, 0x08, 0x0A,
    0x11, 0x0C, 0x02, 0x02, 0x05, 0x0C, 0x07, 0x0E, 0x05, 0x09, 0x25, 0x0B, 0x19, 0x6A, 0x26, 0x1E,
    0x55, 0x2F, 0x03, 0x6C, 0x01, 0x03, 0x05, 0x04, 0x09, 0x09, 0x04, 0x0B, 0x06, 0x09, 0x0E, 0x09,
    0x07, 0x04, 0x02, 0x02, 0x10, 0x16, 0x0A, 0x1D, 0x1B, 0x1B, 0x17, 0x16, 0x1D, 0x20, 0x1D, 0x19,
    0x0F, 0x25, 0x41, 0x29, 0x0F, 0x1E, 0x08, 0x02, 0x0F, 0x07, 0x0F, 0x16, 0x0D, 0x07, 0x06, 0x04,
    0x05, 0x10, 0x0B, 0x12, 0x0E, 0x06, 0x0C, 0x17, 0x0E, 0x07, 0x12, 0x04, 0x04, 0x01, 0x02, 0x03,
    0x01, 0x01, 0x04, 0x05, 0x05, 0x01, 0x03, 0x02, 0x04, 0x02, 0x04, 0x08, 0x0A, 0x10, 0x16, 0x17,
    0x0F, 0x0C, 0x06, 0x05, 0x09, 0x0A, 0x09, 0x16, 0x15, 0x16, 0x0F, 0x11, 0x1B, 0x2A, 0x30, 0x2B,
    0x32, 0x36, 0x1D, 0x32, 0x0D, 0x16, 0x44, 0x10, 0x22, 0x4E, 0x0C, 0x09, 0x08, 0x03, 0x00, 0x00,
    0x00, 0x05, 0x00, 0x31, 0xFF, 0xEB, 0x08, 0x8D, 0x03, 0x8F, 0x00, 0x6E, 0x00, 0x84, 0x00, 0xB9,
    0x00, 0xDC, 0x00, 0xEF, 0x00, 0x00, 0x01, 0x0E, 0x01, 0x0F, 0x01, 0x27, 0x2E, 0x01, 0x27, 0x26,
    0x36, 0x3F, 0x01, 0x07, 0x0E, 0x01, 0x07, 0x0E, 0x01, 0x07, 0x06, 0x07, 0x0E, 0x01, 0x07, 0x06,
    0x07, 0x05, 0x07, 0x0E, 0x01, 0x07, 0x06, 0x16, 0x17, 0x1E, 0x01, 0x37, 0x36, 0x37, 0x36, 0x24,
    0x37, 0x36, 0x37, 0x3E, 0x01, 0x17, 0x1E, 0x01, 0x17, 0x16, 0x36, 0x3D, 0x01, 0x33, 0x0F, 0x01,
    0x17, 0x1E, 0x01, 0x17, 0x1E, 0x01, 0x37, 0x3E, 0x01, 0x3F, 0x02, 0x36, 0x37, 0x3E, 0x01, 0x37,
    0x36, 0x37, 0x3E, 0x01, 0x3F, 0x01, 0x27, 0x2E, 0x01, 0x2F, 0x02, 0x2E, 0x01, 0x27, 0x30, 0x36,
    0x37, 0x3E, 0x01, 0x17, 0x1E, 0x01, 0x37, 0x36, 0x26, 0x27, 0x2E, 0x01, 0x27, 0x2E, 0x01, 0x23,
    0x22, 0x06, 0x07, 0x03, 0x16, 0x06, 0x07, 0x0E, 0x01, 0x07, 0x0E, 0x01, 0x27, 0x2E, 0x01, 0x27,
    0x26, 0x36, 0x37, 0x3E, 0x01, 0x37, 0x36, 0x16, 0x17, 0x07, 0x1E, 0x01, 0x07, 0x14, 0x06, 0x07,
    0x06, 0x07, 0x0E, 0x01, 0x07, 0x06, 0x07, 0x06, 0x07, 0x0E, 0x01, 0x07, 0x06, 0x27, 0x2E, 0x01,
    0x35, 0x2E, 0x01, 0x27, 0x2E, 0x01, 0x37, 0x3E, 0x01, 0x37, 0x36, 0x37, 0x3E, 0x01, 0x37, 0x36,
    0x37, 0x36, 0x37, 0x3E, 0x01, 0x37, 0x36, 0x37, 0x3E, 0x01, 0x37, 0x36, 0x16, 0x17, 0x05, 0x06,
    0x07, 0x0E, 0x01, 0x07, 0x06, 0x0F, 0x01, 0x17, 0x1E, 0x01, 0x1F, 0x01, 0x25, 0x36, 0x37, 0x3E,
    0x01, 0x37, 0x36, 0x37, 0x3E, 0x01, 0x27, 0x2E, 0x01, 0x23, 0x22, 0x07, 0x0E, 0x01, 0x07, 0x06,
    0x07, 0x05, 0x1E, 0x01, 0x15, 0x0E, 0x01, 0x07, 0x06, 0x22, 0x27, 0x2E, 0x01, 0x27, 0x26, 0x36,
    0x37, 0x3E, 0x01, 0x17, 0x07, 0x4B, 0x1A, 0x08, 0x0B, 0x0D, 0x0E, 0x06, 0x0A, 0x01, 0x01, 0x06,
    0x06, 0x0D, 0x0A, 0x0F, 0x2F, 0x39, 0x4E, 0x53, 0x24, 0x19, 0x47, 0x46, 0xF5, 0xB1, 0xB2, 0xF0,
    0xFE, 0xA4, 0x1A, 0x18, 0x14, 0x03, 0x03, 0x3B, 0x29, 0x1B, 0x28, 0x19, 0x30, 0x87, 0x87, 0x01,
    0x41, 0x9D, 0x9D, 0x5B, 0x84, 0x72, 0x37, 0x1F, 0x74, 0x05, 0x04, 0x05, 0x22, 0x01, 0x02, 0x27,
    0x11, 0x20, 0x07, 0x09, 0x07, 0x01, 0x01, 0x05, 0x03, 0x08, 0x1B, 0x1F, 0x24, 0x24, 0x40, 0x19,
    0x19, 0x0B, 0x02, 0x05, 0x01, 0x02, 0x33, 0x16, 0x37, 0x12, 0x2B, 0x16, 0x09, 0x0E, 0x01, 0x19,
    0x12, 0x17, 0x17, 0x03, 0x11, 0x91, 0x01, 0x03, 0x1F, 0x12, 0x12, 0x3C, 0x14, 0x1A, 0x2C, 0x29,
    0x15, 0x28, 0x06, 0xB4, 0x04, 0x01, 0x06, 0x03, 0x07, 0x02, 0x03, 0x10, 0x17, 0x20, 0x15, 0x02,
    0x01, 0x02, 0x02, 0x03, 0x04, 0x03, 0x05, 0x59, 0x05, 0xF6, 0x14, 0x1A, 0x01, 0x1F, 0x14, 0x03,
    0x2D, 0x2E, 0x99, 0x65, 0x64, 0x71, 0xB7, 0x6D, 0x6C, 0x74, 0x13, 0x13, 0x03, 0x06, 0x03, 0x01,
    0x0D, 0x19, 0x0E, 0x06, 0x03, 0x03, 0x1B, 0x6B, 0x15, 0x34, 0x33, 0x8E, 0x55, 0x54, 0x57, 0x57,
    0x4F, 0x4E, 0x7B, 0x26, 0x26, 0x06, 0x0B, 0x16, 0x04, 0x09, 0x14, 0x0F, 0xFD, 0xD8, 0x67, 0x5F,
    0x5E, 0x93, 0x2F, 0x2F, 0x08, 0x2A, 0x0C, 0x0C, 0x0D, 0x03, 0x02, 0x02, 0x17, 0x6E, 0x62, 0x62,
    0x94, 0x2C, 0x2B, 0x02, 0x15, 0x04, 0x14, 0x02, 0x0F, 0x07, 0x04, 0x2A, 0x29, 0x8A, 0x5D, 0x5D,
    0x6B, 0xFD, 0x59, 0x17, 0x20, 0x01, 0x18, 0x11, 0x0A, 0x2E, 0x0C, 0x05, 0x0E, 0x04, 0x1A, 0x0F,
    0x23, 0x11, 0x13, 0x12, 0x03, 0x8C, 0x04, 0x1B, 0x6D, 0x81, 0x02, 0x01, 0x02, 0x01, 0x01, 0x49,
    0x33, 0x7B, 0x03, 0x03, 0x2C, 0x3F, 0x58, 0x4C, 0x11, 0x0D, 0x16, 0x16, 0x42, 0x2E, 0x2D, 0x3C,
    0x57, 0x12, 0x10, 0x20, 0x18, 0x2B, 0x65, 0x14, 0x0D, 0x02, 0x0A, 0x13, 0x2A, 0x2A, 0x5E, 0x2B,
    0x2B, 0x16, 0x1F, 0x0E, 0x08, 0x04, 0x1A, 0x03, 0x02, 0x11, 0x0F, 0x10, 0x17, 0x16, 0x0D, 0x05,
    0x0A, 0x03, 0x03, 0x01, 0x03, 0x02, 0x16, 0x0E, 0x22, 0x03, 0x03, 0x0C, 0x0C, 0x24, 0x15, 0x14,
    0x14, 0x05, 0x11, 0x08, 0x12, 0x0A, 0x04, 0x0B, 0x03, 0x08, 0x2B, 0x12, 0x1B, 0x01, 0x20, 0x15,
    0x1B, 0x17, 0x01, 0x04, 0x1C, 0x01, 0x03, 0x39, 0x1B, 0x1B, 0x3D, 0x0C, 0x0F, 0x09, 0x02, 0x01,
    0xFE, 0xCF, 0x06, 0x28, 0x49, 0x26, 0x31, 0x02, 0x04, 0x01, 0x02, 0x02, 0x04, 0x04, 0x02, 0x3C,
    0x29, 0x34, 0x30, 0x04, 0x06, 0x05, 0x07, 0x66, 0x09, 0x27, 0x16, 0x13, 0x27, 0x05, 0x01, 0x0D,
    0x0E, 0x2D, 0x1E, 0x1D, 0x22, 0x36, 0x20, 0x1F, 0x21, 0x04, 0x04, 0x01, 0x04, 0x0D, 0x1E, 0x26,
    0x22, 0x1A, 0x0E, 0x0A, 0x07, 0x09, 0x09, 0x1A, 0x05, 0x0C, 0x0D, 0x22, 0x15, 0x14, 0x15, 0x15,
    0x14, 0x13, 0x1D, 0x09, 0x0A, 0x01, 0x02, 0x06, 0x01, 0x03, 0x04, 0x07, 0x96, 0x19, 0x17, 0x17,
    0x23, 0x0C, 0x0B, 0x02, 0x0A, 0x12, 0x11, 0x25, 0x1A, 0x1A, 0x9D, 0x21, 0x1D, 0x1D, 0x2B, 0x0D,
    0x0C, 0x01, 0x05, 0x2C, 0x0F, 0x02, 0x03, 0x0A, 0x09, 0x20, 0x16, 0x16, 0x1A, 0xA8, 0x08, 0x2A,
    0x17, 0x14, 0x28, 0x09, 0x05, 0x05, 0x02, 0x0B, 0x05, 0x1E, 0x47, 0x12, 0x09, 0x02, 0x06, 0x00,
    0x00, 0x05, 0x00, 0x2C, 0x00, 0x1B, 0x01, 0xE4, 0x03, 0x65, 0x00, 0x42, 0x00, 0x50, 0x00, 0xC8,
    0x00, 0xD3, 0x00, 0xE1, 0x00, 0x00, 0x13, 0x14, 0x16, 0x15, 0x14, 0x16, 0x33, 0x32, 0x14, 0x31,
    0x14, 0x16, 0x33, 0x1E, 0x01, 0x0F, 0x01, 0x15, 0x1C, 0x01, 0x17, 0x1E, 0x01, 0x33, 0x32, 0x36,
    0x33, 0x3E, 0x01, 0x3D, 0x01, 0x27, 0x2E, 0x01, 0x31, 0x30, 0x36, 0x33, 0x32, 0x36, 0x3D, 0x01,
    0x27, 0x2A, 0x01, 0x23, 0x22, 0x06, 0x07, 0x30, 0x06, 0x1D, 0x01, 0x2F, 0x01, 0x23, 0x0F, 0x01,
    0x35, 0x3C, 0x01, 0x23, 0x34, 0x26, 0x23, 0x27, 0x15, 0x17, 0x14, 0x06, 0x23, 0x22, 0x14, 0x1D,
    0x01, 0x33, 0x35, 0x23, 0x22, 0x06, 0x31, 0x0F, 0x01, 0x15, 0x17, 0x1E, 0x01, 0x31, 0x14, 0x22,
    0x23, 0x22, 0x06, 0x07, 0x14, 0x06, 0x15, 0x14, 0x16, 0x17, 0x32, 0x16, 0x33, 0x17, 0x0F, 0x01,
    0x15, 0x1C, 0x01, 0x33, 0x30, 0x32, 0x15, 0x16, 0x06, 0x23, 0x2A, 0x01, 0x15, 0x1C, 0x01, 0x23,
    0x22, 0x06, 0x15, 0x14, 0x06, 0x1D, 0x01, 0x33, 0x32, 0x36, 0x31, 0x34, 0x32, 0x33, 0x32, 0x34,
    0x35, 0x34, 0x36, 0x17, 0x14, 0x16, 0x33, 0x14, 0x32, 0x3B, 0x01, 0x37, 0x3E, 0x01, 0x33, 0x32,
    0x14, 0x15, 0x06, 0x16, 0x33, 0x30, 0x32, 0x15, 0x30, 0x16, 0x33, 0x32, 0x36, 0x31, 0x34, 0x36,
    0x3B, 0x01, 0x35, 0x34, 0x26, 0x23, 0x30, 0x26, 0x35, 0x34, 0x22, 0x23, 0x22, 0x26, 0x37, 0x34,
    0x36, 0x27, 0x35, 0x2F, 0x01, 0x33, 0x3D, 0x01, 0x27, 0x3F, 0x01, 0x27, 0x35, 0x21, 0x07, 0x05,
    0x14, 0x06, 0x0F, 0x01, 0x3D, 0x01, 0x17, 0x1E, 0x01, 0x15, 0x0F, 0x01, 0x27, 0x2E, 0x01, 0x31,
    0x34, 0x36, 0x3F, 0x01, 0x17, 0x1C, 0x01, 0x15, 0x2D, 0x01, 0x01, 0x01, 0x01, 0x05, 0x04, 0x0A,
    0x01, 0x03, 0x04, 0x02, 0x02, 0x41, 0x84, 0x64, 0x62, 0x01, 0x01, 0x01, 0x03, 0x02, 0x01, 0x05,
    0x04, 0x0A, 0x03, 0x04, 0x02, 0x20, 0x14, 0x20, 0x12, 0x01, 0x01, 0x06, 0x06, 0xBC, 0x07, 0x07,
    0x01, 0x14, 0x23, 0x37, 0x15, 0x01, 0x01, 0x02, 0x37, 0x19, 0x0B, 0x0F, 0x02, 0x02, 0x03, 0x01,
    0x02, 0x06, 0x05, 0x07, 0x04, 0x01, 0x01, 0x01, 0x01, 0x01, 0x07, 0x04, 0x0B, 0x03, 0x03, 0x01,
    0x02, 0x01, 0x02, 0x06, 0x06, 0x04, 0x01, 0x01, 0x01, 0x01, 0x35, 0x1A, 0x1B, 0x01, 0x01, 0x02,
    0x02, 0x01, 0x01, 0x01, 0x3D, 0x2A, 0x67, 0x01, 0x01, 0x01, 0x01, 0x01, 0x01, 0x01, 0x02, 0x01,
    0x1A, 0x18, 0x17, 0x1B, 0x02, 0x01, 0x03, 0x01, 0x01, 0x01, 0x04, 0x05, 0x06, 0x03, 0x02, 0x01,
    0x01, 0x03, 0x03, 0x1D, 0x1D, 0x03, 0x04, 0x01, 0xFE, 0x75, 0x02, 0x01, 0x5A, 0x09, 0x20, 0x0D,
    0x1B, 0x12, 0x09, 0xED, 0x01, 0x1E, 0x0C, 0x11, 0x11, 0x0C, 0x1E, 0x01, 0x03, 0x33, 0x14, 0x1F,
    0x01, 0x02, 0x01, 0x01, 0x01, 0x01, 0x01, 0x01, 0x05, 0x06, 0x0D, 0x09, 0x04, 0x01, 0x01, 0x01,
    0x01, 0x01, 0x05, 0x0B, 0x0F, 0x04, 0x02, 0x03, 0x01, 0x09, 0x2D, 0x33, 0x01, 0x01, 0x01, 0x08,
    0x04, 0x0B, 0x04, 0x04, 0x04, 0x03, 0x0A, 0x05, 0x07, 0x01, 0x01, 0x01, 0x32, 0x81, 0x01, 0x01,
    0x08, 0x17, 0x1F, 0x41, 0x01, 0x60, 0x02, 0x8B, 0x02, 0x02, 0x02, 0x01, 0x01, 0x01, 0x01, 0x14,
    0x12, 0x19, 0x0B, 0x01, 0x01, 0x01, 0x04, 0x05, 0x6D, 0x3A, 0x34, 0x01, 0x01, 0x01, 0x01, 0x01,
    0x01, 0x01, 0x01, 0x01, 0x1F, 0x14, 0x33, 0x01, 0x01, 0x03, 0x06, 0x06, 0x04, 0x03, 0x01, 0x01,
    0x01, 0x03, 0x01, 0x02, 0x03, 0x04, 0x05, 0x07, 0x01, 0x01, 0x01, 0x01, 0x01, 0x33, 0x1E, 0x15,
    0x01, 0x01, 0x01, 0x01, 0x02, 0x01, 0x32, 0x3B, 0x6D, 0x05, 0x05, 0x27, 0x27, 0x01, 0x05, 0x04,
    0x47, 0x47, 0x03, 0xBA, 0x02, 0x0A, 0x1F, 0x0D, 0x39, 0x3A, 0x1C, 0x12, 0x0B, 0x02, 0x1B, 0x1A,
    0x1B, 0x0C, 0x11, 0x01, 0x0F, 0x0A, 0x18, 0x1B, 0x0B, 0x1F, 0x0B, 0x00, 0x00, 0x0A, 0x00, 0x35,
    0x00, 0xAA, 0x05, 0xA7, 0x03, 0x0A, 0x00, 0x31, 0x00, 0x47, 0x00, 0x5D, 0x00, 0x70, 0x00, 0x83,
    0x00, 0x95, 0x00, 0xA8, 0x00, 0xB8, 0x00, 0xCB, 0x00, 0xE1, 0x00, 0x00, 0x01, 0x0E, 0x01, 0x1D,
    0x01, 0x07, 0x0E, 0x01, 0x2B, 0x01, 0x15, 0x25, 0x1F, 0x02, 0x1E, 0x01, 0x1F, 0x01, 0x21, 0x32,
    0x37, 0x3A, 0x01, 0x37, 0x36, 0x37, 0x3E, 0x01, 0x37, 0x3E, 0x01, 0x35, 0x36, 0x26, 0x35, 0x2F,
    0x01, 0x2E, 0x01, 0x2F, 0x01, 0x25, 0x22, 0x23, 0x22, 0x06, 0x23, 0x22, 0x07, 0x05, 0x1E, 0x01,
    0x1F, 0x01, 0x0F, 0x01, 0x23, 0x22, 0x26, 0x27, 0x2E, 0x01, 0x35, 0x34, 0x36, 0x37, 0x3E, 0x01,
    0x3B, 0x01, 0x17, 0x03, 0x1E, 0x01, 0x17, 0x16, 0x06, 0x23, 0x22, 0x26, 0x27, 0x2E, 0x01, 0x35,
    0x34, 0x36, 0x37, 0x3E, 0x01, 0x17, 0x1E, 0x01, 0x1F, 0x01, 0x1E, 0x01, 0x15, 0x14, 0x06, 0x23,
    0x22, 0x26, 0x27, 0x2E, 0x01, 0x37, 0x3E, 0x01, 0x33, 0x36, 0x16, 0x17, 0x27, 0x1E, 0x01, 0x15,
    0x14, 0x06, 0x23, 0x22, 0x26, 0x27, 0x26, 0x36, 0x37, 0x3E, 0x01, 0x33, 0x32, 0x16, 0x17, 0x21,
    0x1E, 0x01, 0x15, 0x17, 0x07, 0x0E, 0x01, 0x23, 0x22, 0x26, 0x27, 0x26, 0x36, 0x33, 0x32, 0x16,
    0x17, 0x05, 0x1E, 0x01, 0x15, 0x14, 0x06, 0x07, 0x0E, 0x01, 0x27, 0x2E, 0x01, 0x27, 0x26, 0x36,
    0x33, 0x32, 0x16, 0x17, 0x37, 0x1E, 0x01, 0x17, 0x16, 0x06, 0x07, 0x22, 0x26, 0x35, 0x34, 0x36,
    0x33, 0x32, 0x16, 0x1F, 0x01, 0x1E, 0x01, 0x07, 0x0E, 0x01, 0x23, 0x22, 0x26, 0x35, 0x34, 0x36,
    0x37, 0x3E, 0x01, 0x33, 0x32, 0x16, 0x17, 0x37, 0x1E, 0x01, 0x17, 0x16, 0x06, 0x07, 0x0E, 0x01,
    0x23, 0x22, 0x26, 0x27, 0x34, 0x26, 0x35, 0x34, 0x36, 0x33, 0x32, 0x16, 0x17, 0x01, 0xBE, 0x16,
    0x12, 0x76, 0x30, 0x68, 0x18, 0x3B, 0x01, 0x62, 0x01, 0x01, 0x08, 0x04, 0x0A, 0x05, 0x0B, 0x01,
    0xDB, 0x91, 0x5D, 0x5D, 0x6C, 0x15, 0x16, 0x03, 0x09, 0x14, 0x05, 0x02, 0x04, 0x01, 0x01, 0x02,
    0x07, 0x03, 0x0B, 0x06, 0x0E, 0xFE, 0x24, 0x62, 0x57, 0x57, 0x84, 0x26, 0x27, 0x01, 0x01, 0xD6,
    0x04, 0x02, 0x01, 0x01, 0x06, 0x07, 0xCC, 0x8C, 0x41, 0x04, 0x03, 0x01, 0x01, 0x04, 0x04, 0x36,
    0x96, 0xCC, 0x05, 0xE3, 0x04, 0x02, 0x01, 0x02, 0x0A, 0x20, 0x0D, 0x15, 0x02, 0x04, 0x01, 0x01,
    0x04, 0x04, 0x0A, 0x14, 0x0C, 0x15, 0x02, 0x71, 0x05, 0x02, 0x0B, 0x20, 0x14, 0x0E, 0x02, 0x04,
    0x01, 0x04, 0x02, 0x17, 0x17, 0x0D, 0x08, 0x04, 0xDE, 0x03, 0x01, 0x09, 0x21, 0x1C, 0x09, 0x02,
    0x01, 0x01, 0x03, 0x03, 0x0A, 0x17, 0x0E, 0x16, 0x02, 0x01, 0x4E, 0x03, 0x02, 0x01, 0x07, 0x05,
    0x0C, 0x14, 0x1F, 0x0A, 0x01, 0x01, 0x0A, 0x21, 0x0E, 0x17, 0x01, 0xFE, 0xB1, 0x04, 0x01, 0x01,
    0x03, 0x03, 0x35, 0x08, 0x07, 0x05, 0x01, 0x02, 0x0A, 0x1F, 0x16, 0x0C, 0x03, 0x6C, 0x05, 0x03,
    0x01, 0x02, 0x09, 0x20, 0x21, 0x09, 0x09, 0x1C, 0x0C, 0x15, 0x02, 0x74, 0x04, 0x01, 0x01, 0x02,
    0x09, 0x1E, 0x1F, 0x09, 0x01, 0x02, 0x01, 0x12, 0x11, 0x19, 0x0A, 0x03, 0x6E, 0x02, 0x02, 0x01,
    0x02, 0x01, 0x05, 0x05, 0x0A, 0x14, 0x16, 0x13, 0x03, 0x01, 0x0A, 0x1F, 0x16, 0x0D, 0x03, 0x03,
    0x08, 0x06, 0x23, 0x22, 0x14, 0x01, 0x01, 0x01, 0x40, 0x02, 0xCC, 0xCC, 0x0D, 0x06, 0x09, 0x03,
    0x07, 0x01, 0x01, 0x01, 0x01, 0x03, 0x12, 0x09, 0x04, 0x0D, 0x05, 0x05, 0x9B, 0x68, 0xFC, 0x0B,
    0x05, 0x09, 0x03, 0x07, 0x01, 0x01, 0x01, 0x45, 0x04, 0x22, 0x59, 0x7A, 0x06, 0x06, 0x01, 0x03,
    0x03, 0x26, 0x58, 0x5A, 0x23, 0x04, 0x04, 0x01, 0x06, 0xFE, 0xD8, 0x02, 0x0A, 0x15, 0x1F, 0x09,
    0x01, 0x01, 0x02, 0x0B, 0x15, 0x16, 0x0B, 0x04, 0x04, 0x01, 0x01, 0x01, 0x02, 0x01, 0x01, 0x05,
    0x0A, 0x13, 0x1D, 0x09, 0x01, 0x03, 0x04, 0x3D, 0x03, 0x02, 0x03, 0x01, 0x02, 0x04, 0x01, 0x02,
    0x0B, 0x15, 0x1E, 0x09, 0x09, 0x1C, 0x11, 0x0B, 0x04, 0x04, 0x02, 0x01, 0x01, 0x02, 0x0D, 0x11,
    0x1E, 0x06, 0x04, 0x01, 0x08, 0x1B, 0x1F, 0x09, 0x01, 0x01, 0x6F, 0x03, 0x0C, 0x14, 0x13, 0x0C,
    0x02, 0x03, 0x03, 0x02, 0x01, 0x11, 0x16, 0x1C, 0x09, 0x02, 0x03, 0x03, 0x01, 0x0B, 0x19, 0x1D,
    0x09, 0x01, 0x08, 0x1E, 0x1F, 0x09, 0x01, 0x01, 0x05, 0x04, 0x0B, 0x13, 0x1D, 0x08, 0x09, 0x1F,
    0x10, 0x11, 0x02, 0x02, 0x01, 0x02, 0x05, 0x03, 0x03, 0x0F, 0x0F, 0x15, 0x09, 0x05, 0x04, 0x02,
    0x05, 0x06, 0x02, 0x12, 0x0B, 0x1C, 0x08, 0x02, 0x02, 0x00, 0x00, 0x00, 0x00, 0x02, 0x00, 0x67,
    0xFF, 0xEE, 0x03, 0x8F, 0x03, 0x93, 0x00, 0x20, 0x00, 0x68, 0x00, 0x00, 0x01, 0x07, 0x1D, 0x01,
    0x17, 0x1E, 0x01, 0x33, 0x32, 0x37, 0x3E, 0x01, 0x37, 0x36, 0x37, 0x3E, 0x01, 0x3D, 0x01, 0x27,
    0x2E, 0x01, 0x27, 0x2E, 0x01, 0x27, 0x2E, 0x01, 0x27, 0x2E, 0x01, 0x2F, 0x01, 0x17, 0x1E, 0x01,
    0x31, 0x30, 0x26, 0x27, 0x2E, 0x01, 0x33, 0x30, 0x16, 0x1F, 0x02, 0x15, 0x37, 0x3E, 0x01, 0x3F,
    0x01, 0x11, 0x07, 0x0E, 0x01, 0x07, 0x06, 0x16, 0x33, 0x32, 0x16, 0x33, 0x17, 0x07, 0x0E, 0x01,
    0x07, 0x06, 0x26, 0x27, 0x2E, 0x01, 0x23, 0x14, 0x16, 0x17, 0x16, 0x14, 0x27, 0x2E, 0x01, 0x2F,
    0x02, 0x35, 0x07, 0x27, 0x34, 0x36, 0x37, 0x3E, 0x01, 0x3F, 0x01, 0x27, 0x37, 0x3E, 0x01, 0x17,
    0x32, 0x16, 0x17, 0x01, 0x30, 0xC9, 0xCA, 0x53, 0x77, 0x01, 0x01, 0x3E, 0x3E, 0x95, 0x3E, 0x3F,
    0x01, 0x02, 0x01, 0x04, 0x02, 0x18, 0x0F, 0x0F, 0x48, 0x24, 0x24, 0x5C, 0x1D, 0x1D, 0x2C, 0x02,
    0x05, 0x26, 0x2C, 0x3F, 0x13, 0x0E, 0x0D, 0x14, 0x01, 0x40, 0x2D, 0x6E, 0x01, 0x14, 0x07, 0x16,
    0x08, 0x12, 0x6E, 0x2D, 0x42, 0x01, 0x02, 0x10, 0x18, 0x11, 0x2A, 0x0C, 0x1F, 0x69, 0x2C, 0x40,
    0x02, 0x04, 0x1E, 0x4F, 0x2D, 0x3F, 0x01, 0x25, 0x1A, 0x04, 0x02, 0x02, 0x42, 0x2D, 0x6B, 0x01,
    0x46, 0x01, 0x01, 0x02, 0x01, 0x3F, 0x2B, 0x69, 0x89, 0x6E, 0x2D, 0x42, 0x01, 0x01, 0x40, 0x2C,
    0x03, 0x1F, 0x74, 0xEC, 0xEB, 0x73, 0x30, 0x43, 0x23, 0x24, 0x55, 0x25, 0x24, 0x01, 0x02, 0x45,
    0xA5, 0xEA, 0x03, 0x01, 0x0E, 0x09, 0x08, 0x29, 0x15, 0x15, 0x35, 0x10, 0x11, 0x19, 0x01, 0x03,
    0x90, 0x1B, 0x24, 0x24, 0x19, 0x1A, 0x24, 0x25, 0x1A, 0x40, 0x7D, 0x7E, 0x1F, 0x0D, 0x23, 0x0C,
    0x1D, 0xFF, 0x00, 0x3D, 0x19, 0x26, 0x01, 0x01, 0x01, 0x01, 0x01, 0x3F, 0x19, 0x26, 0x01, 0x02,
    0x11, 0x2E, 0x1A, 0x25, 0x01, 0x43, 0x2E, 0x08, 0x02, 0x01, 0x02, 0x25, 0x1A, 0x3E, 0x7F, 0x7F,
    0x75, 0x7E, 0x57, 0x28, 0x02, 0x01, 0x25, 0x1A, 0x3E, 0x01, 0x40, 0x1A, 0x25, 0x01, 0x25, 0x1A,
    0x00, 0x02, 0x00, 0x3B, 0x00, 0x01, 0x03, 0xCC, 0x03, 0x89, 0x00, 0x65, 0x00, 0xC5, 0x00, 0x00,
    0x01, 0x0E, 0x01, 0x07, 0x0E, 0x01, 0x1F, 0x01, 0x07, 0x0E, 0x01, 0x07, 0x0E, 0x01, 0x07, 0x0E,
    0x01, 0x15, 0x14, 0x16, 0x17, 0x1E, 0x01, 0x07, 0x0E, 0x01, 0x07, 0x0E, 0x01, 0x07, 0x0E, 0x01,
    0x15, 0x1E, 0x01, 0x17, 0x1E, 0x01, 0x33, 0x32, 0x36, 0x3F, 0x01, 0x17, 0x1E, 0x01, 0x17, 0x1E,
    0x01, 0x33, 0x32, 0x36, 0x37, 0x3E, 0x01, 0x37, 0x3E, 0x01, 0x3F, 0x01, 0x17, 0x1E, 0x01, 0x33,
    0x32, 0x36, 0x37, 0x3E, 0x01, 0x37, 0x36, 0x26, 0x27, 0x2E, 0x01, 0x27, 0x2E, 0x01, 0x27, 0x30,
    0x36, 0x37, 0x36, 0x34, 0x27, 0x2E, 0x01, 0x27, 0x2E, 0x01, 0x2F, 0x01, 0x35, 0x34, 0x26, 0x27,
    0x2E, 0x01, 0x27, 0x2E, 0x01, 0x07, 0x17, 0x0E, 0x01, 0x15, 0x30, 0x16, 0x17, 0x1E, 0x01, 0x17,
    0x1E, 0x01, 0x17, 0x1E, 0x01, 0x17, 0x16, 0x06, 0x07, 0x0E, 0x01, 0x31, 0x30, 0x16, 0x17, 0x1E,
    0x01, 0x33, 0x16, 0x06, 0x27, 0x22, 0x26, 0x27, 0x2E, 0x01, 0x23, 0x22, 0x06, 0x07, 0x0E, 0x01,
    0x07, 0x0E, 0x01, 0x07, 0x06, 0x26, 0x27, 0x2E, 0x01, 0x07, 0x22, 0x06, 0x07, 0x0E, 0x01, 0x07,
    0x22, 0x26, 0x27, 0x2E, 0x01, 0x27, 0x34, 0x36, 0x3F, 0x01, 0x27, 0x2E, 0x01, 0x27, 0x2E, 0x01,
    0x35, 0x34, 0x36, 0x37, 0x3E, 0x01, 0x37, 0x3E, 0x01, 0x37, 0x32, 0x36, 0x33, 0x36, 0x34, 0x27,
    0x2E, 0x01, 0x3D, 0x01, 0x33, 0x07, 0x01, 0xE3, 0x1E, 0x32, 0x0A, 0x03, 0x04, 0x01, 0x01, 0x0F,
    0x0F, 0x2E, 0x10, 0x3B, 0x55, 0x14, 0x08, 0x08, 0x03, 0x05, 0x02, 0x01, 0x02, 0x01, 0x08, 0x04,
    0x0B, 0x18, 0x06, 0x07, 0x05, 0x01, 0x15, 0x15, 0x10, 0x22, 0x15, 0x14, 0x1F, 0x0F, 0x08, 0x0E,
    0x18, 0x40, 0x1C, 0x21, 0x3E, 0x28, 0x28, 0x3E, 0x21, 0x1E, 0x40, 0x17, 0x06, 0x0C, 0x03, 0x06,
    0x0B, 0x0E, 0x18, 0x14, 0x0F, 0x0D, 0x08, 0x1C, 0x2B, 0x05, 0x02, 0x01, 0x02, 0x03, 0x0F, 0x0D,
    0x0B, 0x0B, 0x12, 0x02, 0x01, 0x03, 0x03, 0x0B, 0x36, 0x2F, 0x23, 0x4D, 0x2A, 0x16, 0x16, 0x14,
    0x09, 0x17, 0x0A, 0x09, 0x1E, 0x09, 0x4C, 0x01, 0x03, 0x09, 0x05, 0x28, 0x4D, 0x20, 0x0B, 0x23,
    0x09, 0x15, 0x21, 0x08, 0x0C, 0x02, 0x0F, 0x02, 0x03, 0x15, 0x0F, 0x0E, 0x15, 0x01, 0x01, 0x30,
    0x01, 0x01, 0x13, 0x0E, 0x0D, 0x13, 0x01, 0x01, 0x04, 0x02, 0x03, 0x0F, 0x08, 0x2E, 0x6C, 0x42,
    0x4A, 0x83, 0x34, 0x07, 0x08, 0x01, 0x01, 0x12, 0x0C, 0x0B, 0x12, 0x01, 0x01, 0x0D, 0x0B, 0x0A,
    0x0E, 0x01, 0x0E, 0x12, 0x22, 0x05, 0x06, 0x0A, 0x03, 0x02, 0x02, 0x07, 0x09, 0x13, 0x59, 0x39,
    0x14, 0x35, 0x12, 0x03, 0x06, 0x01, 0x01, 0x01, 0x01, 0x02, 0x62, 0x01, 0x03, 0x89, 0x05, 0x2A,
    0x1B, 0x0B, 0x1C, 0x09, 0x09, 0x05, 0x06, 0x17, 0x0A, 0x28, 0x6F, 0x41, 0x1C, 0x36, 0x23, 0x1D,
    0x23, 0x16, 0x0B, 0x06, 0x01, 0x01, 0x04, 0x03, 0x07, 0x1B, 0x0D, 0x0E, 0x14, 0x10, 0x1B, 0x2D,
    0x11, 0x0C, 0x0C, 0x09, 0x0B, 0x06, 0x0C, 0x14, 0x25, 0x0A, 0x0B, 0x0A, 0x0A, 0x0C, 0x0B, 0x25,
    0x14, 0x05, 0x0B, 0x02, 0x06, 0x07, 0x08, 0x06, 0x01, 0x03, 0x09, 0x30, 0x1C, 0x0B, 0x1E, 0x0A,
    0x0F, 0x18, 0x0D, 0x0B, 0x08, 0x09, 0x0B, 0x08, 0x13, 0x58, 0x14, 0x3F, 0x6A, 0x2F, 0x23, 0x30,
    0x0E, 0x07, 0x0D, 0x1A, 0x2D, 0x11, 0x07, 0x0C, 0x02, 0x03, 0x02, 0x02, 0x74, 0x11, 0x2C, 0x01,
    0x01, 0x01, 0x06, 0x22, 0x1A, 0x08, 0x23, 0x0B, 0x1A, 0x3F, 0x1E, 0x2F, 0x64, 0x2D, 0x07, 0x0C,
    0x0A, 0x07, 0x06, 0x0B, 0x02, 0x54, 0x01, 0x0D, 0x09, 0x08, 0x0D, 0x05, 0x03, 0x03, 0x11, 0x08,
    0x2E, 0x30, 0x03, 0x04, 0x36, 0x36, 0x08, 0x07, 0x01, 0x0C, 0x09, 0x08, 0x0B, 0x01, 0x15, 0x12,
    0x11, 0x18, 0x01, 0x02, 0x08, 0x09, 0x11, 0x0C, 0x0E, 0x23, 0x12, 0x0E, 0x16, 0x14, 0x21, 0x30,
    0x1D, 0x3A, 0x66, 0x1D, 0x0A, 0x12, 0x02, 0x02, 0x01, 0x0E, 0x11, 0x0D, 0x15, 0x03, 0x05, 0x0B,
    0x00, 0x03, 0x00, 0x28, 0xFF, 0xEE, 0x03, 0x5B, 0x03, 0xA2, 0x00, 0x24, 0x00, 0x6B, 0x00, 0x8F,
    0x00, 0x00, 0x01, 0x0E, 0x01, 0x23, 0x30, 0x16, 0x17, 0x16, 0x17, 0x16, 0x06, 0x07, 0x06, 0x07,
    0x0E, 0x01, 0x15, 0x06, 0x16, 0x1F, 0x01, 0x37, 0x3E, 0x01, 0x37, 0x3E, 0x01, 0x35, 0x34, 0x26,
    0x27, 0x2E, 0x01, 0x23, 0x22, 0x06, 0x0F, 0x01, 0x06, 0x07, 0x0E, 0x01, 0x07, 0x06, 0x27, 0x26,
    0x22, 0x07, 0x0E, 0x01, 0x07, 0x06, 0x16, 0x17, 0x1E, 0x01, 0x17, 0x30, 0x36, 0x37, 0x3E, 0x01,
    0x37, 0x3E, 0x01, 0x35, 0x34, 0x36, 0x37, 0x3E, 0x01, 0x37, 0x3E, 0x01, 0x17, 0x1E, 0x01, 0x17,
    0x1E, 0x01, 0x17, 0x1E, 0x01, 0x17, 0x32, 0x16, 0x17, 0x1E, 0x01, 0x17, 0x1E, 0x01, 0x37, 0x30,
    0x36, 0x37, 0x3E, 0x01, 0x35, 0x34, 0x26, 0x27, 0x2E, 0x01, 0x23, 0x30, 0x06, 0x07, 0x01, 0x0E,
    0x01, 0x0F, 0x03, 0x17, 0x16, 0x17, 0x1E, 0x01, 0x17, 0x16, 0x1F, 0x01, 0x33, 0x35, 0x2E, 0x01,
    0x27, 0x2E, 0x01, 0x35, 0x26, 0x36, 0x37, 0x3E, 0x01, 0x31, 0x2E, 0x01, 0x27, 0x26, 0x22, 0x07,
    0x03, 0x22, 0x08, 0x0B, 0x01, 0x04, 0x03, 0x0D, 0x06, 0x06, 0x03, 0x0A, 0x09, 0x10, 0x04, 0x06,
    0x01, 0x08, 0x0B, 0x12, 0x07, 0x0E, 0x15, 0x06, 0x06, 0x03, 0x03, 0x06, 0x05, 0x14, 0x02, 0x01,
    0x0C, 0x08, 0x3B, 0x48, 0x50, 0x50, 0xA6, 0x53, 0x54, 0x4E, 0x19, 0x1C, 0x01, 0x01, 0x03, 0x02,
    0x02, 0x05, 0x05, 0x03, 0x07, 0x01, 0x10, 0x0A, 0x12, 0x2B, 0x0C, 0x09, 0x04, 0x02, 0x01, 0x02,
    0x06, 0x07, 0x25, 0x72, 0x44, 0x24, 0x21, 0x02, 0x03, 0x03, 0x01, 0x01, 0x04, 0x05, 0x03, 0x2F,
    0x1E, 0x39, 0x41, 0x17, 0x07, 0x0B, 0x01, 0x05, 0x03, 0x14, 0x13, 0x03, 0x05, 0x04, 0x11, 0x02,
    0x08, 0x05, 0xFE, 0x50, 0x19, 0x33, 0x1C, 0x19, 0x07, 0x07, 0x0A, 0x11, 0x0D, 0x0D, 0x12, 0x06,
    0x06, 0x02, 0x01, 0xD7, 0x01, 0x04, 0x02, 0x01, 0x01, 0x01, 0x05, 0x06, 0x01, 0x01, 0x01, 0x2C,
    0x18, 0x1E, 0x1E, 0x20, 0x03, 0x9D, 0x02, 0x04, 0x13, 0x0C, 0x36, 0x34, 0x34, 0x65, 0x32, 0x31,
    0x31, 0x0A, 0x11, 0x01, 0x01, 0x04, 0x04, 0x06, 0x0E, 0x20, 0x44, 0x22, 0x21, 0x28, 0x2C, 0x2B,
    0x29, 0x23, 0x1E, 0x4E, 0x03, 0x02, 0x0D, 0x10, 0x0C, 0x0C, 0x0F, 0x03, 0x03, 0x02, 0x01, 0x01,
    0x01, 0x35, 0x1F, 0x2D, 0x6C, 0x31, 0x16, 0x36, 0x01, 0x03, 0x03, 0x04, 0x08, 0x02, 0x01, 0x02,
    0x02, 0x01, 0x04, 0x02, 0x02, 0x02, 0x01, 0x06, 0x04, 0x02, 0x01, 0x02, 0x01, 0x01, 0x03, 0x02,
    0x03, 0x03, 0x01, 0x0A, 0x06, 0x0C, 0x0F, 0x07, 0x02, 0x03, 0x01, 0x0C, 0x08, 0x39, 0x6B, 0x3C,
    0x21, 0x2B, 0x1D, 0x1C, 0x4B, 0x02, 0x01, 0xFE, 0x7B, 0x01, 0x04, 0x04, 0x03, 0x19, 0x18, 0x20,
    0x33, 0x33, 0x33, 0x68, 0x36, 0x36, 0x3A, 0x19, 0x05, 0x04, 0x56, 0x28, 0x0E, 0x43, 0x21, 0x50,
    0x7F, 0x36, 0x0B, 0x0F, 0x01, 0x03, 0x01, 0x02, 0x02, 0x00, 0x00, 0x00, 0x00, 0x03, 0x00, 0x00,
    0xFF, 0xC0, 0x03, 0xFD, 0x03, 0xC0, 0x00, 0x37, 0x00, 0x56, 0x00, 0x78, 0x00, 0x00, 0x01, 0x2E,
    0x01, 0x27, 0x31, 0x26, 0x06, 0x07, 0x06, 0x07, 0x0E, 0x01, 0x07, 0x06, 0x1D, 0x01, 0x07, 0x0E,
    0x01, 0x27, 0x2E, 0x01, 0x23, 0x22, 0x06, 0x15, 0x38, 0x01, 0x39, 0x01, 0x14, 0x16, 0x17, 0x1E,
    0x01, 0x33, 0x32, 0x36, 0x27, 0x2E, 0x01, 0x3F, 0x01, 0x33, 0x32, 0x36, 0x37, 0x36, 0x37, 0x3E,
    0x01, 0x37, 0x36, 0x37, 0x36, 0x26, 0x01, 0x0E, 0x01, 0x17, 0x16, 0x07, 0x0E, 0x01, 0x27, 0x26,
    0x2F, 0x02, 0x26, 0x36, 0x33, 0x38, 0x01, 0x31, 0x32, 0x16, 0x17, 0x23, 0x16, 0x36, 0x3F, 0x01,
    0x1E, 0x01, 0x17, 0x33, 0x01, 0x0E, 0x01, 0x07, 0x0E, 0x01, 0x2B, 0x01, 0x38, 0x01, 0x23, 0x22,
    0x26, 0x3D, 0x01, 0x34, 0x36, 0x37, 0x3E, 0x01, 0x33, 0x30, 0x32, 0x39, 0x01, 0x32, 0x33, 0x1E,
    0x01, 0x1F, 0x01, 0x1E, 0x01, 0x07, 0x03, 0xAE, 0x2D, 0x7F, 0x49, 0x46, 0x84, 0x32, 0x14, 0x16,
    0x16, 0x25, 0x0C, 0x0C, 0x57, 0x04, 0x12, 0x0C, 0x0C, 0x1B, 0x0F, 0x3C, 0x55, 0x39, 0x4E, 0x03,
    0x55, 0x38, 0x4E, 0x55, 0x1C, 0x02, 0x03, 0x09, 0x56, 0x8D, 0x3A, 0x67, 0x2F, 0x23, 0x1D, 0x1C,
    0x2B, 0x0E, 0x0E, 0x05, 0x09, 0x28, 0xFD, 0x97, 0x14, 0x0A, 0x0B, 0x12, 0x15, 0x15, 0x42, 0x1F,
    0x1F, 0x03, 0x03, 0x39, 0x4C, 0x04, 0x4E, 0x08, 0x10, 0x07, 0x01, 0x1B, 0x38, 0x15, 0x34, 0x0C,
    0x31, 0x1F, 0x02, 0x02, 0x15, 0x09, 0x4A, 0x39, 0x27, 0x56, 0x30, 0xA4, 0x01, 0x27, 0x39, 0x33,
    0x37, 0x25, 0x65, 0x39, 0x01, 0x04, 0x05, 0x3C, 0x67, 0x24, 0x01, 0x26, 0x20, 0x07, 0x03, 0x4D,
    0x33, 0x3E, 0x02, 0x02, 0x34, 0x31, 0x14, 0x1B, 0x1B, 0x45, 0x2B, 0x2B, 0x35, 0x8B, 0x56, 0x05,
    0x04, 0x04, 0x05, 0x06, 0x55, 0x3C, 0x21, 0x6B, 0x04, 0x3B, 0x4C, 0x80, 0x47, 0x04, 0x15, 0x09,
    0x57, 0x1F, 0x1F, 0x18, 0x1D, 0x1E, 0x44, 0x26, 0x26, 0x28, 0x49, 0x86, 0xFD, 0xBF, 0x14, 0x38,
    0x1C, 0x2C, 0x1C, 0x1C, 0x0F, 0x11, 0x10, 0x2E, 0x39, 0x03, 0x04, 0x9D, 0x03, 0x03, 0x0B, 0x09,
    0x14, 0x34, 0x20, 0x31, 0x0C, 0x01, 0x46, 0x42, 0x75, 0x27, 0x1A, 0x19, 0x38, 0x28, 0xA3, 0x44,
    0x72, 0x36, 0x26, 0x2B, 0x02, 0x32, 0x29, 0x01, 0x2A, 0x6C, 0x3B, 0x00, 0x00, 0x06, 0x00, 0x00,
    0xFF, 0xC0, 0x03, 0x80, 0x03, 0xC0, 0x00, 0x46, 0x00, 0x68, 0x00, 0x82, 0x00, 0x96, 0x00, 0xA1,
    0x00, 0xB4, 0x00, 0x00, 0x01, 0x37, 0x36, 0x26, 0x2B, 0x01, 0x3E, 0x01, 0x35, 0x34, 0x26, 0x27,
    0x3E, 0x01, 0x35, 0x34, 0x26, 0x27, 0x2E, 0x01, 0x27, 0x2E, 0x01, 0x23, 0x22, 0x06, 0x07, 0x06,
    0x26, 0x27, 0x2E, 0x01, 0x23, 0x22, 0x06, 0x07, 0x0E, 0x01, 0x07, 0x0E, 0x01, 0x15, 0x14, 0x16,
    0x17, 0x0E, 0x01, 0x15, 0x14, 0x16, 0x17, 0x23, 0x22, 0x06, 0x1F, 0x01, 0x0E, 0x01, 0x1D, 0x01,
    0x14, 0x16, 0x33, 0x21, 0x32, 0x36, 0x3D, 0x01, 0x34, 0x26, 0x27, 0x25, 0x34, 0x36, 0x35, 0x1E,
    0x01, 0x17, 0x1E, 0x01, 0x17, 0x1E, 0x01, 0x37, 0x36, 0x32, 0x17, 0x16, 0x36, 0x37, 0x3E, 0x01,
    0x37, 0x3E, 0x01, 0x37, 0x14, 0x16, 0x15, 0x14, 0x06, 0x23, 0x22, 0x26, 0x35, 0x27, 0x3E, 0x01,
    0x37, 0x1E, 0x01, 0x33, 0x32, 0x36, 0x37, 0x33, 0x1E, 0x01, 0x17, 0x1E, 0x01, 0x17, 0x0E, 0x01,
    0x23, 0x22, 0x26, 0x27, 0x3E, 0x01, 0x37, 0x03, 0x22, 0x26, 0x3D, 0x01, 0x34, 0x36, 0x3F, 0x01,
    0x27, 0x33, 0x16, 0x17, 0x1E, 0x01, 0x17, 0x16, 0x31, 0x07, 0x23, 0x21, 0x37, 0x27, 0x1E, 0x01,
    0x33, 0x32, 0x36, 0x37, 0x07, 0x17, 0x25, 0x14, 0x06, 0x2B, 0x01, 0x27, 0x30, 0x37, 0x3E, 0x01,
    0x37, 0x36, 0x37, 0x33, 0x07, 0x17, 0x1E, 0x01, 0x15, 0x03, 0x00, 0x30, 0x06, 0x13, 0x11, 0x57,
    0x02, 0x03, 0x02, 0x02, 0x3C, 0x48, 0x4B, 0x40, 0x0D, 0x30, 0x15, 0x0A, 0x1A, 0x0F, 0x0E, 0x19,
    0x2C, 0x14, 0x1F, 0x07, 0x2C, 0x19, 0x0E, 0x0F, 0x1A, 0x0A, 0x14, 0x31, 0x0D, 0x40, 0x4B, 0x48,
    0x3C, 0x02, 0x02, 0x03, 0x02, 0x54, 0x12, 0x13, 0x07, 0x34, 0x3C, 0x4B, 0x35, 0x25, 0x02, 0xCC,
    0x25, 0x35, 0x47, 0x39, 0xFE, 0x00, 0x01, 0x02, 0x09, 0x01, 0x06, 0x0D, 0x0E, 0x0C, 0x5A, 0x1A,
    0x04, 0x1C, 0x04, 0x18, 0x59, 0x0F, 0x0F, 0x0D, 0x05, 0x01, 0x09, 0x02, 0x01, 0x70, 0x50, 0x4F,
    0x71, 0x01, 0x01, 0x25, 0x2B, 0x2B, 0x29, 0x1C, 0x1C, 0x2A, 0x2A, 0x01, 0x2A, 0x25, 0x01, 0x20,
    0x30, 0x16, 0x24, 0x97, 0x6C, 0x6C, 0x97, 0x24, 0x16, 0x30, 0x20, 0xA5, 0x0B, 0x0F, 0x36, 0x31,
    0x31, 0x37, 0x3A, 0x04, 0x14, 0x15, 0x2E, 0x13, 0x13, 0x3E, 0xC4, 0x01, 0x06, 0x40, 0x2C, 0x12,
    0x26, 0x14, 0x14, 0x26, 0x12, 0x2C, 0x40, 0x01, 0x20, 0x0F, 0x0B, 0xC4, 0x3D, 0x12, 0x13, 0x2F,
    0x14, 0x15, 0x03, 0x3E, 0x32, 0x2D, 0x2E, 0x34, 0x01, 0x57, 0x7E, 0x0F, 0x1C, 0x0C, 0x18, 0x0C,
    0x0B, 0x15, 0x0A, 0x0F, 0x2A, 0x18, 0x18, 0x2B, 0x0F, 0x32, 0x5E, 0x1A, 0x0C, 0x0D, 0x0C, 0x16,
    0x0A, 0x06, 0x04, 0x16, 0x0C, 0x0D, 0x0B, 0x1B, 0x5E, 0x32, 0x0F, 0x2B, 0x18, 0x19, 0x29, 0x0F,
    0x0A, 0x15, 0x0B, 0x0C, 0x18, 0x0C, 0x1D, 0x10, 0x78, 0x23, 0x7A, 0x4B, 0x59, 0x25, 0x35, 0x35,
    0x25, 0x59, 0x49, 0x78, 0x23, 0xD9, 0x04, 0x08, 0x04, 0x01, 0x07, 0x03, 0x12, 0x24, 0x0D, 0x0B,
    0x0E, 0x4B, 0x0D, 0x0D, 0x47, 0x07, 0x0E, 0x0D, 0x24, 0x12, 0x03, 0x07, 0x01, 0x04, 0x08, 0x04,
    0x4F, 0x71, 0x71, 0x4F, 0x97, 0x04, 0x80, 0x35, 0x16, 0x13, 0x14, 0x15, 0x35, 0x80, 0x04, 0x07,
    0x0C, 0x09, 0x0F, 0x1C, 0x1C, 0x0F, 0x09, 0x0C, 0x07, 0xFD, 0x39, 0x0F, 0x0B, 0x59, 0x37, 0x5E,
    0x1C, 0x1C, 0x80, 0x07, 0x23, 0x23, 0x4E, 0x1F, 0x1F, 0xE7, 0xF0, 0x4D, 0x06, 0x07, 0x07, 0x06,
    0x4D, 0xF0, 0x1A, 0x0B, 0x0F, 0xE7, 0x1F, 0x1F, 0x4E, 0x23, 0x23, 0x07, 0x83, 0x1C, 0x1C, 0x5D,
    0x35, 0x00, 0x00, 0x00, 0x00, 0x01, 0x00, 0x00, 0x00, 0x01, 0x00, 0x00, 0x40, 0x48, 0x9B, 0x43,
    0x5F, 0x0F, 0x3C, 0xF5, 0x00, 0x0B, 0x04, 0x00, 0x00, 0x00, 0x00, 0x00, 0xDD, 0xED, 0x67, 0x54,
    0x00, 0x00, 0x00, 0x00, 0xDD, 0xED, 0x67, 0x54, 0x00, 0x00, 0xFF, 0xC0, 0x0D, 0x2D, 0x03, 0xC0,
    0x00, 0x00, 0x00, 0x08, 0x00, 0x02, 0x00, 0x01, 0x00, 0x00, 0x00, 0x00, 0x00, 0x01, 0x00, 0x00,
    0x03, 0xC0, 0xFF, 0xC0, 0x00, 0x00, 0x0D, 0x9A, 0x00, 0x00, 0xFB, 0xAC, 0x0D, 0x2D, 0x00, 0x01,
    0x00, 0x00, 0x00, 0x00, 0x00, 0x00, 0x00, 0x00, 0x00, 0x00, 0x00, 0x00, 0x00, 0x00, 0x00, 0x5E,
    0x04, 0x00, 0x00, 0x00, 0x00, 0x00, 0x00, 0x00, 0x00, 0x00, 0x00, 0x00, 0x02, 0x00, 0x00, 0x00,
    0x03, 0x70, 0x00, 0x00, 0x02, 0x7B, 0x00, 0x43, 0x05, 0xAF, 0x00, 0x26, 0x04, 0x00, 0x00, 0x81,
    0x02, 0x1A, 0x00, 0x5C, 0x03, 0x9A, 0x00, 0x61, 0x04, 0x00, 0x00, 0x11, 0x04, 0x00, 0x00, 0x0C,
    0x04, 0xED, 0x00, 0x30, 0x09, 0x9B, 0x00, 0x00, 0x0C, 0x90, 0x00, 0x07, 0x09, 0xFB, 0x00, 0x14,
    0x0B, 0x99, 0x00, 0x09, 0x0B, 0x14, 0x00, 0x1A, 0x0B, 0x82, 0x00, 0x44, 0x0B, 0x20, 0x00, 0x09,
    0x09, 0xE5, 0x00, 0x08, 0x09, 0x00, 0x00, 0x00, 0x0B, 0xA4, 0x00, 0x48, 0x08, 0x40, 0x00, 0x12,
    0x0A, 0xE5, 0x00, 0x05, 0x0B, 0x97, 0x00, 0x31, 0x0B, 0x99, 0x00, 0x5A, 0x0B, 0xAF, 0x00, 0x4C,
    0x07, 0xA6, 0x00, 0x00, 0x09, 0xE5, 0x00, 0x09, 0x0B, 0xFB, 0x00, 0x00, 0x0B, 0x82, 0x00, 0x07,
    0x0B, 0x53, 0x00, 0x1F, 0x0B, 0xF2, 0x00, 0x00, 0x09, 0x77, 0x00, 0x20, 0x04, 0x00, 0x00, 0x54,
    0x06, 0x80, 0x00, 0x61, 0x0A, 0x00, 0x00, 0x51, 0x05, 0x4D, 0x00, 0x59, 0x05, 0xE6, 0x00, 0x52,
    0x05, 0x00, 0x00, 0x58, 0x05, 0x00, 0x00, 0x59, 0x09, 0x66, 0x00, 0x53, 0x06, 0x66, 0x00, 0x65,
    0x05, 0x9A, 0x00, 0x5D, 0x07, 0x4D, 0x00, 0x5D, 0x05, 0x4D, 0x00, 0x63, 0x09, 0xB3, 0x00, 0x5C,
    0x0A, 0x9A, 0x00, 0x5E, 0x06, 0x1A, 0x00, 0x62, 0x08, 0x4D, 0x00, 0x4F, 0x08, 0x4D, 0x00, 0x63,
    0x0C, 0x1A, 0x00, 0x62, 0x09, 0x1A, 0x00, 0x5C, 0x0A, 0xB3, 0x00, 0x65, 0x0D, 0x9A, 0x00, 0x5B,
    0x09, 0x66, 0x00, 0x54, 0x0A, 0x80, 0x00, 0x55, 0x0B, 0x1A, 0x00, 0x56, 0x0B, 0x4D, 0x00, 0x4D,
    0x0B, 0x4D, 0x00, 0x4F, 0x0D, 0x9A, 0x00, 0x62, 0x0C, 0x80, 0x00, 0x57, 0x0A, 0xE6, 0x00, 0x62,
    0x0A, 0x66, 0x00, 0x62, 0x07, 0xE6, 0x00, 0x63, 0x0B, 0x4D, 0x00, 0x63, 0x09, 0x66, 0x00, 0x57,
    0x0A, 0x9A, 0x00, 0x53, 0x05, 0x33, 0x00, 0x5F, 0x02, 0x00, 0x00, 0x54, 0x02, 0xE6, 0x00, 0x59,
    0x02, 0x1A, 0x00, 0x5E, 0x02, 0xCD, 0x00, 0x59, 0x0B, 0x80, 0x00, 0x09, 0x03, 0x40, 0x00, 0x00,
    0x06, 0x18, 0x00, 0x0A, 0x04, 0x00, 0x00, 0x22, 0x04, 0x00, 0x01, 0x58, 0x02, 0x83, 0x00, 0x86,
    0x02, 0x83, 0x00, 0x03, 0x04, 0x00, 0x00, 0xDC, 0x04, 0x00, 0x00, 0x72, 0x06, 0xE0, 0x00, 0x23,
    0x05, 0x50, 0x00, 0x27, 0x03, 0x7F, 0x00, 0x1C, 0x08, 0xBB, 0x00, 0x31, 0x02, 0x69, 0x00, 0x2C,
    0x05, 0xE8, 0x00, 0x35, 0x04, 0x00, 0x00, 0x67, 0x04, 0x06, 0x00, 0x3B, 0x03, 0x84, 0x00, 0x28,
    0x04, 0x00, 0x00, 0x00, 0x03, 0x80, 0x00, 0x00, 0x00, 0x00, 0x00, 0x00, 0x00, 0x00, 0x00, 0x0C,
    0x00, 0x00, 0x00, 0x20, 0x00, 0x00, 0x00, 0x34, 0x00, 0x00, 0x00, 0x48, 0x00, 0x00, 0x03, 0xA0,
    0x00, 0x00, 0x03, 0xE8, 0x00, 0x00, 0x05, 0xC4, 0x00, 0x00, 0x08, 0xB4, 0x00, 0x00, 0x0B, 0x18,
    0x00, 0x00, 0x0C, 0x78, 0x00, 0x00, 0x0D, 0x08, 0x00, 0x00, 0x0D, 0xC4, 0x00, 0x00, 0x0F, 0xAC,
    0x00, 0x00, 0x12, 0x70, 0x00, 0x00, 0x15, 0x40, 0x00, 0x00, 0x1B, 0xF8, 0x00, 0x00, 0x20, 0x98,
    0x00, 0x00, 0x27, 0xDC, 0x00, 0x00, 0x29, 0x54, 0x00, 0x00, 0x2C, 0x44, 0x00, 0x00, 0x2F, 0x3C,
    0x00, 0x00, 0x32, 0x3C, 0x00, 0x00, 0x33, 0x9C, 0x00, 0x00, 0x37, 0x18, 0x00, 0x00, 0x3A, 0x94,
    0x00, 0x00, 0x3C, 0xE8, 0x00, 0x00, 0x3F, 0xAC, 0x00, 0x00, 0x40, 0xA8, 0x00, 0x00, 0x43, 0x68,
    0x00, 0x00, 0x45, 0x78, 0x00, 0x00, 0x4B, 0xFC, 0x00, 0x00, 0x52, 0x04, 0x00, 0x00, 0x54, 0x80,
    0x00, 0x00, 0x57, 0x78, 0x00, 0x00, 0x5A, 0xBC, 0x00, 0x00, 0x61, 0x54, 0x00, 0x00, 0x64, 0x80,
    0x00, 0x00, 0x69, 0x84, 0x00, 0x00, 0x6B, 0xEC, 0x00, 0x00, 0x6E, 0x24, 0x00, 0x00, 0x70, 0xFC,
    0x00, 0x00, 0x74, 0xF4, 0x00, 0x00, 0x76, 0xB0, 0x00, 0x00, 0x7B, 0xE8, 0x00, 0x00, 0x80, 0x44,
    0x00, 0x00, 0x84, 0x98, 0x00, 0x00, 0x87, 0xC0, 0x00, 0x00, 0x8F, 0x1C, 0x00, 0x00, 0x94, 0x70,
    0x00, 0x00, 0x98, 0x88, 0x00, 0x00, 0x9C, 0x78, 0x00, 0x00, 0xA0, 0xBC, 0x00, 0x00, 0xA5, 0xF8,
    0x00, 0x00, 0xA9, 0x34, 0x00, 0x00, 0xAE, 0x1C, 0x00, 0x00, 0xB1, 0x54, 0x00, 0x00, 0xB5, 0x1C,
    0x00, 0x00, 0xBC, 0x50, 0x00, 0x00, 0xBE, 0x50, 0x00, 0x00, 0xC4, 0xA0, 0x00, 0x00, 0xCC, 0x48,
    0x00, 0x00, 0xCE, 0x5C, 0x00, 0x00, 0xD3, 0xC0, 0x00, 0x00, 0xD8, 0x80, 0x00, 0x00, 0xDA, 0xFC,
    0x00, 0x00, 0xDE, 0x94, 0x00, 0x00, 0xE3, 0x3C, 0x00, 0x00, 0xE9, 0x9C, 0x00, 0x00, 0xEF, 0x3C,
    0x00, 0x00, 0xF1, 0x98, 0x00, 0x00, 0xF2, 0x60, 0x00, 0x00, 0xF4, 0xF0, 0x00, 0x00, 0xF7, 0x7C,
    0x00, 0x00, 0xF9, 0x30, 0x00, 0x00, 0xFB, 0x68, 0x00, 0x00, 0xFE, 0x08, 0x00, 0x01, 0x02, 0x80,
    0x00, 0x01, 0x0B, 0x18, 0x00, 0x01, 0x0C, 0x14, 0x00, 0x01, 0x0D, 0x64, 0x00, 0x01, 0x0E, 0xF8,
    0x00, 0x01, 0x11, 0x20, 0x00, 0x01, 0x11, 0xE4, 0x00, 0x01, 0x13, 0x7C, 0x00, 0x01, 0x15, 0xCC,
    0x00, 0x01, 0x17, 0x20, 0x00, 0x01, 0x1A, 0x00, 0x00, 0x01, 0x1C, 0x2C, 0x00, 0x01, 0x1E, 0xBC,
    0x00, 0x01, 0x1F, 0xF0, 0x00, 0x01, 0x22, 0x30, 0x00, 0x01, 0x23, 0xDC, 0x00, 0x01, 0x25, 0x2C,
    0x00, 0x01, 0x27, 0x34, 0x00, 0x01, 0x00, 0x00, 0x00, 0x5E, 0x03, 0x1B, 0x00, 0x19, 0x00, 0x00,
    0x00, 0x00, 0x00, 0x02, 0x00, 0x00, 0x00, 0x00, 0x00, 0x00, 0x00, 0x00, 0x00, 0x00, 0x00, 0x00,
    0x00, 0x00, 0x00, 0x00, 0x00, 0x00, 0x00, 0x0E, 0x00, 0xAE, 0x00, 0x01, 0x00, 0x00, 0x00, 0x00,
    0x00, 0x01, 0x00, 0x09, 0x00, 0x00, 0x00, 0x01, 0x00, 0x00, 0x00, 0x00, 0x00, 0x02, 0x00, 0x07,
    0x00, 0x09, 0x00, 0x01, 0x00, 0x00, 0x00, 0x00, 0x00, 0x03, 0x00, 0x07, 0x00, 0x10, 0x00, 0x01,
    0x00, 0x00, 0x00, 0x00, 0x00, 0x04, 0x00, 0x09, 0x00, 0x17, 0x00, 0x01, 0x00, 0x00, 0x00, 0x00,
    0x00, 0x05, 0x00, 0x0B, 0x00, 0x20, 0x00, 0x01, 0x00, 0x00, 0x00, 0x00, 0x00, 0x06, 0x00, 0x07,
    0x00, 0x2B, 0x00, 0x01, 0x00, 0x00, 0x00, 0x00, 0x00, 0x0A, 0x00, 0x1A, 0x00, 0x32, 0x00, 0x03,
    0x00, 0x01, 0x04, 0x09, 0x00, 0x01, 0x00, 0x12, 0x00, 0x4C, 0x00, 0x03, 0x00, 0x01, 0x04, 0x09,
    0x00, 0x02, 0x00, 0x0E, 0x00, 0x5E, 0x00, 0x03, 0x00, 0x01, 0x04, 0x09, 0x00, 0x03, 0x00, 0x0E,
    0x00, 0x6C, 0x00, 0x03, 0x00, 0x01, 0x04, 0x09, 0x00, 0x04, 0x00, 0x12, 0x00, 0x7A, 0x00, 0x03,
    0x00, 0x01, 0x04, 0x09, 0x00, 0x05, 0x00, 0x16, 0x00, 0x8C, 0x00, 0x03, 0x00, 0x01, 0x04, 0x09,
    0x00, 0x06, 0x00, 0x0E, 0x00, 0xA2, 0x00, 0x03, 0x00, 0x01, 0x04, 0x09, 0x00, 0x0A, 0x00, 0x34,
    0x00, 0xB0, 0x45, 0x53, 0x50, 0x20, 0x49, 0x63, 0x6F, 0x6E, 0x73, 0x52, 0x65, 0x67, 0x75, 0x6C,
    0x61, 0x72, 0x69, 0x63, 0x6F, 0x6D, 0x6F, 0x6F, 0x6E, 0x45, 0x53, 0x50, 0x20, 0x49, 0x63, 0x6F,
    0x6E, 0x73, 0x56, 0x65, 0x72, 0x73, 0x69, 0x6F, 0x6E, 0x20, 0x31, 0x2E, 0x30, 0x69, 0x63, 0x6F,
    0x6D, 0x6F, 0x6F, 0x6E, 0x46, 0x6F, 0x6E, 0x74, 0x20, 0x67, 0x65, 0x6E, 0x65, 0x72, 0x61, 0x74,
    0x65, 0x64, 0x20, 0x62, 0x79, 0x20, 0x49, 0x63, 0x6F, 0x4D, 0x6F, 0x6F, 0x6E, 0x2E, 0x00, 0x45,
    0x00, 0x53, 0x00, 0x50, 0x00, 0x20, 0x00, 0x49, 0x00, 0x63, 0x00, 0x6F, 0x00, 0x6E, 0x00, 0x73,
    0x00, 0x52, 0x00, 0x65, 0x00, 0x67, 0x00, 0x75, 0x00, 0x6C, 0x00, 0x61, 0x00, 0x72, 0x00, 0x69,
    0x00, 0x63, 0x00, 0x6F, 0x00, 0x6D, 0x00, 0x6F, 0x00, 0x6F, 0x00, 0x6E, 0x00, 0x45, 0x00, 0x53,
    0x00, 0x50, 0x00, 0x20, 0x00, 0x49, 0x00, 0x63, 0x00, 0x6F, 0x00, 0x6E, 0x00, 0x73, 0x00, 0x56,
    0x00, 0x65, 0x00, 0x72, 0x00, 0x73, 0x00, 0x69, 0x00, 0x6F, 0x00, 0x6E, 0x00, 0x20, 0x00, 0x31,
    0x00, 0x2E, 0x00, 0x30, 0x00, 0x69, 0x00, 0x63, 0x00, 0x6F, 0x00, 0x6D, 0x00, 0x6F, 0x00, 0x6F,
    0x00, 0x6E, 0x00, 0x46, 0x00, 0x6F, 0x00, 0x6E, 0x00, 0x74, 0x00, 0x20, 0x00, 0x67, 0x00, 0x65,
    0x00, 0x6E, 0x00, 0x65, 0x00, 0x72, 0x00, 0x61, 0x00, 0x74, 0x00, 0x65, 0x00, 0x64, 0x00, 0x20,
    0x00, 0x62, 0x00, 0x79, 0x00, 0x20, 0x00, 0x49, 0x00, 0x63, 0x00, 0x6F, 0x00, 0x4D, 0x00, 0x6F,
    0x00, 0x6F, 0x00, 0x6E, 0x00, 0x2E, 0x00, 0x00, 0x00, 0x02, 0x00, 0x00, 0x00, 0x00, 0x00, 0x00,
    0x00, 0x00, 0x00, 0x00, 0x00, 0x00, 0x00, 0x00, 0x00, 0x00, 0x00, 0x00, 0x00, 0x00, 0x00, 0x00,
    0x00, 0x00, 0x00, 0x00, 0x00, 0x00, 0x00, 0x5E, 0x00, 0x5E, 0x00, 0x00, 0x00, 0x01, 0x00, 0x01,
    0x00, 0x03, 0x00, 0x04, 0x00, 0x05, 0x00, 0x06, 0x00, 0x07, 0x00, 0x08, 0x00, 0x09, 0x00, 0x0A,
    0x00, 0x0B, 0x00, 0x0C, 0x00, 0x0D, 0x00, 0x0E, 0x00, 0x0F, 0x00, 0x10, 0x00, 0x11, 0x00, 0x12,
    0x00, 0x13, 0x00, 0x14, 0x00, 0x15, 0x00, 0x16, 0x00, 0x17, 0x00, 0x18, 0x00, 0x19, 0x00, 0x1A,
    0x00, 0x1B, 0x00, 0x1C, 0x00, 0x1D, 0x00, 0x1E, 0x00, 0x1F, 0x00, 0x20, 0x00, 0x21, 0x00, 0x22,
    0x00, 0x23, 0x00, 0x24, 0x00, 0x25, 0x00, 0x26, 0x00, 0x27, 0x00, 0x28, 0x00, 0x29, 0x00, 0x2A,
    0x00, 0x2B, 0x00, 0x2C, 0x00, 0x2D, 0x00, 0x2E, 0x00, 0x2F, 0x00, 0x30, 0x00, 0x31, 0x00, 0x32,
    0x00, 0x33, 0x00, 0x34, 0x00, 0x35, 0x00, 0x36, 0x00, 0x37, 0x00, 0x38, 0x00, 0x39, 0x00, 0x3A,
    0x00, 0x3B, 0x00, 0x3C, 0x00, 0x3D, 0x00, 0x3E, 0x00, 0x3F, 0x00, 0x40, 0x00, 0x41, 0x00, 0x42,
    0x00, 0x43, 0x00, 0x44, 0x00, 0x45, 0x00, 0x46, 0x00, 0x47, 0x00, 0x48, 0x00, 0x49, 0x00, 0x4A,
    0x00, 0x4B, 0x00, 0x4C, 0x00, 0x4D, 0x00, 0x4E, 0x00, 0x4F, 0x00, 0x50, 0x00, 0x51, 0x00, 0x52,
    0x00, 0x53, 0x00, 0x54, 0x00, 0x55, 0x00, 0x56, 0x00, 0x57, 0x00, 0x58, 0x00, 0x59, 0x00, 0x5A,
    0x00, 0x5B, 0x00, 0x5C, 0x00, 0x5D, 0x00, 0x00,
};
inline constexpr std::size_t esp_icons_ttf_size = sizeof(esp_icons_ttf);
