#pragma once
#include <cstddef>
inline const unsigned char gui_icons_ttf[] = {
    0x00, 0x01, 0x00, 0x00, 0x00, 0x0B, 0x00, 0x80, 0x00, 0x03, 0x00, 0x30, 0x4F, 0x53, 0x2F, 0x32,
    0x12, 0xD1, 0x0D, 0x51, 0x00, 0x00, 0x00, 0xBC, 0x00, 0x00, 0x00, 0x60, 0x63, 0x6D, 0x61, 0x70,
    0x00, 0x73, 0x00, 0x99, 0x00, 0x00, 0x01, 0x1C, 0x00, 0x00, 0x00, 0x4C, 0x67, 0x61, 0x73, 0x70,
    0x00, 0x00, 0x00, 0x10, 0x00, 0x00, 0x01, 0x68, 0x00, 0x00, 0x00, 0x08, 0x67, 0x6C, 0x79, 0x66,
    0x1F, 0xC1, 0x9B, 0xE7, 0x00, 0x00, 0x01, 0x70, 0x00, 0x00, 0x48, 0x14, 0x68, 0x65, 0x61, 0x64,
    0x2E, 0xA0, 0x80, 0xD9, 0x00, 0x00, 0x49, 0x84, 0x00, 0x00, 0x00, 0x36, 0x68, 0x68, 0x65, 0x61,
    0x09, 0x18, 0x05, 0x97, 0x00, 0x00, 0x49, 0xBC, 0x00, 0x00, 0x00, 0x24, 0x68, 0x6D, 0x74, 0x78,
    0xF9, 0x88, 0xFF, 0xFE, 0x00, 0x00, 0x49, 0xE0, 0x00, 0x00, 0x01, 0x10, 0x6C, 0x6F, 0x63, 0x61,
    0x6C, 0x2A, 0x5A, 0x9A, 0x00, 0x00, 0x4A, 0xF0, 0x00, 0x00, 0x00, 0x8A, 0x6D, 0x61, 0x78, 0x70,
    0x00, 0x53, 0x01, 0x56, 0x00, 0x00, 0x4B, 0x7C, 0x00, 0x00, 0x00, 0x20, 0x6E, 0x61, 0x6D, 0x65,
    0x6E, 0xB8, 0x51, 0x6B, 0x00, 0x00, 0x4B, 0x9C, 0x00, 0x00, 0x01, 0x92, 0x70, 0x6F, 0x73, 0x74,
    0x00, 0x03, 0x00, 0x00, 0x00, 0x00, 0x4D, 0x30, 0x00, 0x00, 0x00, 0x20, 0x00, 0x03, 0x03, 0xC7,
    0x01, 0x90, 0x00, 0x05, 0x00, 0x00, 0x02, 0x99, 0x02, 0xCC, 0x00, 0x00, 0x00, 0x8F, 0x02, 0x99,
    0x02, 0xCC, 0x00, 0x00, 0x01, 0xEB, 0x00, 0x33, 0x01, 0x09, 0x00, 0x00, 0x00, 0x00, 0x00, 0x00,
    0x00, 0x00, 0x00, 0x00, 0x00, 0x00, 0x00, 0x00, 0x00, 0x01, 0x00, 0x00, 0x00, 0x00, 0x00, 0x00,
    0x00, 0x00, 0x00, 0x00, 0x00, 0x00, 0x00, 0x00, 0x00, 0x00, 0x00, 0x40, 0x00, 0x00, 0x00, 0x60,
    0x03, 0xC0, 0xFF, 0xC0, 0x00, 0x40, 0x03, 0xC0, 0x00, 0x40, 0x00, 0x00, 0x00, 0x01, 0x00, 0x00,
    0x00, 0x00, 0x00, 0x00, 0x03, 0xC0, 0x00, 0x00, 0x00, 0x20, 0x00, 0x00, 0x00, 0x00, 0x00, 0x03,
    0x00, 0x00, 0x00, 0x03, 0x00, 0x00, 0x00, 0x1C, 0x00, 0x01, 0x00, 0x03, 0x00, 0x00, 0x00, 0x1C,
    0x00, 0x03, 0x00, 0x01, 0x00, 0x00, 0x00, 0x1C, 0x00, 0x04, 0x00, 0x30, 0x00, 0x00, 0x00, 0x08,
    0x00, 0x08, 0x00, 0x02, 0x00, 0x00, 0x00, 0x01, 0x00, 0x60, 0xFF, 0xFD, 0xFF, 0xFF, 0x00, 0x00,
    0x00, 0x00, 0x00, 0x20, 0xFF, 0xFD, 0xFF, 0xFF, 0x00, 0x01, 0xFF, 0xE3, 0x00, 0x03, 0x00, 0x01,
    0x00, 0x00, 0x00, 0x00, 0x00, 0x00, 0x00, 0x00, 0x00, 0x01, 0x00, 0x01, 0xFF, 0xFF, 0x00, 0x0F,
    0x00, 0x01, 0x00, 0x00, 0xFF, 0xC0, 0x00, 0x00, 0x03, 0xC0, 0x00, 0x02, 0x00, 0x00, 0x37, 0x39,
    0x01, 0x00, 0x00, 0x00, 0x00, 0x01, 0x00, 0x00, 0xFF, 0xC0, 0x00, 0x00, 0x03, 0xC0, 0x00, 0x02,
    0x00, 0x00, 0x37, 0x39, 0x01, 0x00, 0x00, 0x00, 0x00, 0x01, 0x00, 0x00, 0xFF, 0xC0, 0x00, 0x00,
    0x03, 0xC0, 0x00, 0x02, 0x00, 0x00, 0x37, 0x39, 0x01, 0x00, 0x00, 0x00, 0x00, 0x03, 0x00, 0x00,
    0xFF, 0xC0, 0x04, 0x00, 0x03, 0xC0, 0x00, 0x3F, 0x00, 0x7F, 0x00, 0x8B, 0x00, 0x00, 0x01, 0x23,
    0x26, 0x27, 0x2E, 0x01, 0x27, 0x26, 0x27, 0x35, 0x34, 0x26, 0x2B, 0x01, 0x22, 0x06, 0x1D, 0x01,
    0x06, 0x07, 0x0E, 0x01, 0x07, 0x06, 0x07, 0x23, 0x22, 0x06, 0x1D, 0x01, 0x14, 0x16, 0x3B, 0x01,
    0x16, 0x17, 0x1E, 0x01, 0x17, 0x16, 0x17, 0x15, 0x14, 0x16, 0x3B, 0x01, 0x32, 0x36, 0x3D, 0x01,
    0x36, 0x37, 0x3E, 0x01, 0x37, 0x36, 0x37, 0x33, 0x32, 0x36, 0x3D, 0x01, 0x34, 0x26, 0x01, 0x35,
    0x34, 0x26, 0x2B, 0x01, 0x22, 0x06, 0x1D, 0x01, 0x26, 0x27, 0x2E, 0x01, 0x27, 0x26, 0x27, 0x33,
    0x32, 0x36, 0x3D, 0x01, 0x34, 0x26, 0x2B, 0x01, 0x36, 0x37, 0x3E, 0x01, 0x37, 0x36, 0x37, 0x15,
    0x14, 0x16, 0x3B, 0x01, 0x32, 0x36, 0x3D, 0x01, 0x16, 0x17, 0x1E, 0x01, 0x17, 0x16, 0x17, 0x23,
    0x22, 0x06, 0x1D, 0x01, 0x14, 0x16, 0x3B, 0x01, 0x06, 0x07, 0x0E, 0x01, 0x07, 0x06, 0x03, 0x14,
    0x06, 0x23, 0x22, 0x26, 0x35, 0x34, 0x36, 0x33, 0x32, 0x16, 0x03, 0xE8, 0x3B, 0x08, 0x20, 0x21,
    0x65, 0x42, 0x42, 0x4B, 0x0E, 0x0A, 0x30, 0x0A, 0x0E, 0x4B, 0x42, 0x42, 0x65, 0x21, 0x20, 0x08,
    0x3B, 0x0A, 0x0E, 0x0E, 0x0A, 0x3B, 0x08, 0x20, 0x21, 0x65, 0x42, 0x42, 0x4B, 0x0E, 0x0A, 0x30,
    0x0A, 0x0E, 0x4B, 0x42, 0x42, 0x65, 0x21, 0x20, 0x08, 0x3B, 0x0A, 0x0E, 0x0E, 0xFE, 0x3E, 0x0E,
    0x0A, 0x30, 0x0A, 0x0E, 0x37, 0x31, 0x30, 0x4B, 0x19, 0x19, 0x08, 0x55, 0x0A, 0x0E, 0x0E, 0x0A,
    0x55, 0x08, 0x19, 0x19, 0x4B, 0x30, 0x31, 0x37, 0x0E, 0x0A, 0x30, 0x0A, 0x0E, 0x37, 0x31, 0x30,
    0x4B, 0x19, 0x19, 0x08, 0x55, 0x0A, 0x0E, 0x0E, 0x0A, 0x55, 0x08, 0x19, 0x19, 0x4B, 0x30, 0x31,
    0x27, 0x25, 0x1B, 0x1B, 0x25, 0x25, 0x1B, 0x1B, 0x25, 0x01, 0xF0, 0x4B, 0x42, 0x42, 0x65, 0x21,
    0x20, 0x08, 0x3B, 0x0A, 0x0E, 0x0E, 0x0A, 0x3B, 0x08, 0x20, 0x21, 0x65, 0x42, 0x42, 0x4B, 0x0E,
    0x0A, 0x30, 0x0A, 0x0E, 0x4B, 0x42, 0x42, 0x65, 0x21, 0x20, 0x08, 0x3B, 0x0A, 0x0E, 0x0E, 0x0A,
    0x3B, 0x08, 0x20, 0x21, 0x65, 0x42, 0x42, 0x4B, 0x0E, 0x0A, 0x30, 0x0A, 0x0E, 0xFE, 0x83, 0x55,
    0x0A, 0x0E, 0x0E, 0x0A, 0x55, 0x08, 0x19, 0x19, 0x4B, 0x30, 0x31, 0x37, 0x0E, 0x0A, 0x30, 0x0A,
    0x0E, 0x37, 0x31, 0x30, 0x4B, 0x19, 0x19, 0x08, 0x55, 0x0A, 0x0E, 0x0E, 0x0A, 0x55, 0x08, 0x19,
    0x19, 0x4B, 0x30, 0x31, 0x37, 0x0E, 0x0A, 0x30, 0x0A, 0x0E, 0x37, 0x31, 0x30, 0x4B, 0x19, 0x19,
    0x01, 0x45, 0x1B, 0x25, 0x25, 0x1B, 0x1B, 0x25, 0x25, 0x00, 0x00, 0x00, 0x00, 0x04, 0x00, 0x00,
    0xFF, 0xC0, 0x03, 0x00, 0x03, 0xC0, 0x00, 0x23, 0x00, 0x2F, 0x00, 0x3C, 0x00, 0x50, 0x00, 0x00,
    0x01, 0x23, 0x22, 0x07, 0x0E, 0x01, 0x07, 0x06, 0x15, 0x31, 0x11, 0x14, 0x17, 0x1E, 0x01, 0x17,
    0x16, 0x33, 0x31, 0x33, 0x32, 0x37, 0x3E, 0x01, 0x37, 0x36, 0x35, 0x31, 0x11, 0x34, 0x27, 0x2E,
    0x01, 0x27, 0x26, 0x23, 0x13, 0x15, 0x23, 0x11, 0x33, 0x32, 0x17, 0x1E, 0x01, 0x17, 0x16, 0x15,
    0x25, 0x33, 0x11, 0x23, 0x35, 0x34, 0x37, 0x3E, 0x01, 0x37, 0x36, 0x33, 0x31, 0x13, 0x23, 0x22,
    0x27, 0x2E, 0x01, 0x27, 0x26, 0x35, 0x11, 0x21, 0x11, 0x14, 0x07, 0x0E, 0x01, 0x07, 0x06, 0x23,
    0x31, 0x01, 0xC0, 0x80, 0x42, 0x3B, 0x3A, 0x57, 0x19, 0x19, 0x19, 0x19, 0x57, 0x3A, 0x3B, 0x42,
    0x80, 0x42, 0x3B, 0x3A, 0x57, 0x19, 0x19, 0x19, 0x19, 0x57, 0x3A, 0x3B, 0x42, 0xE0, 0xF0, 0x10,
    0x2E, 0x29, 0x29, 0x3D, 0x11, 0x12, 0xFE, 0xA0, 0x10, 0xF0, 0x12, 0x11, 0x3D, 0x29, 0x29, 0x2E,
    0x80, 0x80, 0x2E, 0x29, 0x29, 0x3D, 0x11, 0x12, 0x02, 0x40, 0x12, 0x11, 0x3D, 0x29, 0x29, 0x2E,
    0x03, 0xC0, 0x19, 0x19, 0x57, 0x3A, 0x3B, 0x42, 0xFE, 0x80, 0x42, 0x3B, 0x3A, 0x57, 0x19, 0x19,
    0x19, 0x19, 0x57, 0x3A, 0x3B, 0x42, 0x01, 0x80, 0x42, 0x3B, 0x3A, 0x57, 0x19, 0x19, 0xFE, 0xC0,
    0x20, 0x01, 0x00, 0x12, 0x11, 0x3D, 0x29, 0x29, 0x2E, 0xE0, 0xFF, 0x00, 0x20, 0x2E, 0x29, 0x29,
    0x3D, 0x11, 0x12, 0xFC, 0xC0, 0x12, 0x11, 0x3D, 0x29, 0x29, 0x2E, 0x01, 0x00, 0xFF, 0x00, 0x2E,
    0x29, 0x29, 0x3D, 0x11, 0x12, 0x00, 0x00, 0x00, 0x00, 0x04, 0x00, 0x00, 0xFF, 0xC0, 0x03, 0x00,
    0x03, 0xC0, 0x00, 0x43, 0x00, 0x6B, 0x00, 0x77, 0x00, 0x83, 0x00, 0x00, 0x01, 0x2A, 0x01, 0x23,
    0x06, 0x07, 0x0E, 0x01, 0x07, 0x06, 0x15, 0x11, 0x14, 0x16, 0x33, 0x32, 0x36, 0x3F, 0x01, 0x3E,
    0x01, 0x33, 0x32, 0x16, 0x1F, 0x01, 0x1E, 0x01, 0x33, 0x32, 0x36, 0x3F, 0x01, 0x3E, 0x01, 0x33,
    0x32, 0x16, 0x1F, 0x01, 0x1E, 0x01, 0x33, 0x32, 0x36, 0x3F, 0x01, 0x3E, 0x01, 0x33, 0x32, 0x16,
    0x17, 0x31, 0x17, 0x1E, 0x01, 0x33, 0x32, 0x36, 0x35, 0x11, 0x34, 0x27, 0x2E, 0x01, 0x27, 0x26,
    0x13, 0x2E, 0x01, 0x23, 0x22, 0x06, 0x0F, 0x01, 0x27, 0x2E, 0x01, 0x23, 0x22, 0x06, 0x0F, 0x01,
    0x27, 0x2E, 0x01, 0x23, 0x31, 0x22, 0x06, 0x07, 0x11, 0x34, 0x37, 0x3E, 0x01, 0x37, 0x36, 0x37,
    0x33, 0x32, 0x17, 0x1E, 0x01, 0x17, 0x16, 0x15, 0x25, 0x22, 0x06, 0x15, 0x14, 0x16, 0x33, 0x32,
    0x36, 0x35, 0x34, 0x26, 0x33, 0x22, 0x06, 0x15, 0x14, 0x16, 0x33, 0x32, 0x36, 0x35, 0x34, 0x26,
    0x01, 0x80, 0x03, 0x06, 0x03, 0x4F, 0x44, 0x44, 0x64, 0x1C, 0x1D, 0x14, 0x0C, 0x06, 0x0C, 0x05,
    0x31, 0x05, 0x0A, 0x05, 0x06, 0x0D, 0x04, 0x56, 0x05, 0x0C, 0x06, 0x06, 0x0C, 0x05, 0x51, 0x05,
    0x0C, 0x07, 0x07, 0x0C, 0x05, 0x51, 0x05, 0x0C, 0x06, 0x06, 0x0C, 0x05, 0x55, 0x05, 0x0C, 0x07,
    0x06, 0x0A, 0x04, 0x31, 0x05, 0x0C, 0x06, 0x0C, 0x14, 0x1E, 0x1E, 0x69, 0x46, 0x45, 0xD0, 0x07,
    0x0E, 0x07, 0x1B, 0x32, 0x12, 0x25, 0x20, 0x12, 0x33, 0x1B, 0x1B, 0x32, 0x13, 0x20, 0x25, 0x11,
    0x32, 0x1C, 0x07, 0x0E, 0x07, 0x16, 0x16, 0x4C, 0x33, 0x32, 0x3A, 0x09, 0x3C, 0x34, 0x34, 0x4F,
    0x16, 0x17, 0xFE, 0x60, 0x1B, 0x25, 0x25, 0x1B, 0x1B, 0x25, 0x25, 0xE5, 0x1B, 0x25, 0x25, 0x1B,
    0x1B, 0x25, 0x25, 0x03, 0xC0, 0x03, 0x21, 0x21, 0x6D, 0x48, 0x47, 0x4F, 0xFD, 0xF0, 0x0E, 0x12,
    0x05, 0x04, 0x25, 0x04, 0x03, 0x06, 0x05, 0x61, 0x04, 0x05, 0x05, 0x04, 0x5C, 0x05, 0x06, 0x06,
    0x05, 0x5C, 0x04, 0x05, 0x05, 0x04, 0x61, 0x05, 0x06, 0x04, 0x03, 0x25, 0x04, 0x05, 0x12, 0x0E,
    0x02, 0x20, 0x50, 0x45, 0x46, 0x69, 0x1E, 0x1E, 0xFC, 0xD2, 0x01, 0x02, 0x17, 0x14, 0x2A, 0x25,
    0x14, 0x17, 0x17, 0x14, 0x25, 0x2A, 0x14, 0x17, 0x02, 0x01, 0x01, 0x9E, 0x3D, 0x37, 0x36, 0x53,
    0x18, 0x19, 0x02, 0x17, 0x16, 0x4F, 0x34, 0x34, 0x3C, 0x40, 0x25, 0x1B, 0x1B, 0x25, 0x25, 0x1B,
    0x1B, 0x25, 0x25, 0x1B, 0x1B, 0x25, 0x25, 0x1B, 0x1B, 0x25, 0x00, 0x00, 0x00, 0x07, 0x00, 0x00,
    0xFF, 0xC0, 0x04, 0x00, 0x03, 0xC0, 0x00, 0x0B, 0x00, 0x17, 0x00, 0x23, 0x00, 0x2F, 0x00, 0x3B,
    0x00, 0x47, 0x00, 0x53, 0x00, 0x00, 0x01, 0x14, 0x06, 0x23, 0x22, 0x26, 0x35, 0x34, 0x36, 0x33,
    0x32, 0x16, 0x03, 0x22, 0x06, 0x15, 0x14, 0x16, 0x33, 0x32, 0x36, 0x35, 0x34, 0x26, 0x01, 0x22,
    0x06, 0x15, 0x14, 0x16, 0x33, 0x32, 0x36, 0x35, 0x34, 0x26, 0x05, 0x34, 0x26, 0x23, 0x22, 0x06,
    0x15, 0x14, 0x16, 0x33, 0x32, 0x36, 0x17, 0x22, 0x06, 0x15, 0x14, 0x16, 0x33, 0x32, 0x36, 0x35,
    0x34, 0x26, 0x21, 0x22, 0x06, 0x15, 0x14, 0x16, 0x33, 0x32, 0x36, 0x35, 0x34, 0x26, 0x01, 0x22,
    0x06, 0x15, 0x14, 0x16, 0x33, 0x32, 0x36, 0x35, 0x34, 0x26, 0x02, 0x60, 0x38, 0x28, 0x28, 0x38,
    0x38, 0x28, 0x28, 0x38, 0x60, 0x28, 0x38, 0x38, 0x28, 0x28, 0x38, 0x38, 0x01, 0x78, 0x28, 0x38,
    0x38, 0x28, 0x28, 0x38, 0x38, 0xFC, 0xF8, 0x38, 0x28, 0x28, 0x38, 0x38, 0x28, 0x28, 0x38, 0x1A,
    0x28, 0x38, 0x38, 0x28, 0x28, 0x38, 0x38, 0x02, 0x24, 0x28, 0x38, 0x38, 0x28, 0x28, 0x38, 0x38,
    0xFD, 0x8C, 0x28, 0x38, 0x38, 0x28, 0x28, 0x38, 0x38, 0x03, 0x60, 0x28, 0x38, 0x38, 0x28, 0x28,
    0x38, 0x38, 0xFC, 0xF8, 0x38, 0x28, 0x28, 0x38, 0x38, 0x28, 0x28, 0x38, 0x01, 0xA0, 0x38, 0x28,
    0x28, 0x38, 0x38, 0x28, 0x28, 0x38, 0x60, 0x28, 0x38, 0x38, 0x28, 0x28, 0x38, 0x38, 0x9E, 0x38,
    0x28, 0x28, 0x38, 0x38, 0x28, 0x28, 0x38, 0x38, 0x28, 0x28, 0x38, 0x38, 0x28, 0x28, 0x38, 0x02,
    0x4C, 0x38, 0x28, 0x28, 0x38, 0x38, 0x28, 0x28, 0x38, 0x00, 0x00, 0x00, 0x00, 0x04, 0x00, 0x00,
    0xFF, 0xC0, 0x03, 0x80, 0x03, 0xC0, 0x00, 0x1C, 0x00, 0x2B, 0x00, 0x47, 0x00, 0x53, 0x00, 0x00,
    0x01, 0x22, 0x06, 0x23, 0x22, 0x26, 0x23, 0x22, 0x07, 0x0E, 0x01, 0x07, 0x06, 0x1D, 0x01, 0x14,
    0x16, 0x33, 0x21, 0x32, 0x36, 0x3D, 0x01, 0x34, 0x27, 0x2E, 0x01, 0x27, 0x26, 0x13, 0x21, 0x35,
    0x34, 0x36, 0x33, 0x32, 0x16, 0x33, 0x32, 0x36, 0x33, 0x32, 0x16, 0x15, 0x01, 0x32, 0x37, 0x3E,
    0x01, 0x37, 0x36, 0x35, 0x34, 0x27, 0x2E, 0x01, 0x27, 0x26, 0x23, 0x22, 0x07, 0x0E, 0x01, 0x07,
    0x06, 0x15, 0x14, 0x17, 0x1E, 0x01, 0x17, 0x16, 0x13, 0x32, 0x16, 0x15, 0x14, 0x06, 0x23, 0x22,
    0x26, 0x35, 0x34, 0x36, 0x02, 0x73, 0x2B, 0x41, 0x47, 0x47, 0x41, 0x2B, 0x38, 0x31, 0x31, 0x49,
    0x15, 0x15, 0x38, 0x28, 0x02, 0xC0, 0x28, 0x38, 0x15, 0x15, 0x49, 0x31, 0x31, 0x75, 0xFD, 0x40,
    0x65, 0x48, 0x16, 0x50, 0x4D, 0x4E, 0x4F, 0x16, 0x48, 0x65, 0xFE, 0xA0, 0x3C, 0x34, 0x35, 0x4E,
    0x16, 0x17, 0x17, 0x16, 0x4E, 0x35, 0x34, 0x3C, 0x3C, 0x34, 0x35, 0x4E, 0x16, 0x17, 0x17, 0x16,
    0x4E, 0x35, 0x34, 0x3C, 0x4F, 0x71, 0x71, 0x4F, 0x4F, 0x71, 0x71, 0x01, 0x60, 0x20, 0x20, 0x15,
    0x15, 0x49, 0x31, 0x31, 0x38, 0x33, 0x28, 0x38, 0x38, 0x28, 0x33, 0x38, 0x31, 0x31, 0x49, 0x15,
    0x15, 0xFE, 0xC0, 0x33, 0x48, 0x65, 0x20, 0x20, 0x65, 0x48, 0x01, 0x2D, 0x17, 0x16, 0x4E, 0x35,
    0x34, 0x3C, 0x3C, 0x34, 0x35, 0x4E, 0x16, 0x17, 0x17, 0x16, 0x4E, 0x35, 0x34, 0x3C, 0x3C, 0x34,
    0x35, 0x4E, 0x16, 0x17, 0x01, 0xE0, 0x71, 0x4F, 0x4F, 0x71, 0x71, 0x4F, 0x4F, 0x71, 0x00, 0x00,
    0x00, 0x04, 0x00, 0x00, 0xFF, 0xC0, 0x03, 0x80, 0x03, 0xC0, 0x00, 0x23, 0x00, 0x3F, 0x00, 0x5D,
    0x00, 0x7A, 0x00, 0x00, 0x01, 0x22, 0x07, 0x0E, 0x01, 0x07, 0x06, 0x15, 0x14, 0x17, 0x1E, 0x01,
    0x17, 0x16, 0x17, 0x1E, 0x01, 0x33, 0x32, 0x36, 0x37, 0x07, 0x36, 0x37, 0x3E, 0x01, 0x37, 0x36,
    0x35, 0x34, 0x27, 0x2E, 0x01, 0x27, 0x26, 0x23, 0x03, 0x26, 0x27, 0x2E, 0x01, 0x27, 0x26, 0x35,
    0x34, 0x37, 0x3E, 0x01, 0x37, 0x36, 0x33, 0x32, 0x17, 0x1E, 0x01, 0x17, 0x16, 0x15, 0x14, 0x07,
    0x0E, 0x01, 0x07, 0x06, 0x01, 0x23, 0x38, 0x01, 0x31, 0x22, 0x06, 0x15, 0x38, 0x01, 0x39, 0x01,
    0x14, 0x16, 0x3B, 0x01, 0x32, 0x36, 0x35, 0x31, 0x38, 0x01, 0x31, 0x34, 0x26, 0x23, 0x38, 0x01,
    0x39, 0x01, 0x21, 0x23, 0x38, 0x01, 0x31, 0x22, 0x06, 0x15, 0x38, 0x01, 0x39, 0x01, 0x14, 0x16,
    0x3B, 0x01, 0x32, 0x36, 0x35, 0x31, 0x38, 0x01, 0x31, 0x34, 0x26, 0x23, 0x38, 0x01, 0x31, 0x01,
    0xC0, 0x5D, 0x51, 0x52, 0x7A, 0x23, 0x23, 0x2C, 0x2C, 0x7B, 0x43, 0x42, 0x2E, 0x0C, 0x1E, 0x10,
    0x10, 0x1E, 0x0D, 0x01, 0x2E, 0x42, 0x43, 0x7B, 0x2C, 0x2C, 0x23, 0x23, 0x7A, 0x52, 0x51, 0x5D,
    0x01, 0x52, 0x41, 0x42, 0x5A, 0x18, 0x18, 0x19, 0x1A, 0x5C, 0x41, 0x41, 0x4F, 0x4F, 0x41, 0x41,
    0x5C, 0x1A, 0x19, 0x18, 0x18, 0x5B, 0x41, 0x42, 0xFE, 0xF2, 0x40, 0x0E, 0x12, 0x5D, 0x43, 0x40,
    0x0D, 0x13, 0x5E, 0x42, 0x01, 0xC0, 0x40, 0x43, 0x5D, 0x12, 0x0E, 0x40, 0x42, 0x5E, 0x13, 0x0D,
    0x03, 0xC0, 0x20, 0x20, 0x78, 0x56, 0x57, 0x6C, 0x54, 0x52, 0x52, 0x8F, 0x3A, 0x39, 0x22, 0x09,
    0x0A, 0x0A, 0x0A, 0x01, 0x22, 0x39, 0x3A, 0x8F, 0x52, 0x52, 0x54, 0x6C, 0x57, 0x56, 0x78, 0x20,
    0x20, 0xFC, 0x60, 0x3E, 0x3E, 0x3F, 0x77, 0x37, 0x37, 0x2F, 0x53, 0x44, 0x44, 0x61, 0x1A, 0x1B,
    0x1B, 0x1A, 0x61, 0x44, 0x44, 0x53, 0x2F, 0x37, 0x37, 0x77, 0x3F, 0x3E, 0x01, 0xA2, 0x13, 0x0D,
    0x42, 0x5E, 0x13, 0x0D, 0x42, 0x5E, 0x5E, 0x42, 0x0D, 0x13, 0x5E, 0x42, 0x0D, 0x13, 0x00, 0x00,
    0x00, 0x03, 0x00, 0x00, 0xFF, 0xC0, 0x04, 0xFB, 0x03, 0xC0, 0x00, 0x24, 0x00, 0x40, 0x00, 0x8E,
    0x00, 0x00, 0x01, 0x2E, 0x01, 0x23, 0x22, 0x06, 0x07, 0x2E, 0x01, 0x23, 0x22, 0x07, 0x0E, 0x01,
    0x07, 0x06, 0x07, 0x0E, 0x01, 0x15, 0x14, 0x17, 0x1E, 0x01, 0x17, 0x16, 0x33, 0x21, 0x32, 0x37,
    0x3E, 0x01, 0x37, 0x36, 0x35, 0x34, 0x26, 0x03, 0x21, 0x22, 0x26, 0x35, 0x34, 0x36, 0x37, 0x3E,
    0x01, 0x33, 0x32, 0x16, 0x17, 0x3E, 0x01, 0x33, 0x32, 0x16, 0x15, 0x14, 0x06, 0x07, 0x1E, 0x01,
    0x15, 0x14, 0x06, 0x01, 0x2E, 0x01, 0x23, 0x2A, 0x01, 0x23, 0x0E, 0x01, 0x23, 0x22, 0x27, 0x2E,
    0x01, 0x27, 0x26, 0x35, 0x34, 0x36, 0x37, 0x3E, 0x01, 0x27, 0x2E, 0x01, 0x27, 0x2E, 0x01, 0x23,
    0x22, 0x07, 0x0E, 0x01, 0x07, 0x06, 0x07, 0x1E, 0x01, 0x17, 0x36, 0x37, 0x3E, 0x01, 0x37, 0x36,
    0x37, 0x0E, 0x01, 0x15, 0x14, 0x17, 0x1E, 0x01, 0x17, 0x16, 0x17, 0x0E, 0x01, 0x23, 0x22, 0x26,
    0x27, 0x1E, 0x01, 0x17, 0x3A, 0x01, 0x33, 0x32, 0x37, 0x3E, 0x01, 0x37, 0x36, 0x37, 0x3E, 0x01,
    0x27, 0x03, 0x0E, 0x0C, 0x74, 0x4E, 0x08, 0x0F, 0x07, 0x25, 0x5B, 0x32, 0x30, 0x2B, 0x2C, 0x46,
    0x19, 0x18, 0x0B, 0x30, 0x37, 0x14, 0x14, 0x46, 0x2E, 0x2F, 0x35, 0x01, 0x98, 0x30, 0x2A, 0x2A,
    0x3F, 0x13, 0x12, 0x3F, 0xA9, 0xFE, 0x68, 0x42, 0x5E, 0x36, 0x2A, 0x01, 0x67, 0x48, 0x2F, 0x4E,
    0x17, 0x0D, 0x1E, 0x11, 0x2E, 0x42, 0x03, 0x03, 0x32, 0x44, 0x50, 0x02, 0x2B, 0x06, 0x17, 0x0E,
    0x03, 0x04, 0x03, 0x0B, 0x17, 0x0C, 0x32, 0x2C, 0x2D, 0x42, 0x13, 0x13, 0x42, 0x39, 0x0E, 0x0D,
    0x03, 0x03, 0x15, 0x0F, 0x11, 0x23, 0x12, 0x4B, 0x43, 0x43, 0x67, 0x20, 0x20, 0x06, 0x19, 0x30,
    0x16, 0x02, 0x11, 0x11, 0x3B, 0x28, 0x28, 0x2F, 0x21, 0x24, 0x14, 0x14, 0x48, 0x30, 0x31, 0x39,
    0x1E, 0x43, 0x23, 0x0A, 0x13, 0x0A, 0x0B, 0x0D, 0x02, 0x04, 0x06, 0x03, 0x2C, 0x29, 0x2A, 0x4C,
    0x22, 0x22, 0x1B, 0x09, 0x03, 0x06, 0x01, 0x6F, 0x4B, 0x66, 0x01, 0x01, 0x1F, 0x23, 0x10, 0x10,
    0x38, 0x27, 0x27, 0x2D, 0x23, 0x6C, 0x3E, 0x35, 0x2F, 0x2E, 0x46, 0x14, 0x14, 0x12, 0x13, 0x3F,
    0x2A, 0x2A, 0x30, 0x3F, 0x6A, 0xFE, 0xCF, 0x5E, 0x42, 0x31, 0x4F, 0x13, 0x48, 0x65, 0x2D, 0x25,
    0x09, 0x09, 0x42, 0x2E, 0x09, 0x11, 0x08, 0x07, 0x4B, 0x34, 0x38, 0x50, 0x01, 0x62, 0x0D, 0x0E,
    0x03, 0x02, 0x13, 0x14, 0x42, 0x2C, 0x2D, 0x32, 0x42, 0x71, 0x21, 0x08, 0x1B, 0x0F, 0x0F, 0x16,
    0x03, 0x03, 0x03, 0x1B, 0x1C, 0x5F, 0x41, 0x40, 0x4A, 0x01, 0x0C, 0x0A, 0x32, 0x2D, 0x2C, 0x48,
    0x19, 0x1A, 0x0A, 0x2B, 0x69, 0x38, 0x3D, 0x37, 0x37, 0x57, 0x1F, 0x1F, 0x0C, 0x10, 0x10, 0x02,
    0x02, 0x17, 0x33, 0x1A, 0x09, 0x0A, 0x24, 0x1B, 0x1A, 0x22, 0x0B, 0x1C, 0x0D, 0x00, 0x00, 0x00,
    0x00, 0x03, 0x00, 0x00, 0xFF, 0xC0, 0x04, 0x80, 0x03, 0xC0, 0x00, 0x2C, 0x00, 0x57, 0x00, 0x74,
    0x00, 0x00, 0x01, 0x22, 0x06, 0x07, 0x33, 0x1E, 0x01, 0x15, 0x31, 0x14, 0x06, 0x23, 0x31, 0x22,
    0x26, 0x27, 0x17, 0x0E, 0x01, 0x15, 0x14, 0x17, 0x1E, 0x01, 0x17, 0x16, 0x33, 0x32, 0x37, 0x3E,
    0x01, 0x37, 0x36, 0x35, 0x34, 0x27, 0x2E, 0x01, 0x27, 0x26, 0x23, 0x22, 0x30, 0x39, 0x01, 0x05,
    0x26, 0x27, 0x2E, 0x01, 0x27, 0x26, 0x23, 0x22, 0x07, 0x0E, 0x01, 0x07, 0x06, 0x07, 0x0E, 0x01,
    0x15, 0x14, 0x16, 0x17, 0x35, 0x16, 0x17, 0x1E, 0x01, 0x17, 0x16, 0x33, 0x32, 0x37, 0x3E, 0x01,
    0x37, 0x36, 0x37, 0x3E, 0x01, 0x35, 0x34, 0x26, 0x27, 0x15, 0x01, 0x22, 0x27, 0x2E, 0x01, 0x27,
    0x26, 0x27, 0x36, 0x37, 0x3E, 0x01, 0x37, 0x36, 0x33, 0x32, 0x17, 0x1E, 0x01, 0x17, 0x16, 0x17,
    0x06, 0x07, 0x0E, 0x01, 0x07, 0x06, 0x23, 0x02, 0x40, 0x11, 0x20, 0x0F, 0x02, 0x06, 0x08, 0x42,
    0x2E, 0x0F, 0x1B, 0x0D, 0x01, 0x04, 0x05, 0x12, 0x11, 0x3D, 0x29, 0x28, 0x2F, 0x2E, 0x29, 0x28,
    0x3D, 0x12, 0x11, 0x11, 0x12, 0x3D, 0x28, 0x29, 0x2E, 0x01, 0x02, 0x39, 0x29, 0x3B, 0x3B, 0x93,
    0x56, 0x55, 0x5C, 0x5C, 0x55, 0x56, 0x93, 0x3B, 0x3B, 0x29, 0x03, 0x04, 0x04, 0x03, 0x29, 0x3B,
    0x3B, 0x93, 0x56, 0x55, 0x5C, 0x5C, 0x55, 0x56, 0x93, 0x3B, 0x3B, 0x29, 0x03, 0x04, 0x04, 0x03,
    0xFD, 0xC7, 0x4A, 0x46, 0x46, 0x7B, 0x33, 0x33, 0x25, 0x25, 0x33, 0x33, 0x7B, 0x46, 0x46, 0x4A,
    0x4A, 0x46, 0x46, 0x7B, 0x33, 0x33, 0x25, 0x25, 0x33, 0x33, 0x7B, 0x46, 0x46, 0x4A, 0x02, 0xA0,
    0x06, 0x04, 0x0C, 0x1B, 0x0F, 0x2E, 0x42, 0x08, 0x07, 0x01, 0x0D, 0x20, 0x10, 0x2F, 0x28, 0x29,
    0x3D, 0x11, 0x12, 0x12, 0x11, 0x3D, 0x29, 0x28, 0x2F, 0x2E, 0x29, 0x28, 0x3D, 0x11, 0x12, 0xC3,
    0x50, 0x41, 0x41, 0x5E, 0x19, 0x1A, 0x1A, 0x19, 0x5E, 0x41, 0x41, 0x50, 0x06, 0x0F, 0x08, 0x08,
    0x0F, 0x07, 0x01, 0x50, 0x41, 0x41, 0x5E, 0x19, 0x1A, 0x1A, 0x19, 0x5E, 0x41, 0x41, 0x50, 0x06,
    0x0F, 0x08, 0x08, 0x0F, 0x07, 0x01, 0xFE, 0xC3, 0x14, 0x14, 0x4B, 0x35, 0x35, 0x43, 0x43, 0x35,
    0x35, 0x4B, 0x14, 0x14, 0x14, 0x14, 0x4B, 0x35, 0x35, 0x43, 0x43, 0x35, 0x35, 0x4B, 0x14, 0x14,
    0x00, 0x04, 0x00, 0x00, 0xFF, 0xC0, 0x03, 0x80, 0x03, 0xC0, 0x00, 0x2B, 0x00, 0x57, 0x00, 0x6B,
    0x00, 0x7F, 0x00, 0x00, 0x13, 0x21, 0x38, 0x01, 0x31, 0x32, 0x36, 0x35, 0x38, 0x01, 0x39, 0x01,
    0x35, 0x38, 0x01, 0x31, 0x34, 0x26, 0x23, 0x38, 0x01, 0x31, 0x21, 0x38, 0x01, 0x31, 0x22, 0x06,
    0x15, 0x38, 0x01, 0x39, 0x01, 0x15, 0x38, 0x01, 0x31, 0x14, 0x16, 0x33, 0x38, 0x01, 0x39, 0x01,
    0x11, 0x21, 0x38, 0x01, 0x31, 0x32, 0x36, 0x35, 0x38, 0x01, 0x39, 0x01, 0x35, 0x38, 0x01, 0x31,
    0x34, 0x26, 0x23, 0x38, 0x01, 0x31, 0x21, 0x38, 0x01, 0x31, 0x22, 0x06, 0x15, 0x38, 0x01, 0x39,
    0x01, 0x15, 0x38, 0x01, 0x31, 0x14, 0x16, 0x33, 0x38, 0x01, 0x39, 0x01, 0x05, 0x21, 0x22, 0x06,
    0x15, 0x31, 0x15, 0x14, 0x16, 0x33, 0x31, 0x21, 0x32, 0x36, 0x35, 0x31, 0x35, 0x34, 0x26, 0x23,
    0x11, 0x21, 0x22, 0x06, 0x15, 0x31, 0x15, 0x14, 0x16, 0x33, 0x31, 0x21, 0x32, 0x36, 0x35, 0x31,
    0x35, 0x34, 0x26, 0x23, 0x1A, 0x02, 0x0C, 0x0B, 0x0F, 0x0F, 0x0B, 0xFD, 0xF4, 0x0B, 0x0F, 0x0F,
    0x0B, 0x02, 0x0C, 0x0B, 0x0F, 0x0F, 0x0B, 0xFD, 0xF4, 0x0B, 0x0F, 0x0F, 0x0B, 0x03, 0x46, 0xFC,
    0xC0, 0x0D, 0x13, 0x13, 0x0D, 0x03, 0x40, 0x0D, 0x13, 0x13, 0x0D, 0xFC, 0xC0, 0x0D, 0x13, 0x13,
    0x0D, 0x03, 0x40, 0x0D, 0x13, 0x13, 0x0D, 0x01, 0x00, 0x0F, 0x0B, 0x4C, 0x0B, 0x0F, 0x0F, 0x0B,
    0x4C, 0x0B, 0x0F, 0x02, 0x00, 0x0F, 0x0B, 0x4C, 0x0B, 0x0F, 0x0F, 0x0B, 0x4C, 0x0B, 0x0F, 0x80,
    0x13, 0x0D, 0x40, 0x0D, 0x13, 0x13, 0x0D, 0x40, 0x0D, 0x13, 0xFE, 0x00, 0x13, 0x0D, 0x40, 0x0D,
    0x13, 0x13, 0x0D, 0x40, 0x0D, 0x13, 0x00, 0x00, 0x00, 0x05, 0x00, 0x00, 0xFF, 0xC0, 0x04, 0x00,
    0x03, 0xC0, 0x00, 0x0F, 0x00, 0x19, 0x00, 0x59, 0x00, 0x69, 0x00, 0x73, 0x00, 0x00, 0x01, 0x11,
    0x34, 0x26, 0x2B, 0x01, 0x22, 0x06, 0x1D, 0x01, 0x14, 0x16, 0x3B, 0x01, 0x32, 0x36, 0x27, 0x23,
    0x22, 0x26, 0x3D, 0x01, 0x34, 0x36, 0x3B, 0x01, 0x13, 0x22, 0x07, 0x0E, 0x01, 0x07, 0x06, 0x07,
    0x15, 0x14, 0x16, 0x3B, 0x01, 0x32, 0x36, 0x3D, 0x01, 0x34, 0x37, 0x3E, 0x01, 0x37, 0x36, 0x33,
    0x32, 0x17, 0x1E, 0x01, 0x17, 0x16, 0x15, 0x31, 0x14, 0x15, 0x1C, 0x01, 0x15, 0x14, 0x31, 0x14,
    0x06, 0x2B, 0x01, 0x34, 0x26, 0x2B, 0x01, 0x22, 0x06, 0x15, 0x14, 0x16, 0x33, 0x21, 0x32, 0x36,
    0x35, 0x11, 0x26, 0x27, 0x2E, 0x01, 0x27, 0x26, 0x13, 0x32, 0x36, 0x3D, 0x01, 0x34, 0x26, 0x2B,
    0x01, 0x22, 0x06, 0x15, 0x11, 0x14, 0x16, 0x33, 0x13, 0x33, 0x32, 0x16, 0x1D, 0x01, 0x14, 0x06,
    0x2B, 0x01, 0x01, 0xC0, 0x25, 0x1B, 0x60, 0x35, 0x4B, 0x4B, 0x35, 0x60, 0x1B, 0x25, 0x60, 0x40,
    0x0D, 0x13, 0x13, 0x0D, 0x40, 0xA0, 0x6B, 0x5C, 0x5C, 0x89, 0x28, 0x29, 0x03, 0x13, 0x0D, 0x20,
    0x0D, 0x13, 0x21, 0x20, 0x71, 0x4C, 0x4C, 0x56, 0x56, 0x4C, 0x4C, 0x71, 0x20, 0x21, 0x32, 0x23,
    0xCB, 0x38, 0x28, 0x40, 0x28, 0x38, 0x38, 0x28, 0x01, 0x6B, 0x4B, 0x6A, 0x03, 0x29, 0x28, 0x89,
    0x5C, 0x5C, 0x75, 0x35, 0x4B, 0x4B, 0x35, 0x60, 0x1B, 0x25, 0x25, 0x1B, 0x20, 0x40, 0x0D, 0x13,
    0x13, 0x0D, 0x40, 0x01, 0x20, 0x01, 0x1F, 0x1B, 0x25, 0x4B, 0x35, 0x9F, 0x35, 0x4B, 0x25, 0x3B,
    0x13, 0x0D, 0x9F, 0x0E, 0x12, 0x01, 0xA1, 0x29, 0x2A, 0x8C, 0x5D, 0x5D, 0x67, 0x20, 0x0D, 0x13,
    0x13, 0x0D, 0x20, 0x56, 0x4C, 0x4C, 0x71, 0x20, 0x21, 0x21, 0x20, 0x71, 0x4C, 0x4C, 0x56, 0x02,
    0x34, 0x34, 0x7B, 0x33, 0x33, 0x23, 0x32, 0x28, 0x38, 0x38, 0x28, 0x28, 0x38, 0x6A, 0x4B, 0x01,
    0x4B, 0x67, 0x5D, 0x5D, 0x8C, 0x2A, 0x29, 0xFD, 0x20, 0x4B, 0x35, 0x9F, 0x35, 0x4B, 0x25, 0x1B,
    0xFE, 0xE1, 0x1B, 0x25, 0x01, 0x3F, 0x12, 0x0E, 0x9F, 0x0D, 0x13, 0x00, 0x00, 0x04, 0x00, 0x00,
    0xFF, 0xC0, 0x03, 0x80, 0x03, 0xC0, 0x00, 0x0F, 0x00, 0x1F, 0x00, 0x43, 0x00, 0x67, 0x00, 0x00,
    0x01, 0x21, 0x22, 0x06, 0x15, 0x11, 0x14, 0x16, 0x33, 0x21, 0x32, 0x36, 0x35, 0x11, 0x34, 0x26,
    0x03, 0x21, 0x22, 0x26, 0x35, 0x11, 0x34, 0x36, 0x33, 0x21, 0x32, 0x16, 0x15, 0x11, 0x14, 0x06,
    0x03, 0x15, 0x14, 0x06, 0x23, 0x21, 0x15, 0x14, 0x06, 0x2B, 0x01, 0x22, 0x26, 0x3D, 0x01, 0x23,
    0x22, 0x26, 0x3D, 0x01, 0x34, 0x36, 0x3B, 0x01, 0x35, 0x34, 0x36, 0x3B, 0x01, 0x32, 0x16, 0x1D,
    0x01, 0x21, 0x32, 0x16, 0x11, 0x15, 0x14, 0x06, 0x2B, 0x01, 0x15, 0x14, 0x06, 0x2B, 0x01, 0x22,
    0x26, 0x3D, 0x01, 0x21, 0x22, 0x26, 0x3D, 0x01, 0x34, 0x36, 0x33, 0x21, 0x35, 0x34, 0x36, 0x3B,
    0x01, 0x32, 0x16, 0x1D, 0x01, 0x33, 0x32, 0x16, 0x03, 0x20, 0xFD, 0x40, 0x28, 0x38, 0x38, 0x28,
    0x02, 0xC0, 0x28, 0x38, 0x38, 0x34, 0xFD, 0x58, 0x05, 0x07, 0x07, 0x05, 0x02, 0xA8, 0x05, 0x07,
    0x07, 0x59, 0x0E, 0x0A, 0xFE, 0xD8, 0x1C, 0x14, 0x20, 0x14, 0x1C, 0x28, 0x0A, 0x0E, 0x0E, 0x0A,
    0x28, 0x1C, 0x14, 0x20, 0x14, 0x1C, 0x01, 0x28, 0x0A, 0x0E, 0x0E, 0x0A, 0x28, 0x1C, 0x14, 0x20,
    0x14, 0x1C, 0xFE, 0xD8, 0x0A, 0x0E, 0x0E, 0x0A, 0x01, 0x28, 0x1C, 0x14, 0x20, 0x14, 0x1C, 0x28,
    0x0A, 0x0E, 0x03, 0x80, 0x38, 0x28, 0xFD, 0x40, 0x28, 0x38, 0x38, 0x28, 0x02, 0xC0, 0x28, 0x38,
    0xFC, 0xE0, 0x07, 0x05, 0x02, 0xA8, 0x05, 0x07, 0x07, 0x05, 0xFD, 0x58, 0x05, 0x07, 0x01, 0xE8,
    0x10, 0x0A, 0x0E, 0x30, 0x14, 0x1C, 0x1C, 0x14, 0x30, 0x0E, 0x0A, 0x10, 0x0A, 0x0E, 0x30, 0x14,
    0x1C, 0x1C, 0x14, 0x30, 0x0E, 0xFE, 0xF6, 0x10, 0x0A, 0x0E, 0x30, 0x14, 0x1C, 0x1C, 0x14, 0x30,
    0x0E, 0x0A, 0x10, 0x0A, 0x0E, 0x30, 0x14, 0x1C, 0x1C, 0x14, 0x30, 0x0E, 0x00, 0x03, 0x00, 0x00,
    0xFF, 0xC0, 0x03, 0x40, 0x03, 0xC0, 0x00, 0x14, 0x00, 0x20, 0x00, 0x63, 0x00, 0x00, 0x13, 0x07,
    0x0E, 0x01, 0x2B, 0x01, 0x22, 0x06, 0x15, 0x14, 0x16, 0x3B, 0x01, 0x32, 0x36, 0x3F, 0x01, 0x27,
    0x2E, 0x01, 0x27, 0x01, 0x32, 0x36, 0x35, 0x34, 0x26, 0x23, 0x22, 0x06, 0x15, 0x14, 0x16, 0x01,
    0x23, 0x22, 0x26, 0x2F, 0x01, 0x2E, 0x01, 0x2F, 0x01, 0x26, 0x06, 0x0F, 0x01, 0x0E, 0x01, 0x17,
    0x1E, 0x01, 0x3F, 0x01, 0x3E, 0x01, 0x1F, 0x01, 0x07, 0x06, 0x16, 0x1F, 0x01, 0x1E, 0x01, 0x15,
    0x1C, 0x01, 0x15, 0x31, 0x07, 0x06, 0x16, 0x17, 0x1E, 0x01, 0x33, 0x32, 0x36, 0x3F, 0x01, 0x36,
    0x26, 0x2F, 0x01, 0x37, 0x1E, 0x01, 0x1F, 0x01, 0x1E, 0x01, 0x3B, 0x01, 0x32, 0x36, 0x35, 0x34,
    0x26, 0x23, 0xFC, 0x27, 0x02, 0x08, 0x05, 0x96, 0x14, 0x1C, 0x1C, 0x14, 0x96, 0x22, 0x38, 0x0D,
    0x1B, 0x13, 0x12, 0x1C, 0x0B, 0x01, 0x24, 0x28, 0x38, 0x38, 0x28, 0x27, 0x39, 0x39, 0x01, 0x17,
    0x61, 0x05, 0x08, 0x02, 0x1C, 0x0E, 0x45, 0x2E, 0x9D, 0x27, 0x4C, 0x1F, 0x61, 0x10, 0x05, 0x0C,
    0x0C, 0x28, 0x10, 0x60, 0x0F, 0x22, 0x12, 0x1E, 0x47, 0x0F, 0x1A, 0x23, 0xA8, 0x03, 0x04, 0x43,
    0x05, 0x13, 0x13, 0x03, 0x07, 0x03, 0x10, 0x1A, 0x04, 0x43, 0x0A, 0x1B, 0x21, 0x67, 0x53, 0x05,
    0x06, 0x02, 0x1C, 0x0B, 0x3B, 0x25, 0x61, 0x14, 0x1C, 0x1C, 0x14, 0x01, 0x46, 0x5C, 0x05, 0x05,
    0x1C, 0x14, 0x14, 0x1C, 0x25, 0x1F, 0x3F, 0x0C, 0x0A, 0x1D, 0x10, 0x01, 0xBA, 0x38, 0x28, 0x28,
    0x38, 0x38, 0x28, 0x28, 0x38, 0xFE, 0xDF, 0x06, 0x06, 0x5B, 0x2E, 0x40, 0x0B, 0x23, 0x09, 0x11,
    0x18, 0x4B, 0x0C, 0x28, 0x0F, 0x10, 0x05, 0x0C, 0x4B, 0x0B, 0x07, 0x03, 0x07, 0xAF, 0x26, 0x4E,
    0x16, 0x65, 0x02, 0x07, 0x04, 0x02, 0x02, 0x01, 0xD1, 0x13, 0x23, 0x05, 0x01, 0x01, 0x13, 0x10,
    0xD1, 0x24, 0x47, 0x13, 0x3F, 0xD2, 0x06, 0x0C, 0x07, 0x5B, 0x24, 0x2C, 0x1C, 0x14, 0x14, 0x1C,
    0x00, 0x03, 0x00, 0x00, 0xFF, 0xC0, 0x04, 0x00, 0x03, 0xC0, 0x00, 0x2E, 0x00, 0x41, 0x00, 0x53,
    0x00, 0x00, 0x01, 0x22, 0x06, 0x07, 0x06, 0x07, 0x0E, 0x01, 0x07, 0x06, 0x17, 0x0E, 0x01, 0x07,
    0x0E, 0x01, 0x23, 0x22, 0x26, 0x27, 0x14, 0x17, 0x1E, 0x01, 0x17, 0x16, 0x33, 0x32, 0x37, 0x3E,
    0x01, 0x37, 0x36, 0x27, 0x36, 0x37, 0x3E, 0x01, 0x37, 0x36, 0x37, 0x3E, 0x01, 0x35, 0x34, 0x26,
    0x23, 0x01, 0x0E, 0x01, 0x23, 0x22, 0x26, 0x27, 0x3E, 0x01, 0x37, 0x3E, 0x01, 0x3F, 0x01, 0x1F,
    0x01, 0x16, 0x06, 0x07, 0x37, 0x07, 0x2F, 0x01, 0x26, 0x37, 0x3E, 0x01, 0x37, 0x36, 0x17, 0x16,
    0x07, 0x0E, 0x01, 0x07, 0x06, 0x07, 0x03, 0x8F, 0x18, 0x2B, 0x11, 0xA3, 0x60, 0x61, 0x61, 0x0B,
    0x0B, 0x08, 0x3E, 0x6A, 0x21, 0x04, 0x12, 0x0B, 0x13, 0x5A, 0x11, 0x11, 0x10, 0x47, 0x38, 0x37,
    0x4D, 0x58, 0x3A, 0x3B, 0x44, 0x0B, 0x0C, 0x06, 0x2B, 0x27, 0x27, 0x5D, 0x3A, 0x3B, 0x52, 0x0C,
    0x11, 0x45, 0x2C, 0xFE, 0x2D, 0x18, 0x4D, 0x33, 0x36, 0x46, 0x15, 0x24, 0x3B, 0x0D, 0x15, 0x39,
    0x27, 0x21, 0x48, 0x04, 0x03, 0x0F, 0x19, 0x7E, 0x22, 0x46, 0x05, 0x05, 0x43, 0x43, 0xA7, 0x49,
    0x49, 0x09, 0x09, 0x26, 0x26, 0x73, 0x3D, 0x3E, 0x25, 0x03, 0xC0, 0x13, 0x0F, 0x92, 0x53, 0x52,
    0x66, 0x22, 0x22, 0x31, 0x07, 0x46, 0x56, 0x0A, 0x0C, 0x43, 0x0B, 0x46, 0x40, 0x40, 0x62, 0x1C,
    0x1D, 0x1D, 0x1D, 0x58, 0x33, 0x33, 0x2C, 0x05, 0x1B, 0x1A, 0x79, 0x64, 0x65, 0x99, 0x16, 0x30,
    0x1A, 0x2D, 0x3A, 0xFC, 0x9E, 0x1C, 0x1C, 0x29, 0x1F, 0x05, 0x2E, 0x24, 0x37, 0x26, 0x04, 0x04,
    0x39, 0x1B, 0x17, 0x44, 0x1D, 0xEB, 0x04, 0x37, 0x20, 0x1E, 0x4B, 0x4B, 0x99, 0x39, 0x38, 0x07,
    0x08, 0x50, 0x51, 0xBD, 0x50, 0x4F, 0x05, 0x00, 0x00, 0x03, 0x00, 0x00, 0xFF, 0xC0, 0x05, 0x00,
    0x03, 0xC0, 0x00, 0x1E, 0x00, 0x27, 0x00, 0x30, 0x00, 0x00, 0x01, 0x21, 0x27, 0x2E, 0x01, 0x23,
    0x21, 0x22, 0x06, 0x1D, 0x01, 0x23, 0x22, 0x06, 0x15, 0x11, 0x14, 0x16, 0x33, 0x21, 0x32, 0x36,
    0x3D, 0x01, 0x33, 0x32, 0x36, 0x35, 0x11, 0x34, 0x26, 0x01, 0x21, 0x11, 0x33, 0x11, 0x14, 0x16,
    0x33, 0x21, 0x25, 0x21, 0x11, 0x21, 0x17, 0x1E, 0x01, 0x33, 0x21, 0x04, 0xA0, 0xFE, 0x80, 0x6D,
    0x09, 0x18, 0x0D, 0xFE, 0xDB, 0x28, 0x38, 0xA0, 0x28, 0x38, 0x38, 0x28, 0x03, 0x40, 0x28, 0x38,
    0xA0, 0x28, 0x38, 0x38, 0xFE, 0xD8, 0xFC, 0xC0, 0xA0, 0x38, 0x28, 0x02, 0x40, 0x01, 0x00, 0xFC,
    0xC0, 0x01, 0x18, 0x6D, 0x09, 0x18, 0x0D, 0x01, 0x8D, 0x03, 0x40, 0x6D, 0x09, 0x0A, 0x38, 0x28,
    0xA0, 0x38, 0x28, 0xFD, 0xC0, 0x28, 0x38, 0x38, 0x28, 0xA0, 0x38, 0x28, 0x01, 0xC0, 0x28, 0x38,
    0xFC, 0xE0, 0x02, 0x40, 0xFE, 0xC0, 0x28, 0x38, 0x60, 0x02, 0x40, 0x6D, 0x09, 0x0A, 0x00, 0x00,
    0x00, 0x02, 0x00, 0x00, 0xFF, 0xC0, 0x04, 0x00, 0x03, 0xC0, 0x00, 0x0F, 0x00, 0x30, 0x00, 0x00,
    0x01, 0x35, 0x34, 0x26, 0x23, 0x21, 0x22, 0x06, 0x1D, 0x01, 0x14, 0x16, 0x33, 0x21, 0x32, 0x36,
    0x37, 0x11, 0x14, 0x06, 0x23, 0x21, 0x22, 0x06, 0x1D, 0x01, 0x22, 0x06, 0x15, 0x11, 0x14, 0x16,
    0x3B, 0x01, 0x32, 0x36, 0x35, 0x11, 0x34, 0x26, 0x23, 0x35, 0x21, 0x32, 0x36, 0x3D, 0x01, 0x34,
    0x26, 0x03, 0x40, 0x25, 0x1B, 0xFD, 0x40, 0x1B, 0x25, 0x25, 0x1B, 0x02, 0xC0, 0x1B, 0x25, 0x40,
    0x25, 0x1B, 0xFE, 0xC0, 0x35, 0x4B, 0x1B, 0x25, 0x25, 0x1B, 0x80, 0x1B, 0x25, 0x25, 0x1B, 0x01,
    0x40, 0x50, 0x70, 0x4B, 0x02, 0xC0, 0xC0, 0x1B, 0x25, 0x25, 0x1B, 0xC0, 0x1B, 0x25, 0x25, 0x9B,
    0xFF, 0x00, 0x1B, 0x25, 0x4B, 0x35, 0x40, 0x25, 0x1B, 0xFF, 0x00, 0x1B, 0x25, 0x25, 0x1B, 0x01,
    0x00, 0x1B, 0x25, 0x40, 0x70, 0x50, 0x80, 0x35, 0x4B, 0x00, 0x00, 0x00, 0x00, 0x04, 0x00, 0x00,
    0xFF, 0xC0, 0x03, 0xDF, 0x03, 0xC0, 0x00, 0x5E, 0x00, 0x9A, 0x00, 0xA6, 0x00, 0xB2, 0x00, 0x00,
    0x01, 0x37, 0x3E, 0x01, 0x27, 0x2E, 0x01, 0x27, 0x2E, 0x01, 0x0F, 0x01, 0x2E, 0x01, 0x2F, 0x01,
    0x35, 0x34, 0x26, 0x27, 0x31, 0x26, 0x22, 0x07, 0x0E, 0x01, 0x1D, 0x01, 0x0E, 0x01, 0x07, 0x33,
    0x27, 0x26, 0x06, 0x07, 0x0E, 0x01, 0x07, 0x06, 0x16, 0x1F, 0x01, 0x0E, 0x01, 0x15, 0x14, 0x16,
    0x17, 0x35, 0x07, 0x0E, 0x01, 0x17, 0x1E, 0x01, 0x17, 0x1E, 0x01, 0x3F, 0x01, 0x1E, 0x01, 0x1F,
    0x01, 0x15, 0x14, 0x16, 0x17, 0x31, 0x16, 0x32, 0x37, 0x3E, 0x01, 0x3D, 0x01, 0x3E, 0x01, 0x37,
    0x23, 0x17, 0x16, 0x36, 0x37, 0x3E, 0x01, 0x37, 0x36, 0x26, 0x2F, 0x01, 0x36, 0x34, 0x27, 0x07,
    0x17, 0x0E, 0x01, 0x07, 0x33, 0x27, 0x0E, 0x01, 0x07, 0x15, 0x0E, 0x01, 0x23, 0x22, 0x26, 0x27,
    0x33, 0x35, 0x2E, 0x01, 0x27, 0x07, 0x2E, 0x01, 0x2F, 0x01, 0x37, 0x26, 0x34, 0x37, 0x27, 0x3E,
    0x01, 0x37, 0x17, 0x3E, 0x01, 0x37, 0x35, 0x3E, 0x01, 0x33, 0x32, 0x16, 0x17, 0x23, 0x15, 0x1E,
    0x01, 0x17, 0x37, 0x1E, 0x01, 0x1F, 0x01, 0x07, 0x16, 0x14, 0x07, 0x01, 0x22, 0x06, 0x15, 0x14,
    0x16, 0x33, 0x32, 0x36, 0x35, 0x34, 0x26, 0x03, 0x22, 0x26, 0x35, 0x34, 0x36, 0x33, 0x32, 0x16,
    0x15, 0x14, 0x06, 0x03, 0x89, 0x40, 0x0E, 0x0C, 0x04, 0x11, 0x42, 0x2D, 0x0C, 0x20, 0x0E, 0x40,
    0x0E, 0x20, 0x11, 0x02, 0x14, 0x10, 0x3F, 0x82, 0x3F, 0x10, 0x14, 0x13, 0x20, 0x10, 0x02, 0x40,
    0x0E, 0x20, 0x0C, 0x2D, 0x42, 0x11, 0x04, 0x0C, 0x0E, 0x40, 0x01, 0x01, 0x01, 0x01, 0x40, 0x0E,
    0x0C, 0x04, 0x11, 0x42, 0x2D, 0x0C, 0x20, 0x0E, 0x40, 0x0E, 0x20, 0x11, 0x02, 0x14, 0x10, 0x3F,
    0x82, 0x3F, 0x10, 0x14, 0x13, 0x20, 0x10, 0x02, 0x40, 0x0E, 0x20, 0x0C, 0x2D, 0x42, 0x11, 0x04,
    0x0C, 0x0E, 0x40, 0x02, 0x02, 0x69, 0x57, 0x0C, 0x23, 0x15, 0x01, 0x58, 0x30, 0x2D, 0x3B, 0x10,
    0x22, 0x12, 0x12, 0x23, 0x11, 0x02, 0x3B, 0x2D, 0x30, 0x58, 0x15, 0x21, 0x0C, 0x01, 0x57, 0x0B,
    0x0B, 0x57, 0x0B, 0x23, 0x15, 0x58, 0x30, 0x2D, 0x3B, 0x10, 0x22, 0x12, 0x12, 0x23, 0x11, 0x02,
    0x3B, 0x2D, 0x30, 0x58, 0x15, 0x21, 0x0C, 0x01, 0x57, 0x0B, 0x0B, 0xFE, 0xE0, 0x4F, 0x71, 0x71,
    0x4F, 0x4F, 0x71, 0x71, 0x4F, 0x28, 0x38, 0x38, 0x28, 0x28, 0x38, 0x38, 0x01, 0xE6, 0x25, 0x08,
    0x1E, 0x10, 0x40, 0x70, 0x2D, 0x0C, 0x04, 0x08, 0x25, 0x0B, 0x12, 0x08, 0x01, 0x4A, 0x11, 0x19,
    0x04, 0x11, 0x11, 0x04, 0x1A, 0x10, 0x4A, 0x08, 0x13, 0x0B, 0x25, 0x08, 0x04, 0x0C, 0x2D, 0x70,
    0x40, 0x10, 0x1E, 0x08, 0x25, 0x09, 0x13, 0x0A, 0x0A, 0x14, 0x0A, 0x02, 0x25, 0x08, 0x1E, 0x10,
    0x40, 0x70, 0x2D, 0x0C, 0x04, 0x08, 0x25, 0x0B, 0x12, 0x08, 0x01, 0x4A, 0x11, 0x19, 0x04, 0x11,
    0x11, 0x04, 0x1A, 0x10, 0x4A, 0x08, 0x14, 0x0A, 0x25, 0x08, 0x04, 0x0C, 0x2D, 0x70, 0x40, 0x10,
    0x1E, 0x08, 0x25, 0x13, 0x26, 0x13, 0x7E, 0x33, 0x21, 0x3B, 0x19, 0x33, 0x29, 0x1A, 0x15, 0x65,
    0x03, 0x03, 0x03, 0x03, 0x65, 0x15, 0x1A, 0x29, 0x33, 0x19, 0x3A, 0x20, 0x02, 0x33, 0x3E, 0x34,
    0x3E, 0x33, 0x1F, 0x3B, 0x1B, 0x33, 0x29, 0x1A, 0x15, 0x65, 0x03, 0x03, 0x03, 0x03, 0x65, 0x15,
    0x1A, 0x29, 0x33, 0x19, 0x3A, 0x20, 0x02, 0x33, 0x3E, 0x34, 0x3E, 0x01, 0x18, 0x71, 0x4F, 0x4F,
    0x71, 0x71, 0x4F, 0x4F, 0x71, 0xFE, 0xE0, 0x38, 0x28, 0x28, 0x38, 0x38, 0x28, 0x28, 0x38, 0x00,
    0x00, 0x03, 0x00, 0x00, 0xFF, 0xC0, 0x05, 0x57, 0x03, 0xC0, 0x00, 0xA1, 0x01, 0x4D, 0x01, 0x53,
    0x00, 0x00, 0x13, 0x14, 0x06, 0x07, 0x0E, 0x01, 0x15, 0x14, 0x06, 0x07, 0x0E, 0x01, 0x0F, 0x01,
    0x17, 0x1E, 0x01, 0x17, 0x32, 0x16, 0x17, 0x16, 0x36, 0x37, 0x3E, 0x01, 0x3B, 0x01, 0x35, 0x33,
    0x32, 0x16, 0x15, 0x1C, 0x01, 0x33, 0x30, 0x16, 0x1F, 0x01, 0x37, 0x3E, 0x01, 0x33, 0x32, 0x16,
    0x17, 0x1E, 0x01, 0x1F, 0x01, 0x07, 0x06, 0x07, 0x0E, 0x01, 0x07, 0x06, 0x15, 0x14, 0x16, 0x1F,
    0x01, 0x33, 0x15, 0x33, 0x35, 0x34, 0x36, 0x3F, 0x01, 0x35, 0x17, 0x1E, 0x01, 0x37, 0x3E, 0x01,
    0x3F, 0x01, 0x17, 0x3A, 0x01, 0x37, 0x30, 0x36, 0x2F, 0x01, 0x37, 0x3E, 0x01, 0x35, 0x27, 0x33,
    0x35, 0x33, 0x32, 0x36, 0x3D, 0x01, 0x2F, 0x01, 0x34, 0x26, 0x27, 0x2E, 0x01, 0x27, 0x2E, 0x01,
    0x07, 0x0E, 0x01, 0x07, 0x0E, 0x01, 0x2B, 0x01, 0x0F, 0x01, 0x23, 0x27, 0x2E, 0x01, 0x2F, 0x01,
    0x23, 0x22, 0x06, 0x31, 0x14, 0x06, 0x07, 0x0E, 0x01, 0x0F, 0x01, 0x21, 0x27, 0x2E, 0x01, 0x27,
    0x2E, 0x01, 0x3D, 0x01, 0x23, 0x22, 0x26, 0x27, 0x2E, 0x01, 0x27, 0x2E, 0x01, 0x27, 0x2E, 0x01,
    0x23, 0x30, 0x06, 0x15, 0x17, 0x1E, 0x01, 0x17, 0x16, 0x22, 0x2F, 0x01, 0x15, 0x0F, 0x01, 0x17,
    0x32, 0x16, 0x17, 0x1E, 0x01, 0x17, 0x05, 0x35, 0x34, 0x36, 0x35, 0x3E, 0x01, 0x3B, 0x01, 0x17,
    0x33, 0x35, 0x37, 0x3E, 0x01, 0x3F, 0x01, 0x15, 0x17, 0x33, 0x15, 0x23, 0x22, 0x06, 0x07, 0x14,
    0x06, 0x2B, 0x01, 0x15, 0x23, 0x15, 0x07, 0x0E, 0x01, 0x15, 0x16, 0x22, 0x27, 0x22, 0x26, 0x23,
    0x26, 0x06, 0x0F, 0x01, 0x27, 0x2E, 0x01, 0x27, 0x2E, 0x01, 0x23, 0x22, 0x06, 0x07, 0x0E, 0x01,
    0x07, 0x14, 0x16, 0x1F, 0x01, 0x23, 0x15, 0x23, 0x15, 0x23, 0x35, 0x27, 0x2E, 0x01, 0x27, 0x22,
    0x26, 0x2F, 0x01, 0x37, 0x34, 0x36, 0x37, 0x3E, 0x01, 0x3F, 0x01, 0x27, 0x2E, 0x01, 0x27, 0x2E,
    0x01, 0x23, 0x22, 0x06, 0x0F, 0x01, 0x2F, 0x01, 0x23, 0x15, 0x14, 0x06, 0x23, 0x22, 0x26, 0x27,
    0x2E, 0x01, 0x27, 0x2E, 0x01, 0x27, 0x2E, 0x01, 0x37, 0x3E, 0x01, 0x37, 0x3E, 0x01, 0x37, 0x3E,
    0x01, 0x3F, 0x01, 0x1D, 0x01, 0x17, 0x16, 0x32, 0x3B, 0x01, 0x37, 0x3E, 0x01, 0x3F, 0x01, 0x27,
    0x2E, 0x01, 0x23, 0x27, 0x07, 0x0E, 0x01, 0x37, 0x34, 0x36, 0x3F, 0x01, 0x17, 0x1E, 0x01, 0x17,
    0x01, 0x15, 0x23, 0x35, 0x33, 0x15, 0x6D, 0x05, 0x0C, 0x0A, 0x06, 0x03, 0x02, 0x02, 0x04, 0x01,
    0x02, 0x08, 0x0C, 0x17, 0x16, 0x08, 0x15, 0x07, 0x0F, 0x1E, 0x0F, 0x05, 0x0F, 0x05, 0x0D, 0x26,
    0x1B, 0x0B, 0x01, 0x11, 0x0C, 0x1E, 0x0A, 0x09, 0x12, 0x1B, 0x10, 0x08, 0x04, 0x02, 0x0A, 0x04,
    0x0A, 0x05, 0x06, 0x09, 0x0A, 0x13, 0x07, 0x07, 0x0A, 0x08, 0x11, 0x57, 0xD9, 0x03, 0x0C, 0x07,
    0x07, 0x08, 0x59, 0x0D, 0x1B, 0x2F, 0x12, 0x08, 0x2B, 0x11, 0x1A, 0x01, 0x01, 0x01, 0x01, 0x06,
    0x03, 0x02, 0x01, 0xAC, 0x1E, 0x20, 0x07, 0x48, 0x02, 0x02, 0x04, 0x04, 0x0E, 0x0C, 0x08, 0x09,
    0x0A, 0x0A, 0x28, 0x12, 0x04, 0x0C, 0x04, 0x0B, 0x03, 0x02, 0x5E, 0x09, 0x04, 0x09, 0x05, 0x0A,
    0x3C, 0x18, 0x24, 0x02, 0x01, 0x01, 0x02, 0x01, 0x01, 0xFE, 0xD1, 0x02, 0x01, 0x02, 0x02, 0x01,
    0x02, 0x10, 0x07, 0x20, 0x10, 0x38, 0x48, 0x27, 0x0E, 0x29, 0x0F, 0x14, 0x69, 0x0B, 0x01, 0x7F,
    0x1C, 0x1A, 0x01, 0x02, 0x02, 0x08, 0x0B, 0x1E, 0x01, 0x25, 0x0F, 0x23, 0x0A, 0x10, 0x6A, 0xB7,
    0x01, 0x19, 0x01, 0x01, 0x0A, 0x10, 0x18, 0x13, 0xB9, 0x08, 0x08, 0x1C, 0x05, 0x06, 0x1F, 0x43,
    0x21, 0x0E, 0x13, 0x01, 0x09, 0x05, 0x0D, 0xB0, 0x07, 0x04, 0x03, 0x01, 0x04, 0x0F, 0x08, 0x0E,
    0x03, 0x04, 0x04, 0x04, 0x06, 0x03, 0x01, 0x08, 0x05, 0x0C, 0x1B, 0x36, 0x33, 0x1D, 0x0D, 0x0B,
    0x0A, 0x01, 0x07, 0x09, 0x0A, 0x23, 0x15, 0x67, 0x0A, 0x04, 0x08, 0x01, 0x02, 0x1C, 0x12, 0x2D,
    0x01, 0x09, 0x06, 0x0E, 0x18, 0x04, 0x05, 0x0A, 0x13, 0x1A, 0x0E, 0x08, 0x0F, 0x1A, 0x22, 0x20,
    0x06, 0x06, 0x05, 0x05, 0xA9, 0x03, 0x0B, 0x03, 0x0A, 0x05, 0x04, 0x12, 0x08, 0x0E, 0x07, 0x04,
    0x03, 0x01, 0x02, 0x01, 0x03, 0x02, 0x02, 0x02, 0x01, 0x01, 0x02, 0x01, 0x02, 0x14, 0x09, 0x11,
    0x03, 0x0A, 0x03, 0x02, 0x0B, 0x06, 0x0F, 0x13, 0x0D, 0x0D, 0x10, 0x17, 0x04, 0x01, 0x02, 0x01,
    0x06, 0x04, 0x09, 0x0E, 0x06, 0x27, 0x16, 0x02, 0xB9, 0x6F, 0x6F, 0x03, 0x97, 0x09, 0x09, 0x10,
    0x0D, 0x0B, 0x05, 0x03, 0x3F, 0x29, 0x28, 0x6A, 0x21, 0x51, 0x0A, 0x10, 0x0C, 0x02, 0x04, 0x02,
    0x04, 0x01, 0x05, 0x02, 0x02, 0x65, 0x02, 0x03, 0x02, 0x02, 0x03, 0x01, 0x04, 0x09, 0x09, 0x05,
    0x02, 0x04, 0x03, 0x0F, 0x08, 0x13, 0x17, 0x16, 0x2B, 0x2A, 0x55, 0x20, 0x20, 0x02, 0x02, 0x10,
    0x09, 0x18, 0xD2, 0x6C, 0x5B, 0x13, 0x02, 0x02, 0xDD, 0x03, 0x02, 0x02, 0x03, 0x04, 0x28, 0x23,
    0x0F, 0x01, 0x01, 0x10, 0x0B, 0x19, 0x07, 0x04, 0x05, 0x05, 0x07, 0x4A, 0x0D, 0x3A, 0x3D, 0x01,
    0x2C, 0x1E, 0x10, 0x07, 0x0A, 0x0C, 0x06, 0x03, 0x02, 0x01, 0x01, 0x0C, 0x08, 0x02, 0x03, 0x0E,
    0x0E, 0x0D, 0x07, 0x09, 0x03, 0x06, 0x01, 0x01, 0x0B, 0x09, 0x08, 0x0E, 0x02, 0x05, 0x08, 0x04,
    0x08, 0x02, 0x03, 0x09, 0x04, 0x0A, 0x03, 0x02, 0x08, 0x08, 0x03, 0x01, 0x03, 0x02, 0x01, 0x08,
    0x07, 0x06, 0x37, 0x02, 0x04, 0x01, 0x03, 0x01, 0x01, 0x11, 0x01, 0x28, 0x02, 0x03, 0x02, 0x02,
    0x01, 0x01, 0x01, 0x17, 0x09, 0x10, 0x01, 0x02, 0x02, 0x27, 0x23, 0x03, 0x04, 0x09, 0x01, 0x02,
    0x64, 0x1C, 0x12, 0x01, 0x01, 0x01, 0x01, 0x46, 0x34, 0x0A, 0x05, 0x07, 0x02, 0x04, 0x01, 0x02,
    0x01, 0x03, 0x06, 0x09, 0x05, 0x03, 0x09, 0x04, 0x0C, 0x05, 0x05, 0x0A, 0x09, 0x15, 0x11, 0x13,
    0x18, 0x0A, 0x09, 0xDE, 0xD3, 0xBF, 0x08, 0x04, 0x05, 0x01, 0x01, 0x01, 0x01, 0x06, 0x02, 0x27,
    0x1A, 0x3F, 0x69, 0x13, 0x14, 0x13, 0x25, 0x21, 0x07, 0x03, 0x01, 0x04, 0x06, 0x06, 0x06, 0x05,
    0x36, 0x2D, 0x0C, 0x03, 0x01, 0x02, 0x03, 0x01, 0x01, 0x03, 0x05, 0x05, 0x06, 0x0A, 0x06, 0x0D,
    0x04, 0x04, 0x20, 0x29, 0x1C, 0x2E, 0x03, 0x08, 0x09, 0x09, 0x01, 0x01, 0x12, 0x08, 0x27, 0x13,
    0x2F, 0x09, 0x06, 0x03, 0x01, 0x06, 0x03, 0x01, 0x02, 0x01, 0x09, 0x05, 0x0C, 0x01, 0x01, 0x03,
    0x02, 0xFE, 0x9E, 0x08, 0x11, 0x09, 0x00, 0x00, 0x00, 0x03, 0x00, 0x00, 0xFF, 0xC0, 0x04, 0x60,
    0x03, 0xC0, 0x00, 0x51, 0x00, 0x58, 0x00, 0x72, 0x00, 0x00, 0x01, 0x23, 0x35, 0x37, 0x36, 0x34,
    0x27, 0x26, 0x22, 0x0F, 0x01, 0x23, 0x34, 0x27, 0x2E, 0x01, 0x27, 0x26, 0x23, 0x22, 0x07, 0x0E,
    0x01, 0x07, 0x06, 0x15, 0x23, 0x27, 0x26, 0x22, 0x07, 0x06, 0x14, 0x1F, 0x01, 0x15, 0x23, 0x22,
    0x06, 0x15, 0x14, 0x16, 0x3B, 0x01, 0x15, 0x14, 0x16, 0x17, 0x07, 0x06, 0x14, 0x17, 0x16, 0x32,
    0x3F, 0x01, 0x1E, 0x01, 0x3B, 0x01, 0x32, 0x36, 0x37, 0x17, 0x16, 0x32, 0x37, 0x36, 0x34, 0x2F,
    0x01, 0x3E, 0x01, 0x3D, 0x01, 0x33, 0x32, 0x36, 0x35, 0x34, 0x26, 0x23, 0x01, 0x32, 0x16, 0x15,
    0x21, 0x34, 0x36, 0x13, 0x11, 0x34, 0x26, 0x2B, 0x01, 0x22, 0x06, 0x15, 0x11, 0x22, 0x27, 0x2E,
    0x01, 0x27, 0x26, 0x35, 0x11, 0x21, 0x11, 0x14, 0x07, 0x0E, 0x01, 0x07, 0x06, 0x04, 0x30, 0x80,
    0x52, 0x0E, 0x0E, 0x0E, 0x28, 0x0E, 0x52, 0x1A, 0x15, 0x16, 0x4A, 0x31, 0x32, 0x38, 0x38, 0x32,
    0x31, 0x4A, 0x16, 0x15, 0x1E, 0x52, 0x0E, 0x28, 0x0E, 0x0E, 0x0E, 0x52, 0x80, 0x14, 0x1C, 0x1C,
    0x14, 0x80, 0x17, 0x14, 0x6D, 0x0E, 0x0E, 0x0E, 0x28, 0x0E, 0x66, 0x2B, 0x6F, 0x3E, 0x60, 0x3E,
    0x6F, 0x2B, 0x66, 0x0E, 0x28, 0x0E, 0x0E, 0x0E, 0x6D, 0x14, 0x17, 0x80, 0x14, 0x1C, 0x1C, 0x14,
    0xFE, 0x12, 0x49, 0x67, 0xFE, 0xA0, 0x67, 0x77, 0x0E, 0x0A, 0x30, 0x0A, 0x0E, 0x2E, 0x29, 0x29,
    0x3D, 0x11, 0x12, 0x02, 0x20, 0x12, 0x11, 0x3D, 0x29, 0x29, 0x01, 0xB0, 0xBC, 0x52, 0x0E, 0x28,
    0x0E, 0x0E, 0x0E, 0x52, 0x38, 0x32, 0x31, 0x4A, 0x16, 0x15, 0x15, 0x16, 0x4A, 0x31, 0x32, 0x38,
    0x52, 0x0E, 0x0E, 0x0E, 0x28, 0x0E, 0x52, 0xBC, 0x1C, 0x14, 0x14, 0x1C, 0x30, 0x2C, 0x51, 0x24,
    0x6D, 0x0E, 0x28, 0x0E, 0x0E, 0x0E, 0x66, 0x27, 0x2D, 0x2D, 0x27, 0x66, 0x0E, 0x0E, 0x0E, 0x28,
    0x0E, 0x6D, 0x24, 0x51, 0x2C, 0x30, 0x1C, 0x14, 0x14, 0x1C, 0x01, 0xB0, 0x67, 0x49, 0x49, 0x67,
    0xFC, 0xE0, 0x01, 0x78, 0x0A, 0x0E, 0x0E, 0x0A, 0xFE, 0x88, 0x12, 0x11, 0x3D, 0x29, 0x29, 0x2E,
    0x01, 0x30, 0xFE, 0xD0, 0x2E, 0x29, 0x29, 0x3D, 0x11, 0x12, 0x00, 0x00, 0x00, 0x03, 0x00, 0x00,
    0xFF, 0xC0, 0x05, 0x00, 0x03, 0xC0, 0x00, 0x15, 0x00, 0x4B, 0x00, 0x77, 0x00, 0x00, 0x01, 0x27,
    0x26, 0x22, 0x0F, 0x01, 0x06, 0x16, 0x3B, 0x01, 0x15, 0x14, 0x16, 0x3B, 0x01, 0x32, 0x36, 0x3D,
    0x01, 0x33, 0x32, 0x36, 0x25, 0x26, 0x27, 0x2E, 0x01, 0x27, 0x26, 0x23, 0x22, 0x06, 0x07, 0x26,
    0x27, 0x2E, 0x01, 0x27, 0x26, 0x23, 0x22, 0x07, 0x0E, 0x01, 0x07, 0x06, 0x07, 0x06, 0x07, 0x0E,
    0x01, 0x07, 0x06, 0x15, 0x14, 0x17, 0x1E, 0x01, 0x17, 0x16, 0x33, 0x21, 0x32, 0x37, 0x3E, 0x01,
    0x37, 0x36, 0x35, 0x34, 0x27, 0x2E, 0x01, 0x27, 0x26, 0x27, 0x03, 0x21, 0x22, 0x27, 0x2E, 0x01,
    0x27, 0x26, 0x35, 0x34, 0x37, 0x3E, 0x01, 0x37, 0x36, 0x37, 0x35, 0x34, 0x37, 0x3E, 0x01, 0x37,
    0x36, 0x33, 0x32, 0x16, 0x17, 0x3E, 0x01, 0x33, 0x32, 0x16, 0x15, 0x14, 0x06, 0x07, 0x36, 0x32,
    0x33, 0x32, 0x16, 0x15, 0x14, 0x06, 0x03, 0x17, 0xC6, 0x07, 0x14, 0x07, 0xC6, 0x0B, 0x0C, 0x10,
    0x86, 0x0E, 0x0A, 0x50, 0x0A, 0x0E, 0x86, 0x10, 0x0C, 0x01, 0x1D, 0x03, 0x12, 0x13, 0x3C, 0x27,
    0x27, 0x2D, 0x0B, 0x17, 0x0B, 0x18, 0x1E, 0x1E, 0x46, 0x28, 0x27, 0x2A, 0x3F, 0x39, 0x3A, 0x5B,
    0x1F, 0x20, 0x0D, 0x2C, 0x25, 0x25, 0x34, 0x0F, 0x0E, 0x19, 0x19, 0x57, 0x3A, 0x3B, 0x42, 0x02,
    0xA0, 0x3C, 0x34, 0x35, 0x4E, 0x16, 0x17, 0x0E, 0x0E, 0x33, 0x23, 0x24, 0x2B, 0x5F, 0xFD, 0x60,
    0x2E, 0x29, 0x29, 0x3D, 0x11, 0x12, 0x0F, 0x0E, 0x34, 0x23, 0x23, 0x29, 0x14, 0x14, 0x46, 0x2E,
    0x2F, 0x35, 0x50, 0x80, 0x1D, 0x11, 0x2A, 0x18, 0x35, 0x4B, 0x09, 0x09, 0x05, 0x09, 0x04, 0x4F,
    0x71, 0x70, 0x01, 0xA9, 0xC6, 0x07, 0x07, 0xC6, 0x0B, 0x1E, 0xA8, 0x0A, 0x0E, 0x0E, 0x0A, 0xA8,
    0x1E, 0x92, 0x2B, 0x26, 0x26, 0x39, 0x10, 0x10, 0x02, 0x03, 0x1E, 0x19, 0x18, 0x23, 0x0A, 0x09,
    0x15, 0x15, 0x4B, 0x33, 0x34, 0x3C, 0x12, 0x1E, 0x1E, 0x4E, 0x2D, 0x2E, 0x31, 0x42, 0x3B, 0x3A,
    0x57, 0x19, 0x19, 0x17, 0x16, 0x4E, 0x35, 0x34, 0x3C, 0x2E, 0x2B, 0x2B, 0x47, 0x1B, 0x1B, 0x0F,
    0xFE, 0x30, 0x12, 0x11, 0x3D, 0x29, 0x29, 0x2E, 0x2A, 0x26, 0x26, 0x3B, 0x13, 0x14, 0x06, 0x02,
    0x35, 0x2F, 0x2E, 0x46, 0x14, 0x14, 0x59, 0x46, 0x0F, 0x10, 0x4B, 0x35, 0x12, 0x21, 0x0E, 0x01,
    0x70, 0x50, 0x4F, 0x71, 0x00, 0x03, 0x00, 0x00, 0xFF, 0xC0, 0x03, 0x80, 0x03, 0xC0, 0x00, 0x2A,
    0x00, 0x5C, 0x00, 0x7C, 0x00, 0x00, 0x01, 0x34, 0x27, 0x2E, 0x01, 0x27, 0x26, 0x27, 0x0E, 0x01,
    0x07, 0x2E, 0x01, 0x27, 0x06, 0x07, 0x0E, 0x01, 0x07, 0x06, 0x15, 0x14, 0x17, 0x1E, 0x01, 0x17,
    0x16, 0x33, 0x3A, 0x01, 0x33, 0x3A, 0x01, 0x31, 0x32, 0x36, 0x33, 0x36, 0x37, 0x3E, 0x01, 0x37,
    0x36, 0x25, 0x34, 0x37, 0x3E, 0x01, 0x37, 0x36, 0x37, 0x1E, 0x01, 0x1F, 0x01, 0x37, 0x3E, 0x01,
    0x37, 0x23, 0x16, 0x17, 0x1E, 0x01, 0x17, 0x16, 0x15, 0x14, 0x06, 0x07, 0x36, 0x26, 0x27, 0x2E,
    0x01, 0x27, 0x17, 0x27, 0x07, 0x2E, 0x01, 0x2F, 0x01, 0x07, 0x0E, 0x01, 0x15, 0x14, 0x16, 0x17,
    0x2E, 0x01, 0x35, 0x01, 0x22, 0x27, 0x2E, 0x01, 0x27, 0x26, 0x35, 0x34, 0x36, 0x37, 0x16, 0x17,
    0x1E, 0x01, 0x17, 0x16, 0x31, 0x37, 0x1E, 0x01, 0x1F, 0x01, 0x16, 0x06, 0x07, 0x0E, 0x01, 0x07,
    0x22, 0x06, 0x23, 0x03, 0x80, 0x13, 0x12, 0x42, 0x2E, 0x2E, 0x36, 0x1F, 0x38, 0x19, 0x29, 0x65,
    0x39, 0x4A, 0x3D, 0x3E, 0x59, 0x19, 0x19, 0x23, 0x23, 0x7A, 0x52, 0x51, 0x5D, 0x01, 0x01, 0x01,
    0x01, 0x01, 0x03, 0x05, 0x03, 0x5A, 0x4F, 0x4F, 0x75, 0x21, 0x22, 0xFC, 0xC0, 0x12, 0x11, 0x45,
    0x33, 0x33, 0x42, 0x29, 0x4A, 0x20, 0x31, 0x34, 0x10, 0x1F, 0x10, 0x01, 0x2B, 0x22, 0x22, 0x31,
    0x0D, 0x0D, 0x3C, 0x35, 0x13, 0x06, 0x1D, 0x06, 0x0B, 0x06, 0x02, 0x2E, 0x6D, 0x25, 0x54, 0x06,
    0x32, 0x30, 0x40, 0x4E, 0x0A, 0x0A, 0x36, 0x3E, 0x01, 0x83, 0x2F, 0x29, 0x2A, 0x3D, 0x12, 0x12,
    0x40, 0x3F, 0x05, 0x1C, 0x1B, 0x3F, 0x19, 0x19, 0x67, 0x04, 0x09, 0x05, 0x02, 0x24, 0x1E, 0x41,
    0x1A, 0x40, 0x23, 0x03, 0x06, 0x03, 0x01, 0x8D, 0x28, 0x3A, 0x3A, 0x7F, 0x40, 0x3F, 0x33, 0x1D,
    0x3D, 0x1E, 0x38, 0x71, 0x35, 0x44, 0x4D, 0x4C, 0x96, 0x45, 0x45, 0x36, 0x60, 0x54, 0x53, 0x7E,
    0x24, 0x24, 0x01, 0x03, 0x25, 0x26, 0x7C, 0x52, 0x52, 0x5E, 0x25, 0x36, 0x36, 0x7D, 0x44, 0x45,
    0x43, 0x29, 0x57, 0x2B, 0x43, 0x40, 0x13, 0x23, 0x10, 0x2F, 0x36, 0x36, 0x66, 0x2B, 0x2B, 0x1B,
    0x52, 0x91, 0x36, 0x35, 0x75, 0x36, 0x0D, 0x14, 0x09, 0x03, 0x4B, 0x7D, 0x30, 0x69, 0x08, 0x39,
    0x3A, 0x4D, 0x7C, 0x45, 0x1C, 0x35, 0x18, 0x36, 0x92, 0x53, 0xFE, 0x73, 0x10, 0x0F, 0x39, 0x28,
    0x29, 0x32, 0x33, 0x66, 0x4C, 0x05, 0x23, 0x23, 0x50, 0x20, 0x20, 0x75, 0x07, 0x10, 0x09, 0x03,
    0x45, 0x9B, 0x2D, 0x12, 0x16, 0x01, 0x01, 0x00, 0x00, 0x03, 0x00, 0x00, 0xFF, 0xC0, 0x04, 0x7B,
    0x03, 0xC0, 0x00, 0x10, 0x00, 0x25, 0x00, 0x3B, 0x00, 0x00, 0x05, 0x27, 0x2E, 0x01, 0x37, 0x01,
    0x3E, 0x01, 0x1F, 0x01, 0x1E, 0x01, 0x07, 0x01, 0x0E, 0x01, 0x27, 0x27, 0x37, 0x36, 0x34, 0x2F,
    0x01, 0x37, 0x36, 0x34, 0x2F, 0x01, 0x26, 0x22, 0x07, 0x01, 0x06, 0x14, 0x17, 0x01, 0x16, 0x32,
    0x25, 0x01, 0x36, 0x34, 0x27, 0x01, 0x26, 0x22, 0x0F, 0x01, 0x06, 0x14, 0x1F, 0x01, 0x07, 0x06,
    0x14, 0x1F, 0x01, 0x16, 0x32, 0x37, 0x01, 0xD6, 0x4E, 0x06, 0x07, 0x02, 0x01, 0x1A, 0x01, 0x0C,
    0x06, 0x4E, 0x06, 0x07, 0x02, 0xFE, 0xE6, 0x01, 0x0C, 0x06, 0xA7, 0x37, 0x04, 0x05, 0xD5, 0xD5,
    0x05, 0x04, 0x37, 0x04, 0x0E, 0x04, 0xFE, 0xEC, 0x05, 0x05, 0x01, 0x14, 0x04, 0x0E, 0x02, 0x3C,
    0x01, 0x14, 0x05, 0x05, 0xFE, 0xEC, 0x04, 0x0E, 0x04, 0x37, 0x04, 0x05, 0xD5, 0xD5, 0x05, 0x04,
    0x37, 0x04, 0x0E, 0x04, 0x3F, 0x16, 0x02, 0x0C, 0x06, 0x03, 0xC9, 0x07, 0x06, 0x02, 0x16, 0x02,
    0x0C, 0x06, 0xFC, 0x37, 0x07, 0x06, 0x02, 0xF2, 0x3A, 0x05, 0x0D, 0x05, 0xBC, 0xBC, 0x05, 0x0D,
    0x05, 0x3A, 0x05, 0x04, 0xFE, 0xFE, 0x05, 0x0E, 0x05, 0xFE, 0xFE, 0x04, 0x04, 0x01, 0x02, 0x05,
    0x0E, 0x05, 0x01, 0x02, 0x04, 0x05, 0x3A, 0x05, 0x0D, 0x05, 0xBC, 0xBC, 0x05, 0x0D, 0x05, 0x3A,
    0x05, 0x04, 0x00, 0x00, 0x00, 0x06, 0x00, 0x00, 0xFF, 0xC0, 0x04, 0x00, 0x03, 0xC0, 0x00, 0x13,
    0x00, 0x27, 0x00, 0x3B, 0x00, 0x48, 0x00, 0x71, 0x00, 0x9A, 0x00, 0x00, 0x01, 0x21, 0x22, 0x06,
    0x15, 0x31, 0x15, 0x14, 0x16, 0x33, 0x31, 0x21, 0x32, 0x36, 0x35, 0x31, 0x35, 0x34, 0x26, 0x23,
    0x11, 0x21, 0x22, 0x06, 0x15, 0x31, 0x15, 0x14, 0x16, 0x33, 0x31, 0x21, 0x32, 0x36, 0x35, 0x31,
    0x35, 0x34, 0x26, 0x23, 0x11, 0x21, 0x22, 0x06, 0x15, 0x31, 0x15, 0x14, 0x16, 0x33, 0x31, 0x21,
    0x32, 0x36, 0x35, 0x31, 0x35, 0x34, 0x26, 0x23, 0x01, 0x22, 0x06, 0x15, 0x14, 0x16, 0x33, 0x32,
    0x36, 0x35, 0x34, 0x26, 0x23, 0x13, 0x2E, 0x01, 0x23, 0x22, 0x06, 0x07, 0x31, 0x07, 0x27, 0x2E,
    0x01, 0x23, 0x22, 0x06, 0x07, 0x31, 0x07, 0x0E, 0x01, 0x15, 0x14, 0x16, 0x17, 0x31, 0x17, 0x1E,
    0x01, 0x33, 0x32, 0x36, 0x37, 0x31, 0x37, 0x3E, 0x01, 0x35, 0x34, 0x26, 0x27, 0x31, 0x03, 0x2E,
    0x01, 0x23, 0x22, 0x06, 0x07, 0x31, 0x07, 0x27, 0x2E, 0x01, 0x23, 0x22, 0x06, 0x0F, 0x01, 0x0E,
    0x01, 0x15, 0x14, 0x16, 0x17, 0x31, 0x17, 0x1E, 0x01, 0x33, 0x32, 0x36, 0x37, 0x31, 0x3F, 0x01,
    0x3E, 0x01, 0x35, 0x34, 0x26, 0x27, 0x31, 0x03, 0xE0, 0xFD, 0xC0, 0x0D, 0x13, 0x13, 0x0D, 0x02,
    0x40, 0x0D, 0x13, 0x13, 0x0D, 0xFD, 0xC0, 0x0D, 0x13, 0x13, 0x0D, 0x02, 0x40, 0x0D, 0x13, 0x13,
    0x0D, 0xFD, 0xC0, 0x0D, 0x13, 0x13, 0x0D, 0x02, 0x40, 0x0D, 0x13, 0x13, 0x0D, 0xFC, 0xA1, 0x28,
    0x39, 0x39, 0x28, 0x27, 0x39, 0x39, 0x27, 0x96, 0x03, 0x09, 0x05, 0x05, 0x09, 0x03, 0x7F, 0x2E,
    0x03, 0x09, 0x05, 0x05, 0x08, 0x04, 0x1F, 0x03, 0x04, 0x04, 0x03, 0x5F, 0x03, 0x09, 0x06, 0x05,
    0x09, 0x03, 0xB0, 0x03, 0x04, 0x04, 0x03, 0x22, 0x03, 0x09, 0x05, 0x05, 0x09, 0x03, 0x7F, 0x2E,
    0x03, 0x09, 0x05, 0x05, 0x08, 0x04, 0x1F, 0x03, 0x04, 0x04, 0x03, 0x5F, 0x04, 0x09, 0x05, 0x05,
    0x09, 0x03, 0x20, 0x90, 0x03, 0x04, 0x04, 0x03, 0x01, 0xF0, 0x13, 0x0D, 0x20, 0x0D, 0x13, 0x13,
    0x0D, 0x20, 0x0D, 0x13, 0xFE, 0xC0, 0x13, 0x0D, 0x20, 0x0D, 0x13, 0x13, 0x0D, 0x20, 0x0D, 0x13,
    0x02, 0x80, 0x13, 0x0D, 0x20, 0x0D, 0x13, 0x13, 0x0D, 0x20, 0x0D, 0x13, 0xFD, 0xB0, 0x38, 0x28,
    0x28, 0x38, 0x38, 0x28, 0x28, 0x38, 0x01, 0x59, 0x03, 0x04, 0x04, 0x03, 0x7F, 0x2C, 0x04, 0x03,
    0x03, 0x04, 0x1F, 0x03, 0x09, 0x05, 0x05, 0x08, 0x04, 0x5E, 0x03, 0x04, 0x04, 0x03, 0xAF, 0x03,
    0x09, 0x05, 0x04, 0x09, 0x03, 0x01, 0x62, 0x03, 0x04, 0x04, 0x03, 0x7E, 0x2C, 0x03, 0x04, 0x04,
    0x03, 0x20, 0x03, 0x08, 0x05, 0x05, 0x09, 0x03, 0x5F, 0x03, 0x04, 0x04, 0x03, 0x1F, 0x90, 0x03,
    0x09, 0x05, 0x05, 0x09, 0x03, 0x00, 0x00, 0x00, 0x00, 0x06, 0x00, 0x00, 0xFF, 0xC0, 0x04, 0x00,
    0x03, 0xC0, 0x00, 0x28, 0x00, 0x4D, 0x00, 0x5A, 0x00, 0x6E, 0x00, 0x82, 0x00, 0x96, 0x00, 0x00,
    0x01, 0x2E, 0x01, 0x23, 0x22, 0x06, 0x07, 0x31, 0x07, 0x27, 0x2E, 0x01, 0x23, 0x22, 0x06, 0x07,
    0x31, 0x07, 0x0E, 0x01, 0x15, 0x14, 0x16, 0x1F, 0x01, 0x1E, 0x01, 0x33, 0x32, 0x36, 0x37, 0x31,
    0x3F, 0x01, 0x3E, 0x01, 0x35, 0x34, 0x26, 0x27, 0x31, 0x03, 0x2E, 0x01, 0x23, 0x22, 0x06, 0x0F,
    0x01, 0x27, 0x2E, 0x01, 0x23, 0x22, 0x06, 0x0F, 0x01, 0x0E, 0x01, 0x15, 0x14, 0x16, 0x1F, 0x01,
    0x1E, 0x01, 0x33, 0x32, 0x36, 0x3F, 0x01, 0x3E, 0x01, 0x35, 0x34, 0x26, 0x27, 0x31, 0x03, 0x22,
    0x06, 0x15, 0x14, 0x16, 0x33, 0x32, 0x36, 0x35, 0x34, 0x26, 0x23, 0x05, 0x21, 0x22, 0x06, 0x15,
    0x31, 0x15, 0x14, 0x16, 0x33, 0x31, 0x21, 0x32, 0x36, 0x35, 0x31, 0x35, 0x34, 0x26, 0x23, 0x11,
    0x21, 0x22, 0x06, 0x15, 0x31, 0x15, 0x14, 0x16, 0x33, 0x31, 0x21, 0x32, 0x36, 0x35, 0x31, 0x35,
    0x34, 0x26, 0x23, 0x11, 0x21, 0x22, 0x06, 0x15, 0x31, 0x15, 0x14, 0x16, 0x33, 0x31, 0x21, 0x32,
    0x36, 0x35, 0x31, 0x35, 0x34, 0x26, 0x23, 0x01, 0x17, 0x03, 0x09, 0x05, 0x05, 0x09, 0x03, 0x7F,
    0x2E, 0x03, 0x09, 0x05, 0x05, 0x08, 0x04, 0x1F, 0x03, 0x04, 0x04, 0x03, 0x5F, 0x04, 0x09, 0x05,
    0x05, 0x09, 0x03, 0x20, 0x90, 0x03, 0x04, 0x04, 0x03, 0x22, 0x03, 0x09, 0x05, 0x05, 0x09, 0x03,
    0x7F, 0x2E, 0x03, 0x09, 0x05, 0x05, 0x08, 0x04, 0x1F, 0x03, 0x04, 0x04, 0x03, 0x5F, 0x03, 0x09,
    0x06, 0x05, 0x09, 0x03, 0xB0, 0x03, 0x04, 0x04, 0x03, 0xB9, 0x28, 0x39, 0x39, 0x28, 0x28, 0x38,
    0x38, 0x28, 0x03, 0x60, 0xFD, 0xC0, 0x0D, 0x13, 0x13, 0x0D, 0x02, 0x40, 0x0D, 0x13, 0x13, 0x0D,
    0xFD, 0xC0, 0x0D, 0x13, 0x13, 0x0D, 0x02, 0x40, 0x0D, 0x13, 0x13, 0x0D, 0xFD, 0xC0, 0x0D, 0x13,
    0x13, 0x0D, 0x02, 0x40, 0x0D, 0x13, 0x13, 0x0D, 0x03, 0x79, 0x03, 0x04, 0x04, 0x03, 0x7F, 0x2D,
    0x03, 0x04, 0x04, 0x03, 0x20, 0x03, 0x09, 0x05, 0x05, 0x09, 0x03, 0x5F, 0x03, 0x04, 0x04, 0x03,
    0x20, 0x90, 0x03, 0x09, 0x05, 0x05, 0x09, 0x03, 0xFE, 0xE3, 0x03, 0x04, 0x04, 0x03, 0x80, 0x2C,
    0x04, 0x03, 0x03, 0x04, 0x1F, 0x03, 0x09, 0x05, 0x05, 0x09, 0x03, 0x5F, 0x03, 0x04, 0x04, 0x03,
    0xB0, 0x03, 0x09, 0x05, 0x05, 0x08, 0x04, 0xFE, 0xC7, 0x38, 0x28, 0x28, 0x38, 0x38, 0x28, 0x28,
    0x38, 0x20, 0x13, 0x0D, 0x40, 0x0D, 0x13, 0x13, 0x0D, 0x40, 0x0D, 0x13, 0x02, 0x80, 0x13, 0x0D,
    0x40, 0x0D, 0x13, 0x13, 0x0D, 0x40, 0x0D, 0x13, 0xFE, 0xC0, 0x13, 0x0D, 0x40, 0x0D, 0x13, 0x13,
    0x0D, 0x40, 0x0D, 0x13, 0x00, 0x07, 0x00, 0x00, 0xFF, 0xC0, 0x03, 0x00, 0x03, 0xC0, 0x00, 0x0D,
    0x00, 0x1B, 0x00, 0x39, 0x00, 0x47, 0x00, 0x55, 0x00, 0x69, 0x00, 0x7D, 0x00, 0x00, 0x01, 0x32,
    0x36, 0x35, 0x34, 0x26, 0x23, 0x22, 0x06, 0x15, 0x31, 0x14, 0x16, 0x33, 0x35, 0x32, 0x16, 0x15,
    0x14, 0x06, 0x23, 0x22, 0x26, 0x35, 0x31, 0x34, 0x36, 0x33, 0x11, 0x22, 0x07, 0x0E, 0x01, 0x07,
    0x06, 0x15, 0x14, 0x17, 0x1E, 0x01, 0x17, 0x16, 0x33, 0x32, 0x37, 0x3E, 0x01, 0x37, 0x36, 0x35,
    0x31, 0x34, 0x27, 0x2E, 0x01, 0x27, 0x26, 0x23, 0x11, 0x22, 0x26, 0x35, 0x34, 0x36, 0x33, 0x32,
    0x16, 0x15, 0x31, 0x14, 0x06, 0x23, 0x35, 0x22, 0x06, 0x15, 0x14, 0x16, 0x33, 0x32, 0x36, 0x35,
    0x31, 0x34, 0x26, 0x23, 0x01, 0x21, 0x22, 0x06, 0x15, 0x31, 0x11, 0x14, 0x16, 0x33, 0x31, 0x21,
    0x32, 0x36, 0x35, 0x31, 0x11, 0x34, 0x26, 0x23, 0x13, 0x14, 0x06, 0x23, 0x31, 0x21, 0x22, 0x26,
    0x35, 0x31, 0x11, 0x34, 0x36, 0x33, 0x31, 0x21, 0x32, 0x16, 0x15, 0x31, 0x01, 0x80, 0x35, 0x4B,
    0x4B, 0x35, 0x35, 0x4B, 0x4B, 0x35, 0x1B, 0x25, 0x25, 0x1B, 0x1B, 0x25, 0x25, 0x1B, 0x2E, 0x29,
    0x29, 0x3D, 0x11, 0x12, 0x12, 0x11, 0x3D, 0x29, 0x29, 0x2E, 0x2E, 0x29, 0x29, 0x3D, 0x11, 0x12,
    0x12, 0x11, 0x3D, 0x29, 0x29, 0x2E, 0x42, 0x5E, 0x5E, 0x42, 0x42, 0x5E, 0x5E, 0x42, 0x1B, 0x25,
    0x25, 0x1B, 0x1B, 0x25, 0x25, 0x1B, 0x01, 0x20, 0xFD, 0xC0, 0x28, 0x38, 0x38, 0x28, 0x02, 0x40,
    0x28, 0x38, 0x38, 0x28, 0x20, 0x13, 0x0D, 0xFD, 0xC0, 0x0D, 0x13, 0x13, 0x0D, 0x02, 0x40, 0x0D,
    0x13, 0x02, 0x40, 0x4B, 0x35, 0x35, 0x4B, 0x4B, 0x35, 0x35, 0x4B, 0xC0, 0x25, 0x1B, 0x1B, 0x25,
    0x25, 0x1B, 0x1B, 0x25, 0xFF, 0x00, 0x12, 0x11, 0x3D, 0x29, 0x29, 0x2E, 0x2E, 0x29, 0x29, 0x3D,
    0x11, 0x12, 0x12, 0x11, 0x3D, 0x29, 0x29, 0x2E, 0x2E, 0x29, 0x29, 0x3D, 0x11, 0x12, 0xFE, 0x80,
    0x5E, 0x42, 0x42, 0x5E, 0x5E, 0x42, 0x42, 0x5E, 0xE0, 0x25, 0x1B, 0x1B, 0x25, 0x25, 0x1B, 0x1B,
    0x25, 0x02, 0x60, 0x38, 0x28, 0xFC, 0xC0, 0x28, 0x38, 0x38, 0x28, 0x03, 0x40, 0x28, 0x38, 0xFC,
    0x60, 0x0D, 0x13, 0x13, 0x0D, 0x03, 0x40, 0x0D, 0x13, 0x13, 0x0D, 0x00, 0x00, 0x05, 0x00, 0x00,
    0xFF, 0xC0, 0x03, 0x02, 0x03, 0xC0, 0x00, 0x0D, 0x00, 0x2B, 0x00, 0x39, 0x00, 0x4D, 0x00, 0x51,
    0x00, 0x00, 0x01, 0x32, 0x36, 0x35, 0x34, 0x26, 0x23, 0x22, 0x06, 0x15, 0x31, 0x14, 0x16, 0x33,
    0x11, 0x32, 0x37, 0x3E, 0x01, 0x37, 0x36, 0x35, 0x34, 0x27, 0x2E, 0x01, 0x27, 0x26, 0x23, 0x22,
    0x07, 0x0E, 0x01, 0x07, 0x06, 0x15, 0x31, 0x14, 0x17, 0x1E, 0x01, 0x17, 0x16, 0x33, 0x11, 0x32,
    0x16, 0x15, 0x14, 0x06, 0x23, 0x22, 0x26, 0x35, 0x31, 0x34, 0x36, 0x33, 0x01, 0x21, 0x22, 0x06,
    0x15, 0x31, 0x11, 0x14, 0x16, 0x33, 0x31, 0x21, 0x32, 0x36, 0x35, 0x31, 0x11, 0x34, 0x26, 0x23,
    0x11, 0x21, 0x11, 0x21, 0x01, 0x82, 0x28, 0x38, 0x38, 0x28, 0x28, 0x38, 0x38, 0x28, 0x2E, 0x29,
    0x29, 0x3D, 0x11, 0x12, 0x12, 0x11, 0x3D, 0x29, 0x29, 0x2E, 0x2E, 0x29, 0x29, 0x3D, 0x11, 0x12,
    0x12, 0x11, 0x3D, 0x29, 0x29, 0x2E, 0x35, 0x4B, 0x4B, 0x35, 0x35, 0x4B, 0x4B, 0x35, 0x01, 0x20,
    0xFD, 0xC0, 0x28, 0x38, 0x38, 0x28, 0x02, 0x40, 0x28, 0x38, 0x38, 0x28, 0xFD, 0xC0, 0x02, 0x40,
    0x02, 0x60, 0x38, 0x28, 0x28, 0x38, 0x38, 0x28, 0x28, 0x38, 0xFE, 0x00, 0x12, 0x11, 0x3D, 0x29,
    0x29, 0x2E, 0x2E, 0x29, 0x29, 0x3D, 0x11, 0x12, 0x12, 0x11, 0x3D, 0x29, 0x29, 0x2E, 0x2E, 0x29,
    0x29, 0x3D, 0x11, 0x12, 0x01, 0x60, 0x4B, 0x35, 0x35, 0x4B, 0x4B, 0x35, 0x35, 0x4B, 0x02, 0x00,
    0x38, 0x28, 0xFC, 0xC0, 0x28, 0x38, 0x38, 0x28, 0x03, 0x40, 0x28, 0x38, 0xFC, 0x60, 0x03, 0x40,
    0x00, 0x04, 0x00, 0x00, 0xFF, 0xC0, 0x03, 0xC0, 0x03, 0xC0, 0x00, 0x1F, 0x00, 0x37, 0x00, 0x50,
    0x00, 0x57, 0x00, 0x00, 0x01, 0x26, 0x06, 0x07, 0x06, 0x16, 0x17, 0x1E, 0x01, 0x15, 0x14, 0x06,
    0x07, 0x0E, 0x01, 0x17, 0x1E, 0x01, 0x37, 0x36, 0x37, 0x3E, 0x01, 0x37, 0x36, 0x35, 0x34, 0x27,
    0x2E, 0x01, 0x27, 0x26, 0x07, 0x26, 0x06, 0x07, 0x06, 0x16, 0x17, 0x1E, 0x01, 0x15, 0x14, 0x06,
    0x07, 0x0E, 0x01, 0x17, 0x1E, 0x01, 0x37, 0x3E, 0x01, 0x35, 0x34, 0x26, 0x27, 0x22, 0x06, 0x0F,
    0x01, 0x23, 0x22, 0x06, 0x15, 0x11, 0x14, 0x16, 0x3B, 0x01, 0x17, 0x1E, 0x01, 0x33, 0x32, 0x36,
    0x35, 0x11, 0x34, 0x26, 0x23, 0x03, 0x27, 0x23, 0x35, 0x33, 0x37, 0x11, 0x03, 0x14, 0x10, 0x27,
    0x0B, 0x0A, 0x08, 0x11, 0x3C, 0x43, 0x43, 0x3C, 0x11, 0x08, 0x0A, 0x0A, 0x26, 0x12, 0x29, 0x20,
    0x1F, 0x2D, 0x0B, 0x0C, 0x0C, 0x0B, 0x2D, 0x1F, 0x20, 0x99, 0x11, 0x26, 0x0A, 0x09, 0x0B, 0x11,
    0x14, 0x16, 0x16, 0x14, 0x11, 0x0B, 0x09, 0x0A, 0x26, 0x11, 0x2B, 0x31, 0x31, 0xFF, 0x09, 0x12,
    0x07, 0xB2, 0xCC, 0x14, 0x1C, 0x1C, 0x14, 0xCC, 0xB2, 0x07, 0x12, 0x09, 0x12, 0x1E, 0x1E, 0x12,
    0x30, 0x7C, 0xC4, 0xC4, 0x7C, 0x02, 0xF6, 0x0B, 0x09, 0x11, 0x10, 0x27, 0x0B, 0x26, 0x79, 0x46,
    0x46, 0x79, 0x26, 0x0B, 0x27, 0x10, 0x10, 0x0B, 0x0C, 0x19, 0x22, 0x22, 0x50, 0x2D, 0x2D, 0x2F,
    0x2F, 0x2D, 0x2D, 0x50, 0x22, 0x22, 0x83, 0x09, 0x0B, 0x11, 0x12, 0x26, 0x09, 0x0B, 0x25, 0x16,
    0x16, 0x25, 0x0B, 0x09, 0x26, 0x12, 0x11, 0x0B, 0x09, 0x18, 0x52, 0x30, 0x30, 0x52, 0xFE, 0x07,
    0x07, 0xB2, 0x1C, 0x14, 0xFE, 0xE0, 0x14, 0x1C, 0xB2, 0x07, 0x07, 0x1A, 0x16, 0x02, 0xA0, 0x16,
    0x1A, 0xFD, 0xA4, 0x7C, 0xC0, 0x7C, 0xFE, 0x48, 0x00, 0x03, 0x00, 0x00, 0xFF, 0xC0, 0x03, 0xC0,
    0x03, 0xC0, 0x00, 0x12, 0x00, 0x32, 0x00, 0x4A, 0x00, 0x00, 0x01, 0x07, 0x23, 0x22, 0x06, 0x15,
    0x11, 0x14, 0x16, 0x3B, 0x01, 0x17, 0x16, 0x36, 0x35, 0x11, 0x34, 0x26, 0x07, 0x01, 0x34, 0x27,
    0x2E, 0x01, 0x27, 0x26, 0x27, 0x26, 0x06, 0x07, 0x06, 0x16, 0x17, 0x1E, 0x01, 0x15, 0x14, 0x06,
    0x07, 0x0E, 0x01, 0x17, 0x1E, 0x01, 0x37, 0x36, 0x37, 0x3E, 0x01, 0x37, 0x36, 0x25, 0x26, 0x06,
    0x07, 0x06, 0x16, 0x17, 0x1E, 0x01, 0x15, 0x14, 0x06, 0x07, 0x0E, 0x01, 0x17, 0x1E, 0x01, 0x37,
    0x3E, 0x01, 0x35, 0x34, 0x26, 0x01, 0xAE, 0xB2, 0xCC, 0x14, 0x1C, 0x1C, 0x14, 0xCC, 0xB2, 0x17,
    0x3B, 0x3B, 0x17, 0x02, 0x12, 0x0C, 0x0B, 0x2D, 0x1F, 0x20, 0x29, 0x10, 0x27, 0x0B, 0x0A, 0x08,
    0x11, 0x3C, 0x43, 0x43, 0x3C, 0x11, 0x08, 0x0A, 0x0A, 0x26, 0x12, 0x29, 0x20, 0x1F, 0x2D, 0x0B,
    0x0C, 0xFE, 0xE4, 0x11, 0x26, 0x0A, 0x09, 0x0B, 0x11, 0x14, 0x16, 0x16, 0x14, 0x11, 0x0B, 0x09,
    0x0A, 0x26, 0x11, 0x2B, 0x31, 0x31, 0x03, 0x32, 0xB2, 0x1C, 0x14, 0xFE, 0xE0, 0x14, 0x1C, 0xB2,
    0x16, 0x18, 0x20, 0x02, 0xA0, 0x20, 0x18, 0x16, 0xFE, 0x8E, 0x30, 0x2D, 0x2D, 0x50, 0x23, 0x22,
    0x19, 0x0B, 0x09, 0x10, 0x11, 0x27, 0x0B, 0x26, 0x7B, 0x46, 0x46, 0x7B, 0x26, 0x0B, 0x27, 0x11,
    0x0F, 0x0B, 0x0C, 0x19, 0x22, 0x23, 0x50, 0x2D, 0x2D, 0xCA, 0x09, 0x0B, 0x11, 0x12, 0x26, 0x09,
    0x0B, 0x25, 0x16, 0x16, 0x25, 0x0B, 0x09, 0x26, 0x12, 0x11, 0x0B, 0x09, 0x18, 0x52, 0x30, 0x30,
    0x52, 0x00, 0x00, 0x00, 0x00, 0x04, 0x00, 0x00, 0xFF, 0xC0, 0x03, 0xC0, 0x03, 0xC0, 0x00, 0x18,
    0x00, 0x31, 0x00, 0x38, 0x00, 0x60, 0x00, 0x00, 0x01, 0x26, 0x06, 0x07, 0x06, 0x16, 0x17, 0x1E,
    0x01, 0x15, 0x14, 0x06, 0x07, 0x0E, 0x01, 0x17, 0x1E, 0x01, 0x37, 0x3E, 0x01, 0x35, 0x34, 0x26,
    0x27, 0x03, 0x22, 0x06, 0x0F, 0x01, 0x23, 0x22, 0x06, 0x15, 0x11, 0x14, 0x16, 0x3B, 0x01, 0x17,
    0x1E, 0x01, 0x33, 0x32, 0x36, 0x35, 0x11, 0x34, 0x26, 0x23, 0x03, 0x27, 0x23, 0x11, 0x33, 0x37,
    0x11, 0x01, 0x34, 0x27, 0x2E, 0x01, 0x27, 0x26, 0x27, 0x26, 0x06, 0x07, 0x06, 0x16, 0x17, 0x16,
    0x17, 0x1E, 0x01, 0x17, 0x16, 0x15, 0x14, 0x07, 0x0E, 0x01, 0x07, 0x06, 0x07, 0x0E, 0x01, 0x17,
    0x1E, 0x01, 0x37, 0x36, 0x37, 0x3E, 0x01, 0x37, 0x36, 0x02, 0xAE, 0x0C, 0x19, 0x06, 0x06, 0x09,
    0x0C, 0x15, 0x19, 0x19, 0x15, 0x0C, 0x09, 0x06, 0x06, 0x19, 0x0C, 0x26, 0x2C, 0x2C, 0x26, 0xDE,
    0x09, 0x12, 0x07, 0xB2, 0xCC, 0x14, 0x1C, 0x1C, 0x14, 0xCC, 0xB2, 0x07, 0x12, 0x09, 0x12, 0x1E,
    0x1E, 0x12, 0x10, 0xA9, 0xD7, 0xD7, 0xA9, 0x02, 0x00, 0x0C, 0x0D, 0x2E, 0x21, 0x21, 0x29, 0x0B,
    0x1A, 0x07, 0x06, 0x07, 0x0B, 0x22, 0x1B, 0x1B, 0x25, 0x0A, 0x0A, 0x0A, 0x0A, 0x25, 0x1B, 0x1B,
    0x22, 0x0B, 0x07, 0x06, 0x07, 0x19, 0x0C, 0x29, 0x21, 0x21, 0x2E, 0x0D, 0x0C, 0x02, 0x3D, 0x06,
    0x09, 0x0C, 0x0C, 0x19, 0x06, 0x0A, 0x24, 0x15, 0x15, 0x24, 0x0A, 0x06, 0x19, 0x0C, 0x0C, 0x09,
    0x06, 0x12, 0x43, 0x28, 0x28, 0x43, 0x12, 0x01, 0x03, 0x07, 0x07, 0xB2, 0x1C, 0x14, 0xFE, 0xE0,
    0x14, 0x1C, 0xB2, 0x07, 0x07, 0x1A, 0x16, 0x02, 0xA0, 0x16, 0x1A, 0xFD, 0x57, 0xA9, 0x01, 0x00,
    0xA9, 0xFD, 0xAE, 0x01, 0x29, 0x32, 0x2E, 0x2F, 0x52, 0x22, 0x21, 0x18, 0x06, 0x07, 0x0B, 0x0C,
    0x19, 0x07, 0x13, 0x1C, 0x1B, 0x44, 0x26, 0x27, 0x29, 0x29, 0x27, 0x26, 0x44, 0x1B, 0x1C, 0x13,
    0x07, 0x19, 0x0C, 0x0B, 0x08, 0x07, 0x18, 0x21, 0x22, 0x52, 0x2F, 0x2E, 0x00, 0x04, 0x00, 0x00,
    0xFF, 0xC0, 0x03, 0x00, 0x03, 0xC0, 0x00, 0x0D, 0x00, 0x21, 0x00, 0x2F, 0x00, 0x4D, 0x00, 0x00,
    0x01, 0x22, 0x06, 0x15, 0x14, 0x16, 0x33, 0x32, 0x36, 0x35, 0x31, 0x34, 0x26, 0x23, 0x01, 0x21,
    0x22, 0x06, 0x15, 0x31, 0x11, 0x14, 0x16, 0x33, 0x31, 0x21, 0x32, 0x36, 0x35, 0x31, 0x11, 0x34,
    0x26, 0x23, 0x05, 0x32, 0x16, 0x15, 0x14, 0x06, 0x23, 0x22, 0x26, 0x35, 0x31, 0x34, 0x36, 0x33,
    0x11, 0x22, 0x27, 0x2E, 0x01, 0x27, 0x26, 0x35, 0x34, 0x37, 0x3E, 0x01, 0x37, 0x36, 0x33, 0x32,
    0x17, 0x1E, 0x01, 0x17, 0x16, 0x15, 0x31, 0x14, 0x07, 0x0E, 0x01, 0x07, 0x06, 0x23, 0x01, 0x80,
    0x35, 0x4B, 0x4B, 0x35, 0x35, 0x4B, 0x4B, 0x35, 0x01, 0x20, 0xFD, 0xC0, 0x28, 0x38, 0x38, 0x28,
    0x02, 0x40, 0x28, 0x38, 0x38, 0x28, 0xFE, 0xE0, 0x28, 0x38, 0x38, 0x28, 0x28, 0x38, 0x38, 0x28,
    0x2E, 0x29, 0x29, 0x3D, 0x11, 0x12, 0x12, 0x11, 0x3D, 0x29, 0x29, 0x2E, 0x2E, 0x29, 0x29, 0x3D,
    0x11, 0x12, 0x12, 0x11, 0x3D, 0x29, 0x29, 0x2E, 0x01, 0xA0, 0x4B, 0x35, 0x35, 0x4B, 0x4B, 0x35,
    0x35, 0x4B, 0x02, 0x20, 0x38, 0x28, 0xFC, 0xC0, 0x28, 0x38, 0x38, 0x28, 0x03, 0x40, 0x28, 0x38,
    0x80, 0x38, 0x28, 0x28, 0x38, 0x38, 0x28, 0x28, 0x38, 0xFD, 0x00, 0x12, 0x11, 0x3D, 0x29, 0x29,
    0x2E, 0x2E, 0x29, 0x29, 0x3D, 0x11, 0x12, 0x12, 0x11, 0x3D, 0x29, 0x29, 0x2E, 0x2E, 0x29, 0x29,
    0x3D, 0x11, 0x12, 0x00, 0x00, 0x06, 0xFF, 0xFE, 0xFF, 0xC0, 0x03, 0xFE, 0x03, 0xC0, 0x00, 0x25,
    0x00, 0x33, 0x00, 0x59, 0x00, 0x6D, 0x00, 0x81, 0x00, 0x95, 0x00, 0x00, 0x01, 0x2E, 0x01, 0x23,
    0x22, 0x06, 0x0F, 0x01, 0x27, 0x2E, 0x01, 0x23, 0x22, 0x06, 0x0F, 0x01, 0x0E, 0x01, 0x15, 0x14,
    0x16, 0x17, 0x31, 0x17, 0x1E, 0x01, 0x33, 0x32, 0x36, 0x3F, 0x01, 0x3E, 0x01, 0x35, 0x34, 0x26,
    0x27, 0x31, 0x03, 0x22, 0x06, 0x15, 0x14, 0x16, 0x33, 0x32, 0x36, 0x35, 0x34, 0x26, 0x23, 0x31,
    0x13, 0x2E, 0x01, 0x23, 0x22, 0x06, 0x0F, 0x01, 0x27, 0x2E, 0x01, 0x23, 0x22, 0x06, 0x0F, 0x01,
    0x0E, 0x01, 0x15, 0x14, 0x16, 0x17, 0x31, 0x17, 0x1E, 0x01, 0x33, 0x32, 0x36, 0x3F, 0x01, 0x3E,
    0x01, 0x35, 0x34, 0x26, 0x27, 0x31, 0x01, 0x21, 0x22, 0x06, 0x15, 0x31, 0x15, 0x14, 0x16, 0x33,
    0x31, 0x21, 0x32, 0x36, 0x35, 0x31, 0x35, 0x34, 0x26, 0x23, 0x11, 0x21, 0x22, 0x06, 0x15, 0x31,
    0x15, 0x14, 0x16, 0x33, 0x31, 0x21, 0x32, 0x36, 0x35, 0x31, 0x35, 0x34, 0x26, 0x23, 0x11, 0x21,
    0x22, 0x06, 0x15, 0x31, 0x15, 0x14, 0x16, 0x33, 0x31, 0x21, 0x32, 0x36, 0x35, 0x31, 0x35, 0x34,
    0x26, 0x23, 0x01, 0x23, 0x02, 0x06, 0x04, 0x03, 0x06, 0x02, 0x8E, 0x4E, 0x02, 0x06, 0x03, 0x04,
    0x05, 0x03, 0x16, 0x02, 0x03, 0x03, 0x02, 0x70, 0x02, 0x06, 0x03, 0x03, 0x06, 0x02, 0xB0, 0x02,
    0x03, 0x03, 0x02, 0xBB, 0x1B, 0x26, 0x26, 0x1B, 0x1A, 0x26, 0x26, 0x1A, 0xA5, 0x02, 0x06, 0x04,
    0x03, 0x06, 0x02, 0x8E, 0x4E, 0x02, 0x06, 0x03, 0x04, 0x05, 0x03, 0x16, 0x02, 0x03, 0x03, 0x02,
    0x70, 0x02, 0x06, 0x03, 0x03, 0x06, 0x02, 0xB0, 0x02, 0x03, 0x03, 0x02, 0x02, 0xB5, 0xFD, 0xA0,
    0x07, 0x09, 0x09, 0x07, 0x02, 0x60, 0x07, 0x09, 0x09, 0x07, 0xFD, 0xA0, 0x07, 0x09, 0x09, 0x07,
    0x02, 0x60, 0x07, 0x09, 0x09, 0x07, 0xFD, 0xA0, 0x07, 0x09, 0x09, 0x07, 0x02, 0x60, 0x07, 0x09,
    0x09, 0x07, 0x02, 0x22, 0x02, 0x03, 0x03, 0x02, 0x8E, 0x4E, 0x02, 0x03, 0x03, 0x02, 0x17, 0x02,
    0x06, 0x03, 0x03, 0x06, 0x02, 0x70, 0x02, 0x03, 0x03, 0x02, 0xB0, 0x02, 0x06, 0x03, 0x03, 0x06,
    0x02, 0xFE, 0xB5, 0x25, 0x1B, 0x1B, 0x25, 0x25, 0x1B, 0x1B, 0x25, 0x02, 0xA2, 0x02, 0x03, 0x03,
    0x02, 0x8E, 0x4E, 0x02, 0x03, 0x03, 0x02, 0x17, 0x02, 0x06, 0x03, 0x03, 0x06, 0x02, 0x70, 0x02,
    0x03, 0x03, 0x02, 0xB0, 0x02, 0x06, 0x03, 0x03, 0x06, 0x02, 0xFD, 0x55, 0x09, 0x07, 0x20, 0x07,
    0x09, 0x09, 0x07, 0x20, 0x07, 0x09, 0x02, 0x80, 0x09, 0x07, 0x20, 0x07, 0x09, 0x09, 0x07, 0x20,
    0x07, 0x09, 0xFE, 0xC0, 0x09, 0x07, 0x20, 0x07, 0x09, 0x09, 0x07, 0x20, 0x07, 0x09, 0x00, 0x00,
    0x00, 0x06, 0x00, 0x00, 0xFF, 0xC0, 0x03, 0x80, 0x03, 0xC0, 0x00, 0x23, 0x00, 0x27, 0x00, 0x4B,
    0x00, 0x4F, 0x00, 0x73, 0x00, 0x77, 0x00, 0x00, 0x01, 0x35, 0x34, 0x26, 0x2B, 0x01, 0x35, 0x34,
    0x26, 0x2B, 0x01, 0x22, 0x06, 0x1D, 0x01, 0x23, 0x22, 0x06, 0x1D, 0x01, 0x14, 0x16, 0x3B, 0x01,
    0x11, 0x14, 0x16, 0x3B, 0x01, 0x32, 0x36, 0x35, 0x11, 0x33, 0x32, 0x36, 0x27, 0x23, 0x35, 0x33,
    0x01, 0x23, 0x11, 0x34, 0x26, 0x2B, 0x01, 0x22, 0x06, 0x15, 0x11, 0x23, 0x22, 0x06, 0x1D, 0x01,
    0x14, 0x16, 0x3B, 0x01, 0x15, 0x14, 0x16, 0x3B, 0x01, 0x32, 0x36, 0x3D, 0x01, 0x33, 0x32, 0x36,
    0x3D, 0x01, 0x34, 0x26, 0x07, 0x23, 0x35, 0x33, 0x01, 0x23, 0x11, 0x34, 0x26, 0x2B, 0x01, 0x22,
    0x06, 0x15, 0x11, 0x23, 0x22, 0x06, 0x1D, 0x01, 0x14, 0x16, 0x3B, 0x01, 0x11, 0x14, 0x16, 0x3B,
    0x01, 0x32, 0x36, 0x35, 0x11, 0x33, 0x32, 0x36, 0x3D, 0x01, 0x34, 0x26, 0x07, 0x23, 0x35, 0x33,
    0x01, 0x40, 0x1C, 0x14, 0x50, 0x09, 0x07, 0x20, 0x07, 0x09, 0x50, 0x14, 0x1C, 0x1C, 0x14, 0x50,
    0x09, 0x07, 0x20, 0x07, 0x09, 0x50, 0x14, 0x1C, 0x40, 0xC0, 0xC0, 0x01, 0x30, 0x50, 0x09, 0x07,
    0x20, 0x07, 0x09, 0x50, 0x14, 0x1C, 0x1C, 0x14, 0x50, 0x09, 0x07, 0x20, 0x07, 0x09, 0x50, 0x14,
    0x1C, 0x1C, 0x24, 0xC0, 0xC0, 0x01, 0x30, 0x50, 0x09, 0x07, 0x20, 0x07, 0x09, 0x50, 0x14, 0x1C,
    0x1C, 0x14, 0x50, 0x09, 0x07, 0x20, 0x07, 0x09, 0x50, 0x14, 0x1C, 0x1C, 0x24, 0xC0, 0xC0, 0x02,
    0x70, 0x60, 0x14, 0x1C, 0xB0, 0x07, 0x09, 0x09, 0x07, 0xB0, 0x1C, 0x14, 0x60, 0x14, 0x1C, 0xFD,
    0x90, 0x07, 0x09, 0x09, 0x07, 0x02, 0x70, 0x1C, 0x24, 0x40, 0xFE, 0x80, 0x02, 0x70, 0x07, 0x09,
    0x09, 0x07, 0xFD, 0x90, 0x1C, 0x14, 0x60, 0x14, 0x1C, 0xB0, 0x07, 0x09, 0x09, 0x07, 0xB0, 0x1C,
    0x14, 0x60, 0x14, 0x1C, 0x80, 0x40, 0x01, 0x80, 0x01, 0x30, 0x07, 0x09, 0x09, 0x07, 0xFE, 0xD0,
    0x1C, 0x14, 0x60, 0x14, 0x1C, 0xFE, 0x10, 0x07, 0x09, 0x09, 0x07, 0x01, 0xF0, 0x1C, 0x14, 0x60,
    0x14, 0x1C, 0x80, 0x40, 0x00, 0x03, 0x00, 0x00, 0xFF, 0xC0, 0x03, 0x80, 0x03, 0xC0, 0x00, 0x23,
    0x00, 0x47, 0x00, 0x6B, 0x00, 0x00, 0x13, 0x23, 0x35, 0x34, 0x26, 0x2B, 0x01, 0x22, 0x06, 0x1D,
    0x01, 0x23, 0x22, 0x06, 0x1D, 0x01, 0x14, 0x16, 0x3B, 0x01, 0x11, 0x14, 0x16, 0x3B, 0x01, 0x32,
    0x36, 0x35, 0x11, 0x33, 0x32, 0x36, 0x3D, 0x01, 0x34, 0x26, 0x01, 0x23, 0x11, 0x34, 0x26, 0x2B,
    0x01, 0x22, 0x06, 0x15, 0x11, 0x23, 0x22, 0x06, 0x1D, 0x01, 0x14, 0x16, 0x3B, 0x01, 0x11, 0x14,
    0x16, 0x3B, 0x01, 0x32, 0x36, 0x35, 0x11, 0x33, 0x32, 0x36, 0x3D, 0x01, 0x34, 0x26, 0x01, 0x23,
    0x11, 0x34, 0x26, 0x2B, 0x01, 0x22, 0x06, 0x15, 0x11, 0x23, 0x22, 0x06, 0x1D, 0x01, 0x14, 0x16,
    0x3B, 0x01, 0x15, 0x14, 0x16, 0x3B, 0x01, 0x32, 0x36, 0x3D, 0x01, 0x33, 0x32, 0x36, 0x3D, 0x01,
    0x34, 0x26, 0xE0, 0x20, 0x13, 0x0D, 0x40, 0x0D, 0x13, 0x20, 0x0D, 0x13, 0x13, 0x0D, 0x20, 0x13,
    0x0D, 0x40, 0x0D, 0x13, 0x20, 0x0D, 0x13, 0x13, 0x02, 0x73, 0x20, 0x13, 0x0D, 0x40, 0x0D, 0x13,
    0x20, 0x0D, 0x13, 0x13, 0x0D, 0x20, 0x13, 0x0D, 0x40, 0x0D, 0x13, 0x20, 0x0D, 0x13, 0x13, 0xFE,
    0xB3, 0x20, 0x13, 0x0D, 0x40, 0x0D, 0x13, 0x20, 0x0D, 0x13, 0x13, 0x0D, 0x20, 0x13, 0x0D, 0x40,
    0x0D, 0x13, 0x20, 0x0D, 0x13, 0x13, 0x03, 0x00, 0xA0, 0x0D, 0x13, 0x13, 0x0D, 0xA0, 0x13, 0x0D,
    0x40, 0x0D, 0x13, 0xFD, 0x60, 0x0D, 0x13, 0x13, 0x0D, 0x02, 0xA0, 0x13, 0x0D, 0x40, 0x0D, 0x13,
    0xFF, 0x00, 0x01, 0xA0, 0x0D, 0x13, 0x13, 0x0D, 0xFE, 0x60, 0x13, 0x0D, 0x40, 0x0D, 0x13, 0xFE,
    0x60, 0x0D, 0x13, 0x13, 0x0D, 0x01, 0xA0, 0x13, 0x0D, 0x40, 0x0D, 0x13, 0xFF, 0x00, 0x02, 0xA0,
    0x0D, 0x13, 0x13, 0x0D, 0xFD, 0x60, 0x13, 0x0D, 0x40, 0x0D, 0x13, 0xA0, 0x0D, 0x13, 0x13, 0x0D,
    0xA0, 0x13, 0x0D, 0x40, 0x0D, 0x13, 0x00, 0x00, 0x00, 0x03, 0x00, 0x00, 0xFF, 0xC0, 0x03, 0x80,
    0x03, 0xC0, 0x00, 0x23, 0x00, 0x47, 0x00, 0x6B, 0x00, 0x00, 0x01, 0x23, 0x11, 0x34, 0x26, 0x2B,
    0x01, 0x22, 0x06, 0x15, 0x11, 0x23, 0x22, 0x06, 0x1D, 0x01, 0x14, 0x16, 0x3B, 0x01, 0x15, 0x14,
    0x16, 0x3B, 0x01, 0x32, 0x36, 0x3D, 0x01, 0x33, 0x32, 0x36, 0x3D, 0x01, 0x34, 0x26, 0x01, 0x23,
    0x35, 0x34, 0x26, 0x2B, 0x01, 0x22, 0x06, 0x1D, 0x01, 0x23, 0x22, 0x06, 0x1D, 0x01, 0x14, 0x16,
    0x3B, 0x01, 0x11, 0x14, 0x16, 0x3B, 0x01, 0x32, 0x36, 0x35, 0x11, 0x33, 0x32, 0x36, 0x3D, 0x01,
    0x34, 0x26, 0x01, 0x23, 0x11, 0x34, 0x26, 0x2B, 0x01, 0x22, 0x06, 0x15, 0x11, 0x23, 0x22, 0x06,
    0x1D, 0x01, 0x14, 0x16, 0x3B, 0x01, 0x11, 0x14, 0x16, 0x3B, 0x01, 0x32, 0x36, 0x35, 0x11, 0x33,
    0x32, 0x36, 0x3D, 0x01, 0x34, 0x26, 0x02, 0x20, 0x30, 0x13, 0x0D, 0x20, 0x0D, 0x13, 0x30, 0x0D,
    0x13, 0x13, 0x0D, 0x30, 0x13, 0x0D, 0x20, 0x0D, 0x13, 0x30, 0x0D, 0x13, 0x13, 0xFE, 0xB3, 0x30,
    0x13, 0x0D, 0x20, 0x0D, 0x13, 0x30, 0x0D, 0x13, 0x13, 0x0D, 0x30, 0x13, 0x0D, 0x20, 0x0D, 0x13,
    0x30, 0x0D, 0x13, 0x13, 0x02, 0x73, 0x30, 0x13, 0x0D, 0x20, 0x0D, 0x13, 0x30, 0x0D, 0x13, 0x13,
    0x0D, 0x30, 0x13, 0x0D, 0x20, 0x0D, 0x13, 0x30, 0x0D, 0x13, 0x13, 0x01, 0x00, 0x02, 0xA0, 0x0D,
    0x13, 0x13, 0x0D, 0xFD, 0x60, 0x13, 0x0D, 0x40, 0x0D, 0x13, 0xA0, 0x0D, 0x13, 0x13, 0x0D, 0xA0,
    0x13, 0x0D, 0x40, 0x0D, 0x13, 0x02, 0x00, 0xA0, 0x0D, 0x13, 0x13, 0x0D, 0xA0, 0x13, 0x0D, 0x40,
    0x0D, 0x13, 0xFD, 0x60, 0x0D, 0x13, 0x13, 0x0D, 0x02, 0xA0, 0x13, 0x0D, 0x40, 0x0D, 0x13, 0xFF,
    0x00, 0x01, 0xA0, 0x0D, 0x13, 0x13, 0x0D, 0xFE, 0x60, 0x13, 0x0D, 0x40, 0x0D, 0x13, 0xFE, 0x60,
    0x0D, 0x13, 0x13, 0x0D, 0x01, 0xA0, 0x13, 0x0D, 0x40, 0x0D, 0x13, 0x00, 0x00, 0x01, 0x00, 0x00,
    0xFF, 0xC0, 0x02, 0x79, 0x03, 0xC0, 0x00, 0x14, 0x00, 0x00, 0x09, 0x01, 0x16, 0x14, 0x0F, 0x01,
    0x06, 0x22, 0x2F, 0x01, 0x07, 0x06, 0x22, 0x2F, 0x01, 0x26, 0x34, 0x37, 0x01, 0x36, 0x32, 0x01,
    0x51, 0x01, 0x28, 0x07, 0x07, 0x28, 0x07, 0x14, 0x07, 0xEF, 0xEF, 0x07, 0x14, 0x07, 0x28, 0x07,
    0x07, 0x01, 0x28, 0x07, 0x14, 0x02, 0x78, 0xFE, 0xDA, 0x07, 0x14, 0x07, 0x28, 0x07, 0x07, 0xED,
    0xED, 0x07, 0x07, 0x28, 0x07, 0x14, 0x07, 0x01, 0x26, 0x07, 0x00, 0x00, 0x00, 0x01, 0x00, 0x00,
    0xFF, 0xC0, 0x02, 0x79, 0x03, 0xC0, 0x00, 0x14, 0x00, 0x00, 0x09, 0x01, 0x26, 0x34, 0x3F, 0x01,
    0x36, 0x32, 0x1F, 0x01, 0x37, 0x36, 0x32, 0x1F, 0x01, 0x16, 0x14, 0x07, 0x01, 0x06, 0x22, 0x01,
    0x2F, 0xFE, 0xD8, 0x07, 0x07, 0x28, 0x07, 0x14, 0x07, 0xEF, 0xEF, 0x07, 0x14, 0x07, 0x28, 0x07,
    0x07, 0xFE, 0xD8, 0x07, 0x14, 0x01, 0x08, 0x01, 0x26, 0x07, 0x14, 0x07, 0x28, 0x07, 0x07, 0xED,
    0xED, 0x07, 0x07, 0x28, 0x07, 0x14, 0x07, 0xFE, 0xDA, 0x07, 0x00, 0x00, 0x00, 0x0E, 0x00, 0x00,
    0xFF, 0xC0, 0x04, 0x80, 0x03, 0xC0, 0x00, 0x0F, 0x00, 0x1F, 0x00, 0x2F, 0x00, 0x3F, 0x00, 0x4F,
    0x00, 0x5F, 0x00, 0x6F, 0x00, 0x7F, 0x00, 0x8F, 0x00, 0x9F, 0x00, 0xAF, 0x00, 0xBF, 0x00, 0xCF,
    0x00, 0xDF, 0x00, 0x00, 0x01, 0x21, 0x22, 0x06, 0x15, 0x11, 0x14, 0x16, 0x33, 0x21, 0x32, 0x36,
    0x35, 0x11, 0x34, 0x26, 0x03, 0x14, 0x06, 0x23, 0x21, 0x22, 0x26, 0x35, 0x11, 0x34, 0x36, 0x33,
    0x21, 0x32, 0x16, 0x15, 0x01, 0x35, 0x34, 0x26, 0x2B, 0x01, 0x22, 0x06, 0x1D, 0x01, 0x14, 0x16,
    0x3B, 0x01, 0x32, 0x36, 0x37, 0x35, 0x34, 0x26, 0x2B, 0x01, 0x22, 0x06, 0x1D, 0x01, 0x14, 0x16,
    0x3B, 0x01, 0x32, 0x36, 0x37, 0x35, 0x34, 0x26, 0x2B, 0x01, 0x22, 0x06, 0x1D, 0x01, 0x14, 0x16,
    0x3B, 0x01, 0x32, 0x36, 0x37, 0x35, 0x34, 0x26, 0x2B, 0x01, 0x22, 0x06, 0x1D, 0x01, 0x14, 0x16,
    0x3B, 0x01, 0x32, 0x36, 0x05, 0x35, 0x34, 0x26, 0x2B, 0x01, 0x22, 0x06, 0x1D, 0x01, 0x14, 0x16,
    0x3B, 0x01, 0x32, 0x36, 0x25, 0x35, 0x34, 0x26, 0x2B, 0x01, 0x22, 0x06, 0x1D, 0x01, 0x14, 0x16,
    0x3B, 0x01, 0x32, 0x36, 0x01, 0x35, 0x34, 0x26, 0x2B, 0x01, 0x22, 0x06, 0x1D, 0x01, 0x14, 0x16,
    0x3B, 0x01, 0x32, 0x36, 0x37, 0x35, 0x34, 0x26, 0x2B, 0x01, 0x22, 0x06, 0x1D, 0x01, 0x14, 0x16,
    0x3B, 0x01, 0x32, 0x36, 0x37, 0x35, 0x34, 0x26, 0x2B, 0x01, 0x22, 0x06, 0x1D, 0x01, 0x14, 0x16,
    0x3B, 0x01, 0x32, 0x36, 0x37, 0x35, 0x34, 0x26, 0x2B, 0x01, 0x22, 0x06, 0x1D, 0x01, 0x14, 0x16,
    0x3B, 0x01, 0x32, 0x36, 0x37, 0x35, 0x34, 0x26, 0x2B, 0x01, 0x22, 0x06, 0x1D, 0x01, 0x14, 0x16,
    0x3B, 0x01, 0x32, 0x36, 0x03, 0x35, 0x34, 0x26, 0x23, 0x21, 0x22, 0x06, 0x1D, 0x01, 0x14, 0x16,
    0x33, 0x21, 0x32, 0x36, 0x04, 0x20, 0xFC, 0x40, 0x28, 0x38, 0x38, 0x28, 0x03, 0xC0, 0x28, 0x38,
    0x38, 0x08, 0x13, 0x0D, 0xFC, 0x40, 0x0D, 0x13, 0x13, 0x0D, 0x03, 0xC0, 0x0D, 0x13, 0xFD, 0x10,
    0x0E, 0x0A, 0x30, 0x0A, 0x0E, 0x0E, 0x0A, 0x30, 0x0A, 0x0E, 0xC0, 0x0E, 0x0A, 0x30, 0x0A, 0x0E,
    0x0E, 0x0A, 0x30, 0x0A, 0x0E, 0xC0, 0x0E, 0x0A, 0x30, 0x0A, 0x0E, 0x0E, 0x0A, 0x30, 0x0A, 0x0E,
    0xC0, 0x0E, 0x0A, 0x30, 0x0A, 0x0E, 0x0E, 0x0A, 0x30, 0x0A, 0x0E, 0xFD, 0x60, 0x0E, 0x0A, 0x30,
    0x0A, 0x0E, 0x0E, 0x0A, 0x30, 0x0A, 0x0E, 0x03, 0x00, 0x0E, 0x0A, 0x30, 0x0A, 0x0E, 0x0E, 0x0A,
    0x30, 0x0A, 0x0E, 0xFD, 0x00, 0x0E, 0x0A, 0x30, 0x0A, 0x0E, 0x0E, 0x0A, 0x30, 0x0A, 0x0E, 0xC0,
    0x0E, 0x0A, 0x30, 0x0A, 0x0E, 0x0E, 0x0A, 0x30, 0x0A, 0x0E, 0xC0, 0x0E, 0x0A, 0x30, 0x0A, 0x0E,
    0x0E, 0x0A, 0x30, 0x0A, 0x0E, 0xC0, 0x0E, 0x0A, 0x30, 0x0A, 0x0E, 0x0E, 0x0A, 0x30, 0x0A, 0x0E,
    0xC0, 0x0E, 0x0A, 0x30, 0x0A, 0x0E, 0x0E, 0x0A, 0x30, 0x0A, 0x0E, 0xC0, 0x0E, 0x0A, 0xFE, 0x50,
    0x0A, 0x0E, 0x0E, 0x0A, 0x01, 0xB0, 0x0A, 0x0E, 0x03, 0x40, 0x38, 0x28, 0xFD, 0xC0, 0x28, 0x38,
    0x38, 0x28, 0x02, 0x40, 0x28, 0x38, 0xFD, 0x60, 0x0D, 0x13, 0x13, 0x0D, 0x02, 0x40, 0x0D, 0x13,
    0x13, 0x0D, 0xFE, 0xC8, 0x30, 0x0A, 0x0E, 0x0E, 0x0A, 0x30, 0x0A, 0x0E, 0x0E, 0x0A, 0x30, 0x0A,
    0x0E, 0x0E, 0x0A, 0x30, 0x0A, 0x0E, 0x0E, 0x0A, 0x30, 0x0A, 0x0E, 0x0E, 0x0A, 0x30, 0x0A, 0x0E,
    0x0E, 0x0A, 0x30, 0x0A, 0x0E, 0x0E, 0x0A, 0x30, 0x0A, 0x0E, 0x0E, 0x96, 0x30, 0x0A, 0x0E, 0x0E,
    0x0A, 0x30, 0x0A, 0x0E, 0x0E, 0x0A, 0x30, 0x0A, 0x0E, 0x0E, 0x0A, 0x30, 0x0A, 0x0E, 0x0E, 0x01,
    0x4A, 0x30, 0x0A, 0x0E, 0x0E, 0x0A, 0x30, 0x0A, 0x0E, 0x0E, 0x0A, 0x30, 0x0A, 0x0E, 0x0E, 0x0A,
    0x30, 0x0A, 0x0E, 0x0E, 0x0A, 0x30, 0x0A, 0x0E, 0x0E, 0x0A, 0x30, 0x0A, 0x0E, 0x0E, 0x0A, 0x30,
    0x0A, 0x0E, 0x0E, 0x0A, 0x30, 0x0A, 0x0E, 0x0E, 0x0A, 0x30, 0x0A, 0x0E, 0x0E, 0x0A, 0x30, 0x0A,
    0x0E, 0x0E, 0xFE, 0xDA, 0x10, 0x0A, 0x0E, 0x0E, 0x0A, 0x10, 0x0A, 0x0E, 0x0E, 0x00, 0x00, 0x00,
    0x00, 0x04, 0x00, 0x00, 0xFF, 0xC0, 0x03, 0x00, 0x03, 0xC0, 0x00, 0x16, 0x00, 0x19, 0x00, 0x28,
    0x00, 0x54, 0x00, 0x00, 0x01, 0x27, 0x2E, 0x01, 0x23, 0x21, 0x22, 0x06, 0x15, 0x11, 0x14, 0x16,
    0x33, 0x31, 0x21, 0x32, 0x36, 0x35, 0x31, 0x11, 0x34, 0x26, 0x27, 0x27, 0x17, 0x23, 0x13, 0x21,
    0x11, 0x21, 0x15, 0x38, 0x01, 0x31, 0x14, 0x16, 0x33, 0x38, 0x01, 0x31, 0x33, 0x07, 0x34, 0x26,
    0x23, 0x31, 0x23, 0x22, 0x06, 0x15, 0x31, 0x15, 0x23, 0x22, 0x06, 0x15, 0x31, 0x15, 0x14, 0x16,
    0x33, 0x31, 0x33, 0x15, 0x14, 0x16, 0x33, 0x31, 0x33, 0x32, 0x36, 0x35, 0x31, 0x35, 0x33, 0x32,
    0x36, 0x35, 0x31, 0x35, 0x34, 0x26, 0x23, 0x31, 0x23, 0x02, 0xE4, 0xA8, 0x0D, 0x23, 0x14, 0xFE,
    0x68, 0x28, 0x38, 0x38, 0x28, 0x02, 0x40, 0x28, 0x38, 0x0F, 0x0D, 0xE4, 0x98, 0x98, 0xA0, 0xFD,
    0xC0, 0x01, 0x40, 0x1C, 0x14, 0xD0, 0xF2, 0x13, 0x0D, 0x20, 0x0D, 0x13, 0x6F, 0x0D, 0x13, 0x13,
    0x0D, 0x6F, 0x13, 0x0D, 0x20, 0x0D, 0x13, 0x71, 0x0D, 0x13, 0x13, 0x0D, 0x71, 0x02, 0xFC, 0xA8,
    0x0D, 0x0F, 0x38, 0x28, 0xFC, 0xC0, 0x28, 0x38, 0x38, 0x28, 0x02, 0x98, 0x14, 0x23, 0x0D, 0x5C,
    0x98, 0xFD, 0x60, 0x03, 0x40, 0xD0, 0x14, 0x1C, 0x5F, 0x0D, 0x12, 0x12, 0x0D, 0x71, 0x13, 0x0D,
    0x20, 0x0E, 0x12, 0x70, 0x0E, 0x12, 0x12, 0x0D, 0x70, 0x13, 0x0D, 0x20, 0x0E, 0x12, 0x00, 0x00,
    0x00, 0x04, 0x00, 0x00, 0xFF, 0xC0, 0x04, 0x80, 0x03, 0xC0, 0x00, 0x23, 0x00, 0x2A, 0x00, 0x34,
    0x00, 0x40, 0x00, 0x00, 0x01, 0x23, 0x37, 0x36, 0x26, 0x2B, 0x01, 0x35, 0x34, 0x26, 0x2B, 0x01,
    0x22, 0x06, 0x1D, 0x01, 0x23, 0x22, 0x06, 0x1F, 0x01, 0x23, 0x22, 0x06, 0x15, 0x11, 0x14, 0x16,
    0x33, 0x21, 0x32, 0x36, 0x35, 0x11, 0x34, 0x26, 0x25, 0x33, 0x11, 0x33, 0x11, 0x33, 0x01, 0x05,
    0x21, 0x11, 0x21, 0x17, 0x16, 0x32, 0x3F, 0x01, 0x21, 0x07, 0x34, 0x36, 0x33, 0x32, 0x16, 0x15,
    0x14, 0x06, 0x23, 0x22, 0x26, 0x04, 0x20, 0xB8, 0x5C, 0x2D, 0x31, 0x40, 0x80, 0x38, 0x28, 0xC0,
    0x28, 0x38, 0x80, 0x40, 0x31, 0x2D, 0x5D, 0xB9, 0x28, 0x38, 0x38, 0x28, 0x03, 0xC0, 0x28, 0x38,
    0x38, 0xFC, 0xB8, 0xE0, 0xC0, 0xE0, 0xFE, 0xC0, 0x01, 0xE0, 0xFC, 0x40, 0x01, 0x18, 0x84, 0x1C,
    0x50, 0x1C, 0x84, 0x01, 0x18, 0xB0, 0x1C, 0x14, 0x14, 0x1C, 0x1C, 0x14, 0x14, 0x1C, 0x01, 0x80,
    0x5C, 0x2D, 0x77, 0xE0, 0x28, 0x38, 0x38, 0x28, 0xE0, 0x76, 0x2E, 0x5C, 0x38, 0x28, 0xFF, 0x00,
    0x28, 0x38, 0x38, 0x28, 0x01, 0x00, 0x28, 0x38, 0xA0, 0x01, 0x40, 0xFE, 0xC0, 0xFE, 0xC0, 0xC0,
    0x01, 0x00, 0x84, 0x1C, 0x1C, 0x84, 0x80, 0x14, 0x1C, 0x1C, 0x14, 0x14, 0x1C, 0x1C, 0x00, 0x00,
    0x00, 0x03, 0x00, 0x00, 0xFF, 0xC0, 0x03, 0x80, 0x03, 0xC0, 0x00, 0x30, 0x00, 0x34, 0x00, 0x38,
    0x00, 0x00, 0x01, 0x23, 0x27, 0x2E, 0x01, 0x23, 0x38, 0x01, 0x31, 0x23, 0x38, 0x01, 0x31, 0x22,
    0x06, 0x07, 0x15, 0x07, 0x23, 0x22, 0x06, 0x15, 0x31, 0x15, 0x14, 0x16, 0x33, 0x31, 0x33, 0x13,
    0x1E, 0x01, 0x33, 0x21, 0x32, 0x36, 0x37, 0x31, 0x13, 0x33, 0x32, 0x36, 0x35, 0x31, 0x35, 0x34,
    0x26, 0x23, 0x31, 0x25, 0x33, 0x17, 0x21, 0x01, 0x21, 0x03, 0x21, 0x03, 0x60, 0xA5, 0x44, 0x0D,
    0x2B, 0x1A, 0xCA, 0x1A, 0x2B, 0x0D, 0x44, 0xA5, 0x0D, 0x13, 0x13, 0x0D, 0x20, 0x2A, 0x03, 0x37,
    0x26, 0x01, 0xEC, 0x26, 0x37, 0x03, 0x2A, 0x20, 0x0D, 0x13, 0x13, 0x0D, 0xFD, 0xFB, 0xCA, 0x26,
    0xFE, 0xEA, 0x01, 0x81, 0xFE, 0x14, 0x2A, 0x02, 0x40, 0x03, 0x20, 0x71, 0x15, 0x1A, 0x19, 0x15,
    0x01, 0x71, 0x13, 0x0D, 0x20, 0x0D, 0x13, 0xFD, 0x5A, 0x26, 0x34, 0x34, 0x26, 0x02, 0xA6, 0x13,
    0x0D, 0x20, 0x0D, 0x13, 0x40, 0x40, 0xFD, 0x00, 0x02, 0xA0, 0x00, 0x00, 0x00, 0x02, 0x00, 0x00,
    0xFF, 0xC0, 0x03, 0xF0, 0x03, 0xC0, 0x00, 0x44, 0x00, 0x57, 0x00, 0x00, 0x01, 0x14, 0x07, 0x0E,
    0x01, 0x07, 0x06, 0x23, 0x22, 0x27, 0x2E, 0x01, 0x27, 0x26, 0x27, 0x2E, 0x01, 0x3F, 0x01, 0x3E,
    0x01, 0x17, 0x1E, 0x01, 0x33, 0x32, 0x37, 0x3E, 0x01, 0x37, 0x36, 0x35, 0x34, 0x27, 0x2E, 0x01,
    0x27, 0x26, 0x23, 0x22, 0x06, 0x07, 0x17, 0x16, 0x06, 0x23, 0x21, 0x22, 0x26, 0x3D, 0x01, 0x34,
    0x36, 0x1F, 0x01, 0x36, 0x37, 0x3E, 0x01, 0x37, 0x36, 0x33, 0x32, 0x17, 0x1E, 0x01, 0x17, 0x16,
    0x15, 0x05, 0x37, 0x36, 0x26, 0x2F, 0x01, 0x11, 0x34, 0x26, 0x2B, 0x01, 0x22, 0x06, 0x15, 0x11,
    0x17, 0x16, 0x36, 0x37, 0x03, 0xF0, 0x27, 0x27, 0x87, 0x5A, 0x5A, 0x67, 0x30, 0x2D, 0x2E, 0x54,
    0x26, 0x26, 0x21, 0x08, 0x01, 0x08, 0x22, 0x06, 0x14, 0x07, 0x35, 0x88, 0x4D, 0x53, 0x49, 0x49,
    0x6C, 0x20, 0x1F, 0x1F, 0x20, 0x6C, 0x49, 0x49, 0x53, 0x53, 0x93, 0x36, 0x62, 0x0C, 0x0C, 0x11,
    0xFF, 0x00, 0x0A, 0x0E, 0x1D, 0x0C, 0x5A, 0x22, 0x27, 0x28, 0x5A, 0x31, 0x30, 0x34, 0x67, 0x5A,
    0x5A, 0x87, 0x27, 0x27, 0xFE, 0xB2, 0x1C, 0x06, 0x03, 0x08, 0x89, 0x0E, 0x0A, 0x30, 0x0A, 0x0E,
    0xB0, 0x08, 0x14, 0x06, 0x01, 0xC1, 0x67, 0x5A, 0x5A, 0x87, 0x28, 0x27, 0x09, 0x09, 0x21, 0x17,
    0x18, 0x1E, 0x07, 0x14, 0x08, 0x22, 0x06, 0x01, 0x07, 0x2F, 0x36, 0x1F, 0x20, 0x6C, 0x49, 0x49,
    0x53, 0x53, 0x49, 0x49, 0x6C, 0x20, 0x1F, 0x3F, 0x37, 0x61, 0x0B, 0x1E, 0x0E, 0x0A, 0xFD, 0x10,
    0x0C, 0x0B, 0x59, 0x22, 0x1B, 0x1C, 0x26, 0x0A, 0x0A, 0x27, 0x27, 0x86, 0x5A, 0x5B, 0x66, 0xB4,
    0x26, 0x08, 0x14, 0x06, 0x63, 0x01, 0x20, 0x0A, 0x0E, 0x0E, 0x0A, 0xFE, 0xB0, 0x81, 0x06, 0x04,
    0x08, 0x00, 0x00, 0x00, 0x00, 0x01, 0x00, 0x00, 0xFF, 0xC0, 0x03, 0xF0, 0x03, 0xC0, 0x00, 0x44,
    0x00, 0x00, 0x01, 0x07, 0x26, 0x27, 0x2E, 0x01, 0x27, 0x26, 0x23, 0x22, 0x07, 0x0E, 0x01, 0x07,
    0x06, 0x15, 0x14, 0x17, 0x1E, 0x01, 0x17, 0x16, 0x33, 0x32, 0x37, 0x3E, 0x01, 0x37, 0x36, 0x37,
    0x3E, 0x01, 0x2F, 0x01, 0x2E, 0x01, 0x07, 0x0E, 0x01, 0x23, 0x22, 0x27, 0x2E, 0x01, 0x27, 0x26,
    0x35, 0x34, 0x37, 0x3E, 0x01, 0x37, 0x36, 0x33, 0x32, 0x16, 0x17, 0x07, 0x06, 0x16, 0x33, 0x21,
    0x32, 0x36, 0x35, 0x11, 0x34, 0x26, 0x07, 0x03, 0xC7, 0x68, 0x22, 0x28, 0x27, 0x59, 0x31, 0x31,
    0x33, 0x66, 0x5B, 0x5A, 0x87, 0x27, 0x27, 0x27, 0x27, 0x87, 0x5A, 0x5A, 0x67, 0x30, 0x2D, 0x2E,
    0x54, 0x26, 0x26, 0x21, 0x08, 0x01, 0x08, 0x27, 0x07, 0x13, 0x07, 0x34, 0x86, 0x4B, 0x51, 0x48,
    0x47, 0x6A, 0x1F, 0x1F, 0x1F, 0x1F, 0x6A, 0x47, 0x48, 0x51, 0x51, 0x8F, 0x35, 0x6C, 0x0B, 0x0C,
    0x10, 0x01, 0x1E, 0x0A, 0x0E, 0x1E, 0x0B, 0x03, 0x87, 0x68, 0x21, 0x1B, 0x1B, 0x26, 0x0A, 0x0A,
    0x27, 0x27, 0x87, 0x5B, 0x5A, 0x66, 0x67, 0x5A, 0x5B, 0x86, 0x27, 0x27, 0x09, 0x09, 0x21, 0x17,
    0x18, 0x1E, 0x07, 0x14, 0x08, 0x27, 0x07, 0x01, 0x07, 0x2E, 0x35, 0x1F, 0x1F, 0x6A, 0x47, 0x48,
    0x51, 0x51, 0x48, 0x47, 0x6A, 0x1F, 0x1F, 0x3E, 0x35, 0x6C, 0x0B, 0x1E, 0x0E, 0x0A, 0x01, 0x1E,
    0x10, 0x0C, 0x0B, 0x00, 0x00, 0x04, 0x00, 0x00, 0xFF, 0xC0, 0x03, 0xD8, 0x03, 0xC0, 0x00, 0x0E,
    0x00, 0x15, 0x00, 0x1F, 0x00, 0x2A, 0x00, 0x00, 0x01, 0x27, 0x26, 0x22, 0x07, 0x01, 0x03, 0x06,
    0x16, 0x37, 0x25, 0x01, 0x36, 0x34, 0x27, 0x09, 0x01, 0x17, 0x01, 0x35, 0x23, 0x35, 0x03, 0x27,
    0x3F, 0x01, 0x33, 0x15, 0x33, 0x15, 0x0F, 0x01, 0x01, 0x31, 0x07, 0x27, 0x37, 0x36, 0x32, 0x1F,
    0x01, 0x16, 0x14, 0x03, 0xD7, 0x6C, 0x27, 0x70, 0x27, 0xFD, 0x85, 0x31, 0x04, 0x23, 0x18, 0x01,
    0x2A, 0x02, 0x76, 0x28, 0x29, 0xFD, 0x1A, 0x01, 0x55, 0xB0, 0xFE, 0xAE, 0x60, 0xA0, 0x38, 0x18,
    0x25, 0x53, 0x60, 0x25, 0x93, 0x02, 0xF6, 0x60, 0xB0, 0x61, 0x0E, 0x26, 0x0E, 0x6C, 0x0F, 0x03,
    0x2D, 0x6B, 0x28, 0x28, 0xFD, 0x8A, 0xFE, 0xD6, 0x18, 0x23, 0x04, 0x31, 0x02, 0x7B, 0x27, 0x70,
    0x29, 0xFE, 0x37, 0x01, 0x52, 0xB0, 0xFE, 0xAB, 0x53, 0x60, 0xFE, 0xC8, 0x38, 0x93, 0x25, 0x60,
    0x53, 0x25, 0x18, 0x02, 0x7F, 0x61, 0xB0, 0x60, 0x0E, 0x0E, 0x6B, 0x0F, 0x27, 0x00, 0x00, 0x00,
    0x00, 0x04, 0x00, 0x00, 0xFF, 0xC0, 0x03, 0xF0, 0x03, 0xC0, 0x00, 0x1B, 0x00, 0x37, 0x00, 0x55,
    0x00, 0x63, 0x00, 0x00, 0x01, 0x22, 0x07, 0x0E, 0x01, 0x07, 0x06, 0x15, 0x14, 0x17, 0x1E, 0x01,
    0x17, 0x16, 0x33, 0x32, 0x37, 0x3E, 0x01, 0x37, 0x36, 0x35, 0x34, 0x27, 0x2E, 0x01, 0x27, 0x26,
    0x03, 0x22, 0x27, 0x2E, 0x01, 0x27, 0x26, 0x35, 0x34, 0x37, 0x3E, 0x01, 0x37, 0x36, 0x33, 0x32,
    0x17, 0x1E, 0x01, 0x17, 0x16, 0x15, 0x14, 0x07, 0x0E, 0x01, 0x07, 0x06, 0x03, 0x22, 0x07, 0x0E,
    0x01, 0x07, 0x06, 0x15, 0x14, 0x17, 0x1E, 0x01, 0x17, 0x16, 0x33, 0x32, 0x37, 0x3E, 0x01, 0x37,
    0x36, 0x35, 0x31, 0x34, 0x27, 0x2E, 0x01, 0x27, 0x26, 0x23, 0x11, 0x22, 0x26, 0x35, 0x34, 0x36,
    0x33, 0x32, 0x16, 0x15, 0x31, 0x14, 0x06, 0x23, 0x02, 0x00, 0x67, 0x5A, 0x5A, 0x87, 0x27, 0x27,
    0x27, 0x27, 0x87, 0x5A, 0x5A, 0x67, 0x67, 0x5A, 0x5A, 0x87, 0x27, 0x27, 0x27, 0x27, 0x87, 0x5A,
    0x5A, 0x67, 0x53, 0x49, 0x48, 0x6D, 0x20, 0x1F, 0x1F, 0x20, 0x6D, 0x48, 0x49, 0x53, 0x53, 0x49,
    0x48, 0x6D, 0x20, 0x1F, 0x1F, 0x20, 0x6D, 0x48, 0x49, 0x53, 0x2B, 0x26, 0x26, 0x38, 0x11, 0x10,
    0x10, 0x11, 0x38, 0x26, 0x26, 0x2B, 0x2B, 0x26, 0x26, 0x38, 0x11, 0x10, 0x10, 0x11, 0x38, 0x26,
    0x26, 0x2B, 0x14, 0x1C, 0x1C, 0x14, 0x14, 0x1C, 0x1C, 0x14, 0x03, 0xB0, 0x27, 0x27, 0x87, 0x5A,
    0x5A, 0x67, 0x67, 0x5A, 0x5A, 0x87, 0x27, 0x27, 0x27, 0x27, 0x87, 0x5A, 0x5A, 0x67, 0x67, 0x5A,
    0x5A, 0x87, 0x27, 0x27, 0xFC, 0x80, 0x1F, 0x20, 0x6D, 0x48, 0x49, 0x53, 0x53, 0x49, 0x48, 0x6D,
    0x20, 0x1F, 0x1F, 0x20, 0x6D, 0x48, 0x49, 0x53, 0x53, 0x49, 0x48, 0x6D, 0x20, 0x1F, 0x02, 0x60,
    0x10, 0x11, 0x38, 0x26, 0x26, 0x2B, 0x2B, 0x26, 0x26, 0x38, 0x11, 0x10, 0x10, 0x11, 0x38, 0x26,
    0x26, 0x2B, 0x2B, 0x26, 0x26, 0x38, 0x11, 0x10, 0xFF, 0x00, 0x1C, 0x14, 0x14, 0x1C, 0x1C, 0x14,
    0x14, 0x1C, 0x00, 0x00, 0x00, 0x04, 0x00, 0x00, 0xFF, 0xC0, 0x03, 0xF0, 0x03, 0xC0, 0x00, 0x1B,
    0x00, 0x37, 0x00, 0x43, 0x00, 0x4F, 0x00, 0x00, 0x05, 0x32, 0x37, 0x3E, 0x01, 0x37, 0x36, 0x35,
    0x34, 0x27, 0x2E, 0x01, 0x27, 0x26, 0x23, 0x22, 0x07, 0x0E, 0x01, 0x07, 0x06, 0x15, 0x14, 0x17,
    0x1E, 0x01, 0x17, 0x16, 0x01, 0x34, 0x37, 0x3E, 0x01, 0x37, 0x36, 0x33, 0x32, 0x17, 0x1E, 0x01,
    0x17, 0x16, 0x15, 0x14, 0x07, 0x0E, 0x01, 0x07, 0x06, 0x23, 0x22, 0x27, 0x2E, 0x01, 0x27, 0x26,
    0x2D, 0x01, 0x26, 0x06, 0x15, 0x11, 0x14, 0x16, 0x37, 0x25, 0x36, 0x34, 0x05, 0x11, 0x34, 0x36,
    0x17, 0x05, 0x16, 0x14, 0x07, 0x05, 0x06, 0x26, 0x02, 0x00, 0x67, 0x5A, 0x5A, 0x87, 0x27, 0x27,
    0x27, 0x27, 0x87, 0x5A, 0x5A, 0x67, 0x67, 0x5A, 0x5A, 0x87, 0x27, 0x27, 0x27, 0x27, 0x87, 0x5A,
    0x5A, 0xFE, 0xB7, 0x22, 0x22, 0x75, 0x4E, 0x4F, 0x5A, 0x59, 0x4F, 0x4E, 0x76, 0x22, 0x22, 0x22,
    0x22, 0x75, 0x4E, 0x4F, 0x5A, 0x59, 0x4F, 0x4E, 0x76, 0x22, 0x22, 0x02, 0x97, 0xFE, 0xA0, 0x17,
    0x30, 0x30, 0x17, 0x01, 0x60, 0x19, 0xFE, 0x80, 0x0C, 0x06, 0x01, 0x0D, 0x06, 0x06, 0xFE, 0xF3,
    0x06, 0x0C, 0x30, 0x27, 0x27, 0x87, 0x5A, 0x5A, 0x67, 0x67, 0x5A, 0x5A, 0x87, 0x27, 0x27, 0x27,
    0x27, 0x87, 0x5A, 0x5A, 0x67, 0x67, 0x5A, 0x5A, 0x87, 0x27, 0x27, 0x01, 0xF0, 0x59, 0x4F, 0x4E,
    0x76, 0x22, 0x22, 0x22, 0x22, 0x75, 0x4E, 0x4F, 0x5A, 0x59, 0x4F, 0x4E, 0x76, 0x22, 0x22, 0x22,
    0x22, 0x75, 0x4E, 0x4F, 0x7E, 0xD6, 0x0D, 0x1B, 0x1C, 0xFE, 0x60, 0x1C, 0x1B, 0x0D, 0xCA, 0x0E,
    0x38, 0xB6, 0x01, 0x3E, 0x07, 0x07, 0x04, 0xA3, 0x04, 0x0D, 0x04, 0x9A, 0x03, 0x06, 0x00, 0x00,
    0x00, 0x02, 0x00, 0x00, 0xFF, 0xC0, 0x03, 0xF0, 0x03, 0xC0, 0x00, 0x1B, 0x00, 0x3F, 0x00, 0x00,
    0x01, 0x22, 0x07, 0x0E, 0x01, 0x07, 0x06, 0x15, 0x14, 0x17, 0x1E, 0x01, 0x17, 0x16, 0x33, 0x32,
    0x37, 0x3E, 0x01, 0x37, 0x36, 0x35, 0x34, 0x27, 0x2E, 0x01, 0x27, 0x26, 0x13, 0x14, 0x06, 0x2B,
    0x01, 0x15, 0x14, 0x06, 0x2B, 0x01, 0x22, 0x26, 0x3D, 0x01, 0x23, 0x22, 0x26, 0x3D, 0x01, 0x34,
    0x36, 0x3B, 0x01, 0x35, 0x34, 0x36, 0x3B, 0x01, 0x32, 0x16, 0x1D, 0x01, 0x33, 0x32, 0x16, 0x15,
    0x02, 0x00, 0x67, 0x5A, 0x5A, 0x87, 0x27, 0x27, 0x27, 0x27, 0x87, 0x5A, 0x5A, 0x67, 0x67, 0x5A,
    0x5A, 0x87, 0x27, 0x27, 0x27, 0x27, 0x87, 0x5A, 0x5A, 0xB9, 0x0E, 0x0A, 0xB8, 0x0E, 0x0A, 0x70,
    0x0A, 0x0E, 0xB8, 0x0A, 0x0E, 0x0E, 0x0A, 0xB8, 0x0E, 0x0A, 0x70, 0x0A, 0x0E, 0xB8, 0x0A, 0x0E,
    0x03, 0xB0, 0x27, 0x27, 0x87, 0x5A, 0x5A, 0x67, 0x67, 0x5A, 0x5A, 0x87, 0x27, 0x27, 0x27, 0x27,
    0x87, 0x5A, 0x5A, 0x67, 0x67, 0x5A, 0x5A, 0x87, 0x27, 0x27, 0xFD, 0xD8, 0x0A, 0x0E, 0xB8, 0x0A,
    0x0E, 0x0E, 0x0A, 0xB8, 0x0E, 0x0A, 0x70, 0x0A, 0x0E, 0xB8, 0x0A, 0x0E, 0x0E, 0x0A, 0xB8, 0x0E,
    0x0A, 0x00, 0x00, 0x00, 0x00, 0x02, 0x00, 0x00, 0xFF, 0xC0, 0x03, 0xF0, 0x03, 0xC0, 0x00, 0x45,
    0x00, 0x55, 0x00, 0x00, 0x01, 0x16, 0x17, 0x1E, 0x01, 0x17, 0x16, 0x15, 0x14, 0x07, 0x0E, 0x01,
    0x07, 0x06, 0x23, 0x22, 0x27, 0x2E, 0x01, 0x27, 0x26, 0x35, 0x34, 0x37, 0x3E, 0x01, 0x37, 0x36,
    0x37, 0x36, 0x16, 0x1F, 0x01, 0x16, 0x06, 0x07, 0x06, 0x07, 0x0E, 0x01, 0x07, 0x06, 0x15, 0x14,
    0x17, 0x1E, 0x01, 0x17, 0x16, 0x33, 0x32, 0x37, 0x3E, 0x01, 0x37, 0x36, 0x35, 0x34, 0x27, 0x2E,
    0x01, 0x27, 0x26, 0x27, 0x2E, 0x01, 0x3F, 0x01, 0x3E, 0x01, 0x03, 0x11, 0x34, 0x26, 0x2B, 0x01,
    0x22, 0x06, 0x15, 0x11, 0x14, 0x16, 0x3B, 0x01, 0x32, 0x36, 0x03, 0x09, 0x34, 0x2B, 0x2A, 0x3D,
    0x10, 0x11, 0x27, 0x27, 0x86, 0x5A, 0x5A, 0x67, 0x66, 0x5B, 0x5A, 0x87, 0x28, 0x27, 0x10, 0x11,
    0x3D, 0x2A, 0x2B, 0x34, 0x09, 0x14, 0x05, 0x17, 0x05, 0x04, 0x08, 0x2A, 0x22, 0x22, 0x31, 0x0D,
    0x0D, 0x1F, 0x20, 0x6C, 0x49, 0x49, 0x53, 0x53, 0x49, 0x49, 0x6C, 0x20, 0x1F, 0x0D, 0x0D, 0x31,
    0x22, 0x22, 0x2A, 0x08, 0x04, 0x05, 0x17, 0x05, 0x14, 0xD0, 0x0E, 0x0A, 0x30, 0x0A, 0x0E, 0x0E,
    0x0A, 0x30, 0x0A, 0x0E, 0x03, 0x63, 0x21, 0x2C, 0x2D, 0x6C, 0x3D, 0x3E, 0x42, 0x67, 0x5A, 0x5A,
    0x87, 0x27, 0x27, 0x27, 0x27, 0x86, 0x5A, 0x5B, 0x66, 0x42, 0x3E, 0x3E, 0x6C, 0x2C, 0x2D, 0x21,
    0x06, 0x05, 0x09, 0x2A, 0x08, 0x12, 0x06, 0x1A, 0x24, 0x25, 0x56, 0x31, 0x32, 0x35, 0x53, 0x49,
    0x49, 0x6C, 0x20, 0x1F, 0x1F, 0x20, 0x6C, 0x49, 0x49, 0x53, 0x35, 0x32, 0x31, 0x56, 0x24, 0x25,
    0x1A, 0x05, 0x13, 0x08, 0x2A, 0x09, 0x05, 0xFE, 0x2F, 0x02, 0x10, 0x0A, 0x0E, 0x0E, 0x0A, 0xFD,
    0xF0, 0x0A, 0x0E, 0x0E, 0x00, 0x03, 0x00, 0x00, 0xFF, 0xC0, 0x03, 0xF2, 0x03, 0xC0, 0x00, 0x14,
    0x00, 0x24, 0x00, 0x44, 0x00, 0x00, 0x25, 0x07, 0x06, 0x26, 0x3D, 0x01, 0x23, 0x22, 0x26, 0x2F,
    0x01, 0x37, 0x17, 0x33, 0x35, 0x34, 0x36, 0x1F, 0x01, 0x16, 0x14, 0x01, 0x33, 0x17, 0x37, 0x27,
    0x2E, 0x01, 0x2B, 0x01, 0x22, 0x06, 0x1D, 0x01, 0x14, 0x16, 0x33, 0x25, 0x27, 0x26, 0x06, 0x1D,
    0x01, 0x23, 0x22, 0x06, 0x07, 0x01, 0x23, 0x22, 0x06, 0x1D, 0x01, 0x14, 0x16, 0x3B, 0x01, 0x32,
    0x36, 0x37, 0x01, 0x33, 0x15, 0x14, 0x16, 0x3F, 0x01, 0x36, 0x34, 0x03, 0xF2, 0x9E, 0x17, 0x3D,
    0x3E, 0x05, 0x09, 0x04, 0xB3, 0x4C, 0xA0, 0x17, 0x3D, 0x17, 0x9E, 0x0E, 0xFC, 0x18, 0xB8, 0x9F,
    0x4C, 0xB3, 0x04, 0x09, 0x05, 0xDE, 0x0A, 0x0E, 0x0E, 0x0A, 0x03, 0xDA, 0x9E, 0x17, 0x3D, 0x3E,
    0x05, 0x09, 0x04, 0xFE, 0x20, 0xB8, 0x0A, 0x0E, 0x0E, 0x0A, 0xDE, 0x05, 0x09, 0x04, 0x01, 0xE0,
    0x18, 0x3D, 0x17, 0x9E, 0x0E, 0xA0, 0x92, 0x16, 0x18, 0x20, 0x50, 0x04, 0x04, 0xC2, 0x53, 0xAD,
    0x60, 0x20, 0x19, 0x17, 0x8E, 0x0E, 0x28, 0x01, 0xE2, 0xAD, 0x53, 0xC2, 0x04, 0x04, 0x0E, 0x0A,
    0x40, 0x0A, 0x0E, 0x54, 0x8E, 0x16, 0x18, 0x20, 0x50, 0x04, 0x04, 0xFD, 0xF8, 0x0E, 0x0A, 0x40,
    0x0A, 0x0E, 0x04, 0x04, 0x02, 0x08, 0x60, 0x20, 0x19, 0x17, 0x92, 0x0E, 0x28, 0x00, 0x00, 0x00,
    0x00, 0x04, 0x00, 0x00, 0xFF, 0xC0, 0x04, 0x80, 0x03, 0xC0, 0x00, 0x1F, 0x00, 0x26, 0x00, 0x34,
    0x00, 0x40, 0x00, 0x00, 0x01, 0x21, 0x35, 0x33, 0x32, 0x36, 0x27, 0x01, 0x26, 0x22, 0x07, 0x01,
    0x06, 0x16, 0x3B, 0x01, 0x15, 0x21, 0x22, 0x06, 0x15, 0x11, 0x14, 0x16, 0x33, 0x21, 0x32, 0x36,
    0x35, 0x11, 0x34, 0x26, 0x25, 0x09, 0x01, 0x23, 0x11, 0x23, 0x11, 0x01, 0x21, 0x11, 0x21, 0x15,
    0x14, 0x16, 0x3B, 0x01, 0x32, 0x36, 0x3D, 0x01, 0x21, 0x07, 0x14, 0x06, 0x23, 0x22, 0x26, 0x35,
    0x34, 0x36, 0x33, 0x32, 0x16, 0x04, 0x20, 0xFE, 0xE0, 0x80, 0x40, 0x31, 0x2D, 0xFE, 0xC0, 0x1C,
    0x50, 0x1C, 0xFE, 0xC0, 0x2D, 0x31, 0x40, 0x80, 0xFE, 0xE0, 0x28, 0x38, 0x38, 0x28, 0x03, 0xC0,
    0x28, 0x38, 0x38, 0xFC, 0xB8, 0x01, 0x40, 0x01, 0x40, 0xE0, 0xC0, 0x02, 0x40, 0xFC, 0x40, 0x01,
    0x20, 0x38, 0x28, 0xC0, 0x28, 0x38, 0x01, 0x20, 0x50, 0x1C, 0x14, 0x14, 0x1C, 0x1C, 0x14, 0x14,
    0x1C, 0x01, 0x80, 0x40, 0x76, 0x2E, 0x01, 0x40, 0x1C, 0x1C, 0xFE, 0xC0, 0x2D, 0x77, 0x40, 0x38,
    0x28, 0xFF, 0x00, 0x28, 0x38, 0x38, 0x28, 0x01, 0x00, 0x28, 0x38, 0xA0, 0x01, 0x40, 0xFE, 0xC0,
    0xFE, 0xC0, 0x01, 0x40, 0xFE, 0x00, 0x01, 0x00, 0x40, 0x28, 0x38, 0x38, 0x28, 0x40, 0x80, 0x14,
    0x1C, 0x1C, 0x14, 0x14, 0x1C, 0x1C, 0x00, 0x00, 0x00, 0x03, 0x00, 0x00, 0xFF, 0xC0, 0x04, 0x00,
    0x03, 0xC0, 0x00, 0x31, 0x00, 0x50, 0x00, 0x5C, 0x00, 0x00, 0x01, 0x2E, 0x01, 0x27, 0x26, 0x06,
    0x0F, 0x01, 0x2F, 0x01, 0x37, 0x3E, 0x01, 0x27, 0x2E, 0x01, 0x27, 0x26, 0x07, 0x0E, 0x01, 0x07,
    0x06, 0x07, 0x0E, 0x01, 0x17, 0x01, 0x0E, 0x01, 0x15, 0x14, 0x16, 0x17, 0x1E, 0x01, 0x33, 0x32,
    0x36, 0x37, 0x01, 0x16, 0x36, 0x37, 0x36, 0x37, 0x3E, 0x01, 0x37, 0x36, 0x07, 0x0E, 0x01, 0x2F,
    0x01, 0x01, 0x06, 0x22, 0x27, 0x2E, 0x01, 0x35, 0x34, 0x36, 0x37, 0x01, 0x27, 0x26, 0x36, 0x37,
    0x3E, 0x01, 0x3B, 0x01, 0x07, 0x1F, 0x01, 0x37, 0x16, 0x06, 0x07, 0x01, 0x22, 0x06, 0x15, 0x14,
    0x16, 0x33, 0x32, 0x36, 0x35, 0x34, 0x26, 0x03, 0xF7, 0x05, 0x1A, 0x12, 0x12, 0x25, 0x0D, 0x75,
    0x41, 0x0B, 0x75, 0x0E, 0x09, 0x05, 0x05, 0x1B, 0x12, 0x28, 0x28, 0x28, 0x4B, 0x23, 0x22, 0x1D,
    0x39, 0x2B, 0x12, 0xFE, 0x91, 0x17, 0x19, 0x19, 0x17, 0x17, 0x3C, 0x21, 0x21, 0x3C, 0x17, 0x01,
    0x6F, 0x4D, 0x99, 0x39, 0x1C, 0x14, 0x14, 0x15, 0x01, 0x01, 0x9F, 0x2B, 0x75, 0x3A, 0x1C, 0xFE,
    0x68, 0x13, 0x3A, 0x13, 0x0A, 0x0A, 0x0A, 0x0A, 0x01, 0x98, 0x0A, 0x13, 0x1B, 0x2A, 0x1F, 0x4E,
    0x2A, 0x02, 0x73, 0x1E, 0xB6, 0x72, 0x01, 0x20, 0x1F, 0xFD, 0x4E, 0x0D, 0x13, 0x13, 0x0D, 0x0D,
    0x13, 0x13, 0x02, 0xD6, 0x12, 0x1B, 0x05, 0x05, 0x0A, 0x0D, 0x75, 0x0B, 0x40, 0x76, 0x0D, 0x25,
    0x12, 0x12, 0x1A, 0x05, 0x0A, 0x01, 0x01, 0x15, 0x14, 0x14, 0x1D, 0x38, 0x98, 0x4E, 0xFE, 0x91,
    0x17, 0x3C, 0x21, 0x21, 0x3C, 0x17, 0x17, 0x19, 0x19, 0x17, 0x01, 0x6F, 0x12, 0x2B, 0x38, 0x1D,
    0x23, 0x22, 0x4C, 0x28, 0x28, 0xBA, 0x2A, 0x1B, 0x13, 0x09, 0xFE, 0x69, 0x13, 0x13, 0x0A, 0x18,
    0x0E, 0x0E, 0x18, 0x0A, 0x01, 0x98, 0x1C, 0x3A, 0x75, 0x2A, 0x1F, 0x20, 0x73, 0xB5, 0x1E, 0x73,
    0x2B, 0x4F, 0x1F, 0xFE, 0x9C, 0x13, 0x0D, 0x0D, 0x13, 0x13, 0x0D, 0x0D, 0x13, 0x00, 0x00, 0x00,
    0x00, 0x05, 0x00, 0x00, 0xFF, 0xC0, 0x03, 0xE0, 0x03, 0xC0, 0x00, 0x1B, 0x00, 0x37, 0x00, 0x51,
    0x00, 0x6B, 0x00, 0x85, 0x00, 0x00, 0x01, 0x22, 0x07, 0x0E, 0x01, 0x07, 0x06, 0x15, 0x14, 0x17,
    0x1E, 0x01, 0x17, 0x16, 0x33, 0x32, 0x37, 0x3E, 0x01, 0x37, 0x36, 0x35, 0x34, 0x27, 0x2E, 0x01,
    0x27, 0x26, 0x03, 0x22, 0x27, 0x2E, 0x01, 0x27, 0x26, 0x35, 0x34, 0x37, 0x3E, 0x01, 0x37, 0x36,
    0x33, 0x32, 0x17, 0x1E, 0x01, 0x17, 0x16, 0x15, 0x14, 0x07, 0x0E, 0x01, 0x07, 0x06, 0x13, 0x0E,
    0x01, 0x23, 0x22, 0x26, 0x27, 0x26, 0x06, 0x17, 0x16, 0x17, 0x1E, 0x01, 0x17, 0x16, 0x33, 0x32,
    0x37, 0x3E, 0x01, 0x37, 0x36, 0x37, 0x36, 0x26, 0x25, 0x16, 0x36, 0x3F, 0x01, 0x3E, 0x01, 0x33,
    0x32, 0x16, 0x1F, 0x01, 0x1E, 0x01, 0x37, 0x3E, 0x01, 0x35, 0x2E, 0x01, 0x23, 0x22, 0x06, 0x07,
    0x14, 0x16, 0x05, 0x16, 0x36, 0x3F, 0x01, 0x3E, 0x01, 0x33, 0x32, 0x16, 0x1F, 0x01, 0x1E, 0x01,
    0x37, 0x3E, 0x01, 0x35, 0x2E, 0x01, 0x23, 0x22, 0x06, 0x07, 0x14, 0x16, 0x01, 0xF0, 0x67, 0x5A,
    0x5A, 0x87, 0x27, 0x27, 0x27, 0x27, 0x87, 0x5A, 0x5A, 0x67, 0x67, 0x5A, 0x5A, 0x87, 0x27, 0x27,
    0x27, 0x27, 0x87, 0x5A, 0x5A, 0x67, 0x53, 0x49, 0x48, 0x6D, 0x20, 0x1F, 0x1F, 0x20, 0x6D, 0x48,
    0x49, 0x53, 0x53, 0x49, 0x48, 0x6D, 0x20, 0x1F, 0x1F, 0x20, 0x6D, 0x48, 0x49, 0x80, 0x27, 0x6E,
    0x3E, 0x3E, 0x6E, 0x27, 0x0F, 0x17, 0x02, 0x06, 0x19, 0x19, 0x46, 0x29, 0x29, 0x27, 0x27, 0x29,
    0x29, 0x46, 0x19, 0x19, 0x06, 0x02, 0x17, 0xFE, 0x19, 0x06, 0x0A, 0x03, 0x13, 0x0C, 0x21, 0x12,
    0x12, 0x21, 0x0C, 0x13, 0x03, 0x0B, 0x05, 0x05, 0x06, 0x05, 0x47, 0x24, 0x24, 0x47, 0x05, 0x06,
    0x01, 0x45, 0x06, 0x0A, 0x03, 0x13, 0x0C, 0x21, 0x12, 0x12, 0x21, 0x0C, 0x13, 0x03, 0x0B, 0x05,
    0x05, 0x06, 0x05, 0x47, 0x24, 0x24, 0x47, 0x05, 0x06, 0x03, 0xB0, 0x27, 0x27, 0x87, 0x5A, 0x5A,
    0x67, 0x67, 0x5A, 0x5A, 0x87, 0x27, 0x27, 0x27, 0x27, 0x87, 0x5A, 0x5A, 0x67, 0x67, 0x5A, 0x5A,
    0x87, 0x27, 0x27, 0xFC, 0x80, 0x1F, 0x20, 0x6D, 0x48, 0x49, 0x53, 0x53, 0x49, 0x48, 0x6D, 0x20,
    0x1F, 0x1F, 0x20, 0x6D, 0x48, 0x49, 0x53, 0x53, 0x49, 0x48, 0x6D, 0x20, 0x1F, 0x01, 0x2F, 0x0D,
    0x0D, 0x0D, 0x0D, 0x04, 0x14, 0x0F, 0x23, 0x1E, 0x1D, 0x2A, 0x0C, 0x0C, 0x0C, 0x0C, 0x2A, 0x1D,
    0x1E, 0x23, 0x0F, 0x14, 0x8E, 0x02, 0x04, 0x05, 0x22, 0x15, 0x16, 0x16, 0x15, 0x22, 0x06, 0x03,
    0x02, 0x01, 0x09, 0x06, 0x3F, 0x50, 0x50, 0x3F, 0x05, 0x0A, 0x01, 0x02, 0x04, 0x05, 0x22, 0x15,
    0x16, 0x16, 0x15, 0x22, 0x06, 0x03, 0x02, 0x01, 0x09, 0x06, 0x3F, 0x50, 0x50, 0x3F, 0x05, 0x0A,
    0x00, 0x0A, 0x00, 0x00, 0xFF, 0xC0, 0x05, 0x00, 0x03, 0xC0, 0x00, 0x0B, 0x00, 0x17, 0x00, 0x23,
    0x00, 0x2F, 0x00, 0x4A, 0x00, 0x59, 0x00, 0x70, 0x00, 0x8C, 0x00, 0x98, 0x00, 0xAF, 0x00, 0x00,
    0x01, 0x32, 0x36, 0x35, 0x34, 0x26, 0x23, 0x22, 0x06, 0x15, 0x14, 0x16, 0x37, 0x32, 0x16, 0x15,
    0x14, 0x06, 0x23, 0x22, 0x26, 0x35, 0x34, 0x36, 0x05, 0x32, 0x36, 0x35, 0x34, 0x26, 0x23, 0x22,
    0x06, 0x15, 0x14, 0x16, 0x37, 0x32, 0x16, 0x15, 0x14, 0x06, 0x23, 0x22, 0x26, 0x35, 0x34, 0x36,
    0x01, 0x2E, 0x01, 0x07, 0x0E, 0x01, 0x23, 0x22, 0x26, 0x27, 0x26, 0x06, 0x07, 0x0E, 0x01, 0x1D,
    0x01, 0x14, 0x16, 0x33, 0x21, 0x32, 0x36, 0x3D, 0x01, 0x34, 0x26, 0x07, 0x21, 0x35, 0x34, 0x36,
    0x37, 0x1E, 0x01, 0x33, 0x32, 0x36, 0x37, 0x1E, 0x01, 0x15, 0x13, 0x23, 0x22, 0x06, 0x07, 0x1E,
    0x01, 0x17, 0x3E, 0x01, 0x3B, 0x01, 0x32, 0x16, 0x15, 0x14, 0x16, 0x33, 0x32, 0x36, 0x35, 0x34,
    0x26, 0x21, 0x32, 0x37, 0x3E, 0x01, 0x37, 0x36, 0x35, 0x34, 0x27, 0x2E, 0x01, 0x27, 0x26, 0x23,
    0x22, 0x07, 0x0E, 0x01, 0x07, 0x06, 0x15, 0x14, 0x17, 0x1E, 0x01, 0x17, 0x16, 0x13, 0x32, 0x16,
    0x15, 0x14, 0x06, 0x23, 0x22, 0x26, 0x35, 0x34, 0x36, 0x01, 0x2E, 0x01, 0x2B, 0x01, 0x22, 0x06,
    0x15, 0x14, 0x16, 0x33, 0x32, 0x36, 0x35, 0x34, 0x36, 0x3B, 0x01, 0x32, 0x16, 0x17, 0x3E, 0x01,
    0x04, 0x40, 0x42, 0x5E, 0x5E, 0x42, 0x42, 0x5E, 0x5E, 0x42, 0x1A, 0x26, 0x26, 0x1A, 0x1A, 0x26,
    0x26, 0xFC, 0x9A, 0x42, 0x5E, 0x5E, 0x42, 0x42, 0x5E, 0x5E, 0x42, 0x1A, 0x26, 0x26, 0x1A, 0x1A,
    0x26, 0x26, 0x03, 0x33, 0x29, 0x90, 0x47, 0x15, 0x2D, 0x17, 0x18, 0x2C, 0x16, 0x46, 0x90, 0x29,
    0x13, 0x14, 0x38, 0x28, 0x02, 0x40, 0x27, 0x39, 0x15, 0x4B, 0xFD, 0xC0, 0x4C, 0x37, 0x26, 0x4F,
    0x28, 0x28, 0x4F, 0x26, 0x36, 0x4D, 0xB8, 0x30, 0x1A, 0x2F, 0x15, 0x14, 0x23, 0x0E, 0x06, 0x0C,
    0x07, 0x30, 0x1D, 0x2B, 0x1C, 0x14, 0x14, 0x1C, 0x63, 0xFD, 0xE3, 0x2E, 0x29, 0x29, 0x3D, 0x11,
    0x12, 0x12, 0x11, 0x3D, 0x29, 0x29, 0x2E, 0x2E, 0x29, 0x29, 0x3D, 0x11, 0x12, 0x12, 0x11, 0x3D,
    0x29, 0x29, 0x2E, 0x35, 0x4B, 0x4B, 0x35, 0x35, 0x4B, 0x4B, 0xFE, 0xEB, 0x14, 0x30, 0x1A, 0x30,
    0x45, 0x63, 0x1C, 0x14, 0x14, 0x1C, 0x2A, 0x1E, 0x30, 0x07, 0x0C, 0x06, 0x0E, 0x22, 0x02, 0x00,
    0x5E, 0x42, 0x42, 0x5E, 0x5E, 0x42, 0x42, 0x5E, 0xE0, 0x26, 0x1A, 0x1A, 0x26, 0x26, 0x1A, 0x1A,
    0x26, 0xE0, 0x5E, 0x42, 0x42, 0x5E, 0x5E, 0x42, 0x42, 0x5E, 0xE0, 0x26, 0x1A, 0x1A, 0x26, 0x26,
    0x1A, 0x1A, 0x26, 0xFE, 0x5A, 0x3D, 0x2C, 0x15, 0x07, 0x07, 0x07, 0x07, 0x15, 0x2B, 0x3E, 0x1B,
    0x42, 0x23, 0x5A, 0x28, 0x38, 0x38, 0x28, 0x5A, 0x23, 0x42, 0xBF, 0x5A, 0x36, 0x4E, 0x02, 0x10,
    0x10, 0x10, 0x10, 0x01, 0x4F, 0x36, 0x01, 0x06, 0x0F, 0x0E, 0x0F, 0x24, 0x15, 0x02, 0x03, 0x2A,
    0x1E, 0x14, 0x1C, 0x1C, 0x14, 0x45, 0x63, 0x12, 0x11, 0x3D, 0x29, 0x29, 0x2E, 0x2E, 0x29, 0x29,
    0x3D, 0x11, 0x12, 0x12, 0x11, 0x3D, 0x29, 0x29, 0x2E, 0x2E, 0x29, 0x29, 0x3D, 0x11, 0x12, 0x01,
    0x60, 0x4B, 0x35, 0x35, 0x4B, 0x4B, 0x35, 0x35, 0x4B, 0xFE, 0x83, 0x0E, 0x0F, 0x63, 0x45, 0x14,
    0x1C, 0x1C, 0x14, 0x1E, 0x2A, 0x03, 0x02, 0x15, 0x24, 0x00, 0x00, 0x00, 0x00, 0x02, 0x00, 0x00,
    0xFF, 0xC0, 0x03, 0xE0, 0x03, 0xC0, 0x00, 0x1F, 0x00, 0x2F, 0x00, 0x00, 0x05, 0x16, 0x32, 0x37,
    0x36, 0x37, 0x3E, 0x01, 0x37, 0x36, 0x35, 0x34, 0x26, 0x27, 0x25, 0x2E, 0x01, 0x23, 0x22, 0x06,
    0x07, 0x35, 0x05, 0x0E, 0x01, 0x15, 0x14, 0x17, 0x1E, 0x01, 0x17, 0x16, 0x13, 0x05, 0x14, 0x07,
    0x0E, 0x01, 0x07, 0x06, 0x07, 0x26, 0x27, 0x2E, 0x01, 0x27, 0x26, 0x35, 0x01, 0xDB, 0x12, 0x26,
    0x12, 0x40, 0x4D, 0x4E, 0x86, 0x2D, 0x2D, 0x20, 0x1B, 0xFE, 0x80, 0x08, 0x13, 0x0A, 0x0A, 0x13,
    0x08, 0xFE, 0x80, 0x1B, 0x20, 0x27, 0x27, 0x7E, 0x4F, 0x50, 0x75, 0x01, 0x80, 0x22, 0x21, 0x6D,
    0x45, 0x45, 0x46, 0x49, 0x45, 0x45, 0x6C, 0x20, 0x21, 0x39, 0x07, 0x07, 0x1B, 0x3C, 0x3C, 0xBD,
    0x81, 0x82, 0xA6, 0x1D, 0x30, 0x0C, 0xA0, 0x03, 0x04, 0x04, 0x04, 0x01, 0xA0, 0x0B, 0x31, 0x1D,
    0x95, 0x7D, 0x7D, 0xC2, 0x43, 0x43, 0x03, 0x77, 0xA0, 0x82, 0x6F, 0x6E, 0xAC, 0x3C, 0x3C, 0x1D,
    0x1E, 0x3E, 0x3D, 0xAD, 0x6E, 0x6D, 0x7F, 0x00, 0x00, 0x03, 0x00, 0x00, 0xFF, 0xC0, 0x03, 0x00,
    0x03, 0xC0, 0x00, 0x3D, 0x00, 0x4C, 0x00, 0x5B, 0x00, 0x00, 0x01, 0x33, 0x32, 0x36, 0x3D, 0x01,
    0x34, 0x26, 0x23, 0x21, 0x22, 0x06, 0x1D, 0x01, 0x14, 0x16, 0x3B, 0x01, 0x14, 0x17, 0x1E, 0x01,
    0x17, 0x16, 0x17, 0x06, 0x07, 0x0E, 0x01, 0x07, 0x06, 0x15, 0x23, 0x22, 0x06, 0x1D, 0x01, 0x14,
    0x16, 0x33, 0x21, 0x32, 0x36, 0x3D, 0x01, 0x34, 0x26, 0x2B, 0x01, 0x34, 0x27, 0x2E, 0x01, 0x27,
    0x26, 0x27, 0x36, 0x37, 0x3E, 0x01, 0x37, 0x36, 0x25, 0x21, 0x14, 0x07, 0x0E, 0x01, 0x07, 0x06,
    0x23, 0x22, 0x27, 0x2E, 0x01, 0x27, 0x26, 0x01, 0x21, 0x34, 0x37, 0x3E, 0x01, 0x37, 0x36, 0x33,
    0x32, 0x17, 0x1E, 0x01, 0x17, 0x16, 0x02, 0xE0, 0x08, 0x0A, 0x0E, 0x0E, 0x0A, 0xFD, 0x30, 0x0A,
    0x0E, 0x0E, 0x0A, 0x08, 0x0C, 0x0C, 0x31, 0x24, 0x25, 0x30, 0x31, 0x24, 0x25, 0x30, 0x0C, 0x0C,
    0x08, 0x0A, 0x0E, 0x0E, 0x0A, 0x02, 0xD0, 0x0A, 0x0E, 0x0E, 0x0A, 0x08, 0x0C, 0x0C, 0x31, 0x24,
    0x25, 0x30, 0x31, 0x24, 0x25, 0x30, 0x0C, 0x0C, 0xFD, 0xA0, 0x02, 0x00, 0x14, 0x14, 0x46, 0x2E,
    0x2F, 0x35, 0x35, 0x2F, 0x2E, 0x46, 0x14, 0x14, 0x02, 0x00, 0xFE, 0x00, 0x14, 0x14, 0x46, 0x2E,
    0x2F, 0x35, 0x35, 0x2F, 0x2E, 0x46, 0x14, 0x14, 0x03, 0x60, 0x0E, 0x0A, 0x30, 0x0A, 0x0E, 0x0E,
    0x0A, 0x30, 0x0A, 0x0E, 0x3C, 0x3D, 0x3D, 0x6E, 0x2E, 0x2E, 0x20, 0x20, 0x2E, 0x2F, 0x6E, 0x3C,
    0x3D, 0x3C, 0x0E, 0x0A, 0x30, 0x0A, 0x0E, 0x0E, 0x0A, 0x30, 0x0A, 0x0E, 0x3C, 0x3D, 0x3D, 0x6E,
    0x2E, 0x2E, 0x20, 0x20, 0x2E, 0x2F, 0x6E, 0x3C, 0x3D, 0x3C, 0x4C, 0x43, 0x43, 0x64, 0x1D, 0x1D,
    0x1D, 0x1D, 0x64, 0x43, 0x43, 0xFD, 0x0C, 0x4C, 0x43, 0x43, 0x64, 0x1D, 0x1D, 0x1D, 0x1D, 0x64,
    0x43, 0x43, 0x00, 0x00, 0x00, 0x01, 0x00, 0x00, 0xFF, 0xC0, 0x03, 0x00, 0x03, 0xC0, 0x00, 0x0F,
    0x00, 0x00, 0x01, 0x21, 0x22, 0x06, 0x1D, 0x01, 0x14, 0x16, 0x33, 0x21, 0x32, 0x36, 0x3D, 0x01,
    0x34, 0x26, 0x02, 0xE0, 0xFD, 0x40, 0x0D, 0x13, 0x13, 0x0D, 0x02, 0xC0, 0x0D, 0x13, 0x13, 0x02,
    0x00, 0x13, 0x0D, 0x40, 0x0D, 0x13, 0x13, 0x0D, 0x40, 0x0D, 0x13, 0x00, 0x00, 0x03, 0x00, 0x00,
    0xFF, 0xC0, 0x01, 0xE0, 0x03, 0xC0, 0x00, 0x0F, 0x00, 0x1B, 0x00, 0x40, 0x00, 0x00, 0x01, 0x32,
    0x16, 0x15, 0x03, 0x14, 0x06, 0x2B, 0x01, 0x22, 0x26, 0x35, 0x03, 0x34, 0x36, 0x33, 0x13, 0x32,
    0x16, 0x15, 0x14, 0x06, 0x23, 0x22, 0x26, 0x35, 0x34, 0x36, 0x13, 0x23, 0x22, 0x06, 0x17, 0x13,
    0x1E, 0x01, 0x17, 0x0E, 0x01, 0x15, 0x14, 0x17, 0x1E, 0x01, 0x17, 0x16, 0x33, 0x32, 0x37, 0x3E,
    0x01, 0x37, 0x36, 0x35, 0x34, 0x26, 0x27, 0x3E, 0x01, 0x37, 0x35, 0x13, 0x36, 0x26, 0x23, 0x01,
    0x5C, 0x0A, 0x0E, 0x18, 0x0E, 0x0A, 0x88, 0x0A, 0x0E, 0x18, 0x0E, 0x0A, 0x5C, 0x35, 0x4B, 0x4B,
    0x35, 0x35, 0x4B, 0x4B, 0x91, 0xB8, 0x33, 0x47, 0x02, 0x18, 0x01, 0x0E, 0x0C, 0x1D, 0x22, 0x12,
    0x11, 0x3D, 0x29, 0x29, 0x2E, 0x2E, 0x29, 0x29, 0x3D, 0x11, 0x12, 0x22, 0x1D, 0x0C, 0x0E, 0x01,
    0x18, 0x02, 0x47, 0x33, 0x03, 0x60, 0x0F, 0x0A, 0xFE, 0x40, 0x0A, 0x0D, 0x0D, 0x0A, 0x01, 0xC0,
    0x0A, 0x0F, 0xFD, 0xC0, 0x4B, 0x35, 0x35, 0x4B, 0x4B, 0x35, 0x35, 0x4B, 0x02, 0xA0, 0x4B, 0x33,
    0xFE, 0x40, 0x14, 0x24, 0x0E, 0x1F, 0x50, 0x2D, 0x2E, 0x29, 0x29, 0x3D, 0x11, 0x12, 0x12, 0x11,
    0x3D, 0x29, 0x29, 0x2E, 0x2D, 0x50, 0x1F, 0x0E, 0x24, 0x13, 0x01, 0x01, 0xC0, 0x33, 0x4B, 0x00,
    0x00, 0x01, 0x00, 0x00, 0xFF, 0xC0, 0x03, 0xC2, 0x03, 0xC0, 0x00, 0x15, 0x00, 0x00, 0x09, 0x01,
    0x27, 0x26, 0x22, 0x0F, 0x01, 0x06, 0x14, 0x17, 0x01, 0x16, 0x32, 0x37, 0x01, 0x36, 0x34, 0x2F,
    0x01, 0x26, 0x22, 0x07, 0x03, 0x68, 0xFD, 0xF2, 0xC2, 0x07, 0x14, 0x07, 0x38, 0x07, 0x07, 0x01,
    0x0B, 0x07, 0x14, 0x07, 0x02, 0x57, 0x07, 0x07, 0x38, 0x07, 0x14, 0x07, 0x03, 0x19, 0xFD, 0xF2,
    0xC1, 0x07, 0x07, 0x38, 0x07, 0x14, 0x07, 0xFE, 0xF5, 0x07, 0x07, 0x02, 0x58, 0x07, 0x13, 0x07,
    0x39, 0x07, 0x07, 0x00, 0x00, 0x02, 0x00, 0x00, 0xFF, 0xC0, 0x03, 0xE0, 0x03, 0xC0, 0x00, 0x1B,
    0x00, 0x5B, 0x00, 0x00, 0x01, 0x22, 0x07, 0x0E, 0x01, 0x07, 0x06, 0x15, 0x14, 0x17, 0x1E, 0x01,
    0x17, 0x16, 0x33, 0x32, 0x37, 0x3E, 0x01, 0x37, 0x36, 0x35, 0x34, 0x27, 0x2E, 0x01, 0x27, 0x26,
    0x13, 0x06, 0x07, 0x0E, 0x01, 0x07, 0x06, 0x07, 0x0E, 0x01, 0x07, 0x06, 0x26, 0x27, 0x2E, 0x01,
    0x27, 0x26, 0x36, 0x37, 0x36, 0x37, 0x3E, 0x01, 0x37, 0x36, 0x37, 0x3C, 0x01, 0x27, 0x26, 0x22,
    0x07, 0x06, 0x07, 0x06, 0x27, 0x22, 0x26, 0x27, 0x2E, 0x01, 0x37, 0x36, 0x37, 0x36, 0x37, 0x3E,
    0x01, 0x33, 0x32, 0x16, 0x17, 0x1E, 0x01, 0x15, 0x31, 0x16, 0x14, 0x15, 0x1C, 0x01, 0x15, 0x35,
    0x01, 0xF0, 0x67, 0x5A, 0x5A, 0x87, 0x27, 0x27, 0x27, 0x27, 0x87, 0x5A, 0x5A, 0x67, 0x67, 0x5A,
    0x5A, 0x87, 0x27, 0x27, 0x27, 0x27, 0x87, 0x5A, 0x5A, 0x7F, 0x03, 0x07, 0x07, 0x10, 0x09, 0x08,
    0x06, 0x06, 0x12, 0x0A, 0x16, 0x24, 0x15, 0x21, 0x2E, 0x1F, 0x25, 0x1A, 0x15, 0x03, 0x15, 0x16,
    0x31, 0x15, 0x14, 0x01, 0x02, 0x03, 0x05, 0x03, 0x06, 0xCB, 0x1E, 0x18, 0x0D, 0x2D, 0x13, 0x17,
    0x20, 0x02, 0x01, 0x24, 0xD8, 0x49, 0x67, 0x44, 0x0E, 0x03, 0x0C, 0x04, 0x03, 0x04, 0x01, 0x03,
    0xB0, 0x27, 0x27, 0x87, 0x5A, 0x5A, 0x67, 0x67, 0x5A, 0x5A, 0x87, 0x27, 0x27, 0x27, 0x27, 0x87,
    0x5A, 0x5A, 0x67, 0x67, 0x5A, 0x5A, 0x87, 0x27, 0x27, 0xFE, 0xAF, 0x1E, 0x2F, 0x2F, 0x66, 0x31,
    0x31, 0x21, 0x1C, 0x16, 0x01, 0x02, 0x1A, 0x0E, 0x15, 0x20, 0x15, 0x18, 0x21, 0x16, 0x03, 0x13,
    0x14, 0x2F, 0x14, 0x14, 0x04, 0x01, 0x06, 0x02, 0x02, 0x01, 0x01, 0x89, 0x15, 0x01, 0x0C, 0x06,
    0x08, 0x0C, 0x0D, 0x0D, 0x0E, 0x5F, 0x1E, 0x2B, 0x18, 0x02, 0x03, 0x03, 0x07, 0x04, 0x03, 0x07,
    0x03, 0x02, 0x03, 0x02, 0x01, 0x00, 0x00, 0x00, 0x00, 0x01, 0x00, 0x00, 0xFF, 0xC0, 0x04, 0x58,
    0x03, 0xC0, 0x00, 0x60, 0x00, 0x00, 0x01, 0x36, 0x26, 0x2B, 0x01, 0x22, 0x06, 0x07, 0x30, 0x07,
    0x0E, 0x01, 0x07, 0x06, 0x07, 0x0E, 0x01, 0x23, 0x22, 0x26, 0x3D, 0x01, 0x34, 0x26, 0x2B, 0x01,
    0x22, 0x06, 0x15, 0x14, 0x16, 0x17, 0x15, 0x14, 0x06, 0x23, 0x22, 0x27, 0x2E, 0x01, 0x27, 0x26,
    0x27, 0x2E, 0x01, 0x2B, 0x01, 0x22, 0x06, 0x15, 0x14, 0x17, 0x1E, 0x01, 0x17, 0x16, 0x17, 0x16,
    0x17, 0x1E, 0x01, 0x17, 0x16, 0x33, 0x32, 0x36, 0x35, 0x34, 0x36, 0x33, 0x32, 0x16, 0x17, 0x1E,
    0x01, 0x3B, 0x01, 0x32, 0x36, 0x27, 0x26, 0x27, 0x2E, 0x01, 0x27, 0x26, 0x27, 0x26, 0x36, 0x37,
    0x30, 0x37, 0x3E, 0x01, 0x37, 0x36, 0x37, 0x04, 0x42, 0x06, 0x0F, 0x1B, 0x75, 0x17, 0x17, 0x06,
    0x0A, 0x0B, 0x26, 0x1B, 0x1B, 0x1F, 0x15, 0x17, 0x0B, 0x06, 0x0D, 0x0F, 0x12, 0xBA, 0x0E, 0x10,
    0x2C, 0x03, 0x0A, 0x0C, 0x0F, 0x18, 0x18, 0x37, 0x1B, 0x1C, 0x15, 0x09, 0x16, 0x17, 0x75, 0x1A,
    0x0F, 0x09, 0x08, 0x2B, 0x24, 0x24, 0x36, 0x25, 0x2B, 0x2B, 0x5D, 0x31, 0x30, 0x2F, 0x38, 0x1C,
    0x03, 0x1C, 0x0D, 0x34, 0x34, 0x3C, 0x2D, 0x21, 0x76, 0x19, 0x17, 0x07, 0x09, 0x1C, 0x1C, 0x3E,
    0x1A, 0x19, 0x03, 0x0D, 0x04, 0x09, 0x17, 0x17, 0x38, 0x1A, 0x19, 0x06, 0x02, 0xD5, 0x12, 0x19,
    0x14, 0x0D, 0x19, 0x18, 0x49, 0x2A, 0x2A, 0x23, 0x15, 0x10, 0x0F, 0x13, 0xEA, 0x16, 0x15, 0x11,
    0x0A, 0x15, 0x22, 0x3C, 0xAE, 0x1C, 0x11, 0x1A, 0x1A, 0x56, 0x39, 0x39, 0x3F, 0x19, 0x15, 0x14,
    0x0D, 0x0C, 0x22, 0x22, 0x66, 0x42, 0x43, 0x4C, 0x35, 0x28, 0x28, 0x37, 0x0E, 0x0E, 0x18, 0x16,
    0x64, 0x2E, 0x1A, 0x32, 0x3C, 0x38, 0x19, 0x19, 0x1A, 0x25, 0x25, 0x44, 0x1A, 0x19, 0x04, 0x11,
    0x14, 0x0F, 0x21, 0x21, 0x59, 0x2D, 0x2E, 0x1A, 0x00, 0x03, 0x00, 0x00, 0xFF, 0xC0, 0x04, 0xC9,
    0x03, 0xC0, 0x00, 0xA8, 0x00, 0xB5, 0x00, 0xC1, 0x00, 0x00, 0x01, 0x34, 0x26, 0x39, 0x01, 0x2E,
    0x01, 0x2F, 0x01, 0x38, 0x01, 0x23, 0x22, 0x06, 0x07, 0x31, 0x0E, 0x01, 0x0F, 0x01, 0x2E, 0x01,
    0x23, 0x22, 0x06, 0x07, 0x37, 0x2E, 0x01, 0x27, 0x17, 0x34, 0x26, 0x23, 0x38, 0x01, 0x39, 0x01,
    0x0E, 0x01, 0x07, 0x37, 0x30, 0x06, 0x15, 0x31, 0x06, 0x07, 0x0E, 0x01, 0x07, 0x06, 0x17, 0x14,
    0x16, 0x39, 0x01, 0x16, 0x17, 0x1E, 0x01, 0x17, 0x16, 0x1F, 0x01, 0x30, 0x32, 0x31, 0x32, 0x36,
    0x35, 0x31, 0x3E, 0x01, 0x3F, 0x01, 0x34, 0x32, 0x35, 0x34, 0x26, 0x23, 0x31, 0x2E, 0x01, 0x27,
    0x17, 0x34, 0x26, 0x35, 0x3C, 0x01, 0x33, 0x31, 0x3E, 0x01, 0x37, 0x3A, 0x01, 0x33, 0x30, 0x32,
    0x39, 0x01, 0x16, 0x17, 0x16, 0x32, 0x37, 0x36, 0x37, 0x30, 0x32, 0x33, 0x30, 0x32, 0x33, 0x31,
    0x1E, 0x01, 0x17, 0x32, 0x16, 0x15, 0x14, 0x06, 0x07, 0x31, 0x0E, 0x01, 0x0F, 0x01, 0x22, 0x06,
    0x15, 0x14, 0x30, 0x15, 0x31, 0x1E, 0x01, 0x17, 0x27, 0x1E, 0x01, 0x33, 0x30, 0x32, 0x39, 0x01,
    0x36, 0x37, 0x3E, 0x01, 0x37, 0x36, 0x37, 0x07, 0x32, 0x36, 0x35, 0x31, 0x36, 0x27, 0x2E, 0x01,
    0x27, 0x26, 0x27, 0x01, 0x22, 0x26, 0x35, 0x34, 0x36, 0x33, 0x32, 0x16, 0x15, 0x14, 0x06, 0x23,
    0x21, 0x22, 0x26, 0x35, 0x34, 0x36, 0x33, 0x32, 0x16, 0x07, 0x14, 0x06, 0x04, 0x19, 0x01, 0x34,
    0x77, 0x3F, 0x06, 0x01, 0x01, 0x01, 0x01, 0x07, 0x0E, 0x07, 0x01, 0x1F, 0x44, 0x24, 0x23, 0x46,
    0x22, 0x05, 0x08, 0x10, 0x08, 0x01, 0x02, 0x01, 0x44, 0x79, 0x39, 0x06, 0x01, 0x3A, 0x25, 0x25,
    0x28, 0x05, 0x05, 0x08, 0x01, 0x20, 0x22, 0x22, 0x48, 0x26, 0x26, 0x27, 0x07, 0x01, 0x01, 0x02,
    0x10, 0x1D, 0x0D, 0x02, 0x01, 0x02, 0x01, 0x1B, 0x2E, 0x16, 0x03, 0x01, 0x01, 0x05, 0x09, 0x04,
    0x01, 0x01, 0x01, 0x01, 0x48, 0x4B, 0x4B, 0x95, 0x4B, 0x4A, 0x47, 0x01, 0x01, 0x01, 0x01, 0x04,
    0x0A, 0x04, 0x01, 0x01, 0x01, 0x01, 0x14, 0x2C, 0x18, 0x04, 0x01, 0x01, 0x0F, 0x1E, 0x11, 0x02,
    0x01, 0x01, 0x01, 0x01, 0x2A, 0x28, 0x27, 0x4A, 0x23, 0x22, 0x21, 0x03, 0x01, 0x01, 0x09, 0x07,
    0x08, 0x2C, 0x25, 0x25, 0x32, 0xFD, 0xA4, 0x2B, 0x3F, 0x3E, 0x2C, 0x2C, 0x3E, 0x3E, 0x2C, 0x01,
    0x87, 0x2C, 0x3E, 0x3E, 0x2C, 0x2C, 0x3E, 0x01, 0x3D, 0x03, 0x34, 0x01, 0x01, 0x18, 0x26, 0x0B,
    0x01, 0x01, 0x01, 0x0C, 0x1D, 0x10, 0x04, 0x05, 0x05, 0x05, 0x06, 0x01, 0x12, 0x20, 0x0E, 0x03,
    0x01, 0x01, 0x0C, 0x26, 0x1B, 0x03, 0x01, 0x01, 0x55, 0x54, 0x55, 0xA7, 0x53, 0x52, 0x53, 0x01,
    0x01, 0x18, 0x15, 0x15, 0x25, 0x10, 0x10, 0x0C, 0x02, 0x01, 0x01, 0x15, 0x2F, 0x19, 0x04, 0x01,
    0x01, 0x01, 0x02, 0x0B, 0x16, 0x0D, 0x02, 0x01, 0x01, 0x01, 0x01, 0x02, 0x04, 0x07, 0x04, 0x21,
    0x10, 0x11, 0x11, 0x10, 0x21, 0x04, 0x07, 0x04, 0x02, 0x01, 0x01, 0x01, 0x01, 0x0C, 0x15, 0x09,
    0x02, 0x02, 0x01, 0x01, 0x01, 0x1C, 0x31, 0x17, 0x03, 0x01, 0x01, 0x0D, 0x10, 0x10, 0x26, 0x16,
    0x15, 0x18, 0x01, 0x01, 0x01, 0x5F, 0x59, 0x59, 0xA7, 0x4E, 0x4E, 0x49, 0xFD, 0xE9, 0x45, 0x31,
    0x31, 0x46, 0x46, 0x31, 0x31, 0x45, 0x45, 0x31, 0x31, 0x46, 0x46, 0x31, 0x31, 0x45, 0x00, 0x00,
    0x00, 0x01, 0x00, 0x00, 0xFF, 0xC0, 0x03, 0x00, 0x03, 0xC0, 0x00, 0x23, 0x00, 0x00, 0x01, 0x21,
    0x11, 0x34, 0x26, 0x2B, 0x01, 0x22, 0x06, 0x15, 0x11, 0x21, 0x22, 0x06, 0x1D, 0x01, 0x14, 0x16,
    0x33, 0x21, 0x11, 0x14, 0x16, 0x3B, 0x01, 0x32, 0x36, 0x35, 0x11, 0x21, 0x32, 0x36, 0x3D, 0x01,
    0x34, 0x26, 0x02, 0xE0, 0xFE, 0xE0, 0x13, 0x0D, 0x40, 0x0D, 0x13, 0xFE, 0xE0, 0x0D, 0x13, 0x13,
    0x0D, 0x01, 0x20, 0x13, 0x0D, 0x40, 0x0D, 0x13, 0x01, 0x20, 0x0D, 0x13, 0x13, 0x02, 0x00, 0x01,
    0x20, 0x0D, 0x13, 0x13, 0x0D, 0xFE, 0xE0, 0x13, 0x0D, 0x40, 0x0D, 0x13, 0xFE, 0xE0, 0x0D, 0x13,
    0x13, 0x0D, 0x01, 0x20, 0x13, 0x0D, 0x40, 0x0D, 0x13, 0x00, 0x00, 0x00, 0x00, 0x02, 0x00, 0x00,
    0xFF, 0xC0, 0x03, 0xF9, 0x03, 0xC0, 0x00, 0x1F, 0x00, 0x3D, 0x00, 0x00, 0x13, 0x33, 0x32, 0x16,
    0x1D, 0x01, 0x14, 0x06, 0x2B, 0x01, 0x22, 0x06, 0x15, 0x11, 0x14, 0x16, 0x3B, 0x01, 0x32, 0x16,
    0x1D, 0x01, 0x14, 0x06, 0x2B, 0x01, 0x22, 0x26, 0x35, 0x11, 0x34, 0x36, 0x05, 0x07, 0x06, 0x14,
    0x1F, 0x01, 0x21, 0x22, 0x06, 0x1D, 0x01, 0x14, 0x16, 0x33, 0x21, 0x07, 0x06, 0x14, 0x1F, 0x01,
    0x16, 0x32, 0x37, 0x01, 0x36, 0x34, 0x27, 0x01, 0x26, 0x22, 0xC0, 0xA8, 0x0A, 0x0E, 0x0E, 0x0A,
    0xA8, 0x28, 0x38, 0x38, 0x28, 0xA8, 0x0A, 0x0E, 0x0E, 0x0A, 0xA8, 0x4F, 0x71, 0x70, 0x02, 0x1E,
    0x27, 0x07, 0x07, 0xE3, 0xFE, 0x0E, 0x0A, 0x0E, 0x0E, 0x0A, 0x01, 0xF2, 0xE3, 0x07, 0x07, 0x27,
    0x07, 0x14, 0x07, 0x01, 0x49, 0x07, 0x07, 0xFE, 0xB7, 0x07, 0x14, 0x03, 0x40, 0x0E, 0x0A, 0x30,
    0x0A, 0x0E, 0x38, 0x28, 0xFE, 0x80, 0x28, 0x38, 0x0E, 0x0A, 0x30, 0x0A, 0x0E, 0x70, 0x50, 0x01,
    0x80, 0x4F, 0x71, 0x27, 0x27, 0x07, 0x14, 0x07, 0xDC, 0x0E, 0x0A, 0x38, 0x0A, 0x0E, 0xDB, 0x07,
    0x15, 0x07, 0x27, 0x07, 0x07, 0x01, 0x48, 0x07, 0x14, 0x07, 0x01, 0x48, 0x07, 0x00, 0x00, 0x00,
    0x00, 0x03, 0x00, 0x00, 0xFF, 0xC0, 0x03, 0xE0, 0x03, 0xC0, 0x00, 0x08, 0x00, 0x28, 0x00, 0x38,
    0x00, 0x00, 0x25, 0x11, 0x05, 0x16, 0x17, 0x1E, 0x01, 0x17, 0x16, 0x01, 0x25, 0x2E, 0x01, 0x23,
    0x22, 0x06, 0x07, 0x35, 0x05, 0x0E, 0x01, 0x15, 0x14, 0x17, 0x1E, 0x01, 0x17, 0x16, 0x17, 0x16,
    0x32, 0x37, 0x36, 0x37, 0x3E, 0x01, 0x37, 0x36, 0x35, 0x34, 0x26, 0x01, 0x26, 0x27, 0x2E, 0x01,
    0x27, 0x26, 0x35, 0x25, 0x05, 0x14, 0x07, 0x0E, 0x01, 0x07, 0x06, 0x02, 0x00, 0xFE, 0xE2, 0x06,
    0x18, 0x18, 0x4B, 0x31, 0x32, 0x01, 0xDF, 0xFE, 0x80, 0x08, 0x13, 0x0A, 0x0A, 0x13, 0x08, 0xFE,
    0x80, 0x1B, 0x20, 0x27, 0x27, 0x7E, 0x4F, 0x50, 0x50, 0x12, 0x26, 0x12, 0x40, 0x4D, 0x4E, 0x86,
    0x2D, 0x2D, 0x20, 0xFE, 0x40, 0x49, 0x45, 0x45, 0x6C, 0x20, 0x21, 0x01, 0x80, 0x01, 0x80, 0x22,
    0x21, 0x6D, 0x45, 0x45, 0x8D, 0x02, 0x6B, 0x77, 0x57, 0x4C, 0x4C, 0x7E, 0x32, 0x32, 0x02, 0x69,
    0xA0, 0x03, 0x04, 0x04, 0x04, 0x01, 0xA0, 0x0B, 0x31, 0x1D, 0x95, 0x7D, 0x7D, 0xC2, 0x43, 0x43,
    0x22, 0x07, 0x07, 0x1B, 0x3C, 0x3C, 0xBD, 0x81, 0x82, 0xA6, 0x1D, 0x30, 0xFD, 0x13, 0x1E, 0x3E,
    0x3D, 0xAD, 0x6E, 0x6D, 0x7F, 0xA0, 0xA0, 0x82, 0x6F, 0x6E, 0xAC, 0x3C, 0x3C, 0x00, 0x00, 0x00,
    0x00, 0x02, 0x00, 0x00, 0xFF, 0xC0, 0x02, 0x61, 0x03, 0xC0, 0x00, 0x62, 0x00, 0x8F, 0x00, 0x00,
    0x01, 0x3F, 0x01, 0x27, 0x26, 0x27, 0x26, 0x27, 0x26, 0x27, 0x26, 0x27, 0x06, 0x07, 0x06, 0x17,
    0x16, 0x17, 0x16, 0x07, 0x06, 0x27, 0x26, 0x2F, 0x02, 0x26, 0x27, 0x26, 0x27, 0x26, 0x27, 0x26,
    0x27, 0x26, 0x27, 0x26, 0x27, 0x06, 0x07, 0x06, 0x15, 0x06, 0x17, 0x16, 0x1F, 0x01, 0x16, 0x17,
    0x16, 0x15, 0x16, 0x0F, 0x01, 0x2F, 0x01, 0x26, 0x27, 0x26, 0x2F, 0x01, 0x16, 0x15, 0x14, 0x0F,
    0x01, 0x06, 0x17, 0x14, 0x1F, 0x01, 0x37, 0x23, 0x3F, 0x01, 0x17, 0x32, 0x17, 0x16, 0x17, 0x16,
    0x1F, 0x02, 0x0F, 0x02, 0x36, 0x37, 0x36, 0x3F, 0x01, 0x36, 0x37, 0x36, 0x27, 0x26, 0x27, 0x26,
    0x0F, 0x02, 0x06, 0x07, 0x06, 0x07, 0x06, 0x07, 0x06, 0x07, 0x03, 0x07, 0x06, 0x27, 0x26, 0x27,
    0x26, 0x27, 0x26, 0x27, 0x26, 0x27, 0x26, 0x27, 0x26, 0x37, 0x13, 0x36, 0x37, 0x36, 0x3F, 0x03,
    0x35, 0x23, 0x37, 0x17, 0x16, 0x17, 0x16, 0x1F, 0x02, 0x02, 0x4E, 0x0B, 0x08, 0x01, 0x02, 0x07,
    0x08, 0x0B, 0x09, 0x08, 0x05, 0x03, 0x08, 0x02, 0x01, 0x07, 0x07, 0x01, 0x02, 0x02, 0x02, 0x03,
    0x03, 0x03, 0x0C, 0x08, 0x02, 0x04, 0x04, 0x08, 0x0F, 0x0E, 0x0D, 0x03, 0x09, 0x04, 0x04, 0x02,
    0x06, 0x01, 0x03, 0x01, 0x02, 0x02, 0x02, 0x17, 0x03, 0x04, 0x04, 0x03, 0x01, 0x0F, 0x01, 0x04,
    0x03, 0x05, 0x04, 0x07, 0x0C, 0x04, 0x04, 0x0C, 0x03, 0x01, 0x05, 0x0D, 0x17, 0x04, 0x0A, 0x22,
    0x16, 0x01, 0x0C, 0x03, 0x04, 0x04, 0x03, 0x19, 0x07, 0x24, 0x05, 0x09, 0x07, 0x0C, 0x0A, 0x04,
    0x22, 0x04, 0x02, 0x01, 0x03, 0x03, 0x02, 0x01, 0x38, 0x05, 0x44, 0x03, 0x01, 0x03, 0x03, 0x02,
    0x06, 0x05, 0x09, 0xB6, 0x0A, 0x0E, 0x0E, 0x0F, 0x10, 0x10, 0x0D, 0x11, 0x0A, 0x0B, 0x0A, 0x06,
    0x04, 0x03, 0x02, 0xB6, 0x08, 0x10, 0x13, 0x14, 0x1F, 0x13, 0x53, 0x01, 0x1F, 0x0F, 0x04, 0x08,
    0x08, 0x05, 0x16, 0x05, 0x02, 0x86, 0x11, 0x19, 0x15, 0x0C, 0x0A, 0x0C, 0x09, 0x09, 0x0A, 0x05,
    0x08, 0x0D, 0x0B, 0x0C, 0x0A, 0x0C, 0x04, 0x06, 0x02, 0x02, 0x01, 0x01, 0x05, 0x10, 0x16, 0x07,
    0x04, 0x04, 0x02, 0x05, 0x06, 0x05, 0x03, 0x09, 0x0A, 0x09, 0x0B, 0x06, 0x0A, 0x0A, 0x13, 0x0D,
    0x0F, 0x0D, 0x03, 0x1D, 0x04, 0x07, 0x07, 0x01, 0x0A, 0x04, 0x22, 0x0B, 0x1C, 0x07, 0x07, 0x06,
    0x03, 0x05, 0x0C, 0x0B, 0x0A, 0x07, 0x17, 0x0A, 0x0A, 0x0B, 0x0F, 0x1B, 0x1C, 0x0E, 0x2F, 0x02,
    0x05, 0x02, 0x03, 0x03, 0x01, 0x18, 0x12, 0x32, 0x01, 0x10, 0x01, 0x06, 0x06, 0x05, 0x28, 0x07,
    0x09, 0x07, 0x05, 0x02, 0x08, 0x04, 0x4B, 0x01, 0x6F, 0x05, 0x0C, 0x0D, 0x1C, 0x15, 0x16, 0x11,
    0x0E, 0xFF, 0x00, 0x03, 0x02, 0x04, 0x04, 0x08, 0x08, 0x0A, 0x0C, 0x0A, 0x0B, 0x0F, 0x0A, 0x0B,
    0x08, 0x07, 0x01, 0x00, 0x0D, 0x0A, 0x0D, 0x09, 0x0F, 0x0C, 0x65, 0x06, 0x2B, 0x01, 0x01, 0x04,
    0x06, 0x03, 0x13, 0x0E, 0x00, 0x01, 0x00, 0x00, 0xFF, 0xC0, 0x02, 0x72, 0x03, 0xC0, 0x00, 0xE0,
    0x00, 0x00, 0x01, 0x31, 0x26, 0x27, 0x26, 0x27, 0x26, 0x27, 0x26, 0x27, 0x26, 0x27, 0x26, 0x27,
    0x26, 0x37, 0x36, 0x35, 0x34, 0x27, 0x26, 0x27, 0x23, 0x22, 0x15, 0x14, 0x17, 0x14, 0x07, 0x14,
    0x27, 0x23, 0x22, 0x07, 0x06, 0x23, 0x22, 0x07, 0x06, 0x07, 0x14, 0x07, 0x06, 0x15, 0x06, 0x07,
    0x06, 0x0F, 0x01, 0x14, 0x17, 0x16, 0x17, 0x16, 0x37, 0x33, 0x14, 0x07, 0x06, 0x33, 0x32, 0x15,
    0x14, 0x07, 0x06, 0x27, 0x26, 0x07, 0x06, 0x07, 0x06, 0x07, 0x06, 0x07, 0x06, 0x07, 0x06, 0x07,
    0x06, 0x07, 0x06, 0x17, 0x16, 0x17, 0x16, 0x17, 0x16, 0x17, 0x16, 0x1F, 0x01, 0x16, 0x17, 0x16,
    0x17, 0x16, 0x17, 0x16, 0x1F, 0x01, 0x16, 0x37, 0x36, 0x37, 0x36, 0x37, 0x36, 0x37, 0x36, 0x37,
    0x36, 0x37, 0x36, 0x27, 0x26, 0x27, 0x26, 0x27, 0x26, 0x27, 0x26, 0x27, 0x26, 0x27, 0x26, 0x27,
    0x22, 0x27, 0x26, 0x27, 0x22, 0x27, 0x22, 0x27, 0x26, 0x37, 0x36, 0x35, 0x34, 0x27, 0x26, 0x37,
    0x36, 0x17, 0x16, 0x33, 0x16, 0x37, 0x36, 0x17, 0x16, 0x17, 0x16, 0x17, 0x16, 0x17, 0x16, 0x17,
    0x16, 0x17, 0x16, 0x17, 0x16, 0x17, 0x16, 0x17, 0x16, 0x17, 0x14, 0x17, 0x16, 0x17, 0x16, 0x17,
    0x16, 0x17, 0x16, 0x15, 0x16, 0x15, 0x06, 0x15, 0x14, 0x17, 0x16, 0x07, 0x06, 0x07, 0x06, 0x17,
    0x16, 0x33, 0x16, 0x37, 0x36, 0x37, 0x36, 0x37, 0x36, 0x27, 0x26, 0x35, 0x34, 0x27, 0x26, 0x37,
    0x36, 0x27, 0x26, 0x27, 0x26, 0x27, 0x26, 0x27, 0x26, 0x27, 0x26, 0x27, 0x26, 0x27, 0x26, 0x27,
    0x26, 0x27, 0x26, 0x01, 0xFD, 0x0F, 0x04, 0x04, 0x0B, 0x05, 0x01, 0x01, 0x07, 0x03, 0x02, 0x03,
    0x02, 0x03, 0x02, 0x02, 0x03, 0x05, 0x07, 0x0B, 0x08, 0x01, 0x01, 0x12, 0x7B, 0x09, 0x04, 0x05,
    0x09, 0x05, 0x08, 0x06, 0x03, 0x01, 0x01, 0x01, 0x02, 0x02, 0x01, 0x03, 0x02, 0x02, 0x04, 0x0B,
    0x0A, 0x15, 0x01, 0x02, 0x08, 0x0A, 0x02, 0x01, 0x10, 0x10, 0x09, 0x0E, 0x12, 0x0B, 0x16, 0x10,
    0x09, 0x09, 0x0B, 0x14, 0x09, 0x08, 0x02, 0x01, 0x0A, 0x0B, 0x14, 0x04, 0x07, 0x02, 0x04, 0x05,
    0x02, 0x0A, 0x05, 0x06, 0x0B, 0x08, 0x09, 0x0C, 0x18, 0x0C, 0x24, 0x13, 0x18, 0x17, 0x13, 0x3E,
    0x19, 0x2D, 0x1C, 0x1A, 0x0E, 0x0F, 0x05, 0x03, 0x03, 0x05, 0x07, 0x07, 0x05, 0x06, 0x10, 0x11,
    0x09, 0x11, 0x10, 0x05, 0x0F, 0x04, 0x07, 0x07, 0x04, 0x08, 0x05, 0x05, 0x08, 0x08, 0x01, 0x01,
    0x01, 0x01, 0x04, 0x06, 0x0E, 0x09, 0x0C, 0x09, 0x0D, 0x0A, 0x0B, 0x03, 0x02, 0x02, 0x03, 0x01,
    0x03, 0x04, 0x02, 0x02, 0x02, 0x03, 0x01, 0x04, 0x0D, 0x08, 0x0B, 0x04, 0x02, 0x04, 0x05, 0x03,
    0x04, 0x01, 0x0B, 0x04, 0x03, 0x01, 0x01, 0x02, 0x01, 0x03, 0x02, 0x05, 0x07, 0x02, 0x02, 0x07,
    0x07, 0x04, 0x06, 0x04, 0x03, 0x01, 0x02, 0x01, 0x01, 0x03, 0x03, 0x03, 0x01, 0x03, 0x06, 0x07,
    0x07, 0x09, 0x03, 0x05, 0x05, 0x02, 0x01, 0x06, 0x06, 0x03, 0x06, 0x0E, 0x0A, 0x07, 0x0B, 0x02,
    0x96, 0x11, 0x14, 0x14, 0x11, 0x08, 0x08, 0x08, 0x07, 0x03, 0x01, 0x02, 0x03, 0x03, 0x03, 0x02,
    0x03, 0x08, 0x05, 0x04, 0x02, 0x05, 0x07, 0x03, 0x08, 0x03, 0x02, 0x01, 0x04, 0x05, 0x02, 0x03,
    0x07, 0x02, 0x01, 0x01, 0x01, 0x01, 0x04, 0x04, 0x01, 0x06, 0x04, 0x04, 0x04, 0x01, 0x04, 0x01,
    0x20, 0x2B, 0x42, 0x14, 0x12, 0x0A, 0x0D, 0x03, 0x02, 0x03, 0x05, 0x05, 0x03, 0x08, 0x06, 0x09,
    0x07, 0x0F, 0x1B, 0x1E, 0x1D, 0x23, 0x2A, 0x27, 0x28, 0x24, 0x07, 0x05, 0x02, 0x03, 0x04, 0x02,
    0x0A, 0x06, 0x04, 0x06, 0x07, 0x07, 0x05, 0x08, 0x03, 0x0C, 0x06, 0x02, 0x02, 0x04, 0x10, 0x07,
    0x0C, 0x24, 0x21, 0x20, 0x21, 0x27, 0x1A, 0x16, 0x15, 0x18, 0x13, 0x14, 0x13, 0x0F, 0x11, 0x05,
    0x09, 0x04, 0x01, 0x04, 0x01, 0x01, 0x01, 0x01, 0x02, 0x05, 0x0A, 0x07, 0x0B, 0x09, 0x07, 0x0A,
    0x03, 0x06, 0x01, 0x01, 0x01, 0x01, 0x01, 0x05, 0x02, 0x06, 0x07, 0x03, 0x02, 0x04, 0x04, 0x02,
    0x02, 0x04, 0x04, 0x02, 0x06, 0x17, 0x11, 0x09, 0x03, 0x06, 0x07, 0x04, 0x05, 0x07, 0x0E, 0x02,
    0x2A, 0x2A, 0x2B, 0x2C, 0x11, 0x21, 0x11, 0x22, 0x05, 0x0A, 0x08, 0x09, 0x05, 0x03, 0x03, 0x08,
    0x05, 0x01, 0x01, 0x01, 0x06, 0x04, 0x07, 0x1D, 0x0F, 0x0F, 0x1D, 0x2F, 0x2E, 0x2E, 0x2F, 0x0E,
    0x11, 0x11, 0x0C, 0x0B, 0x13, 0x05, 0x0B, 0x0B, 0x05, 0x03, 0x0F, 0x0F, 0x08, 0x0E, 0x1A, 0x14,
    0x0A, 0x10, 0x00, 0x00, 0x00, 0x01, 0x00, 0x00, 0x00, 0x01, 0x00, 0x00, 0xBF, 0x34, 0x20, 0xC1,
    0x5F, 0x0F, 0x3C, 0xF5, 0x00, 0x0B, 0x04, 0x00, 0x00, 0x00, 0x00, 0x00, 0xE5, 0x16, 0x1E, 0x2E,
    0x00, 0x00, 0x00, 0x00, 0xE5, 0x16, 0x1E, 0x2E, 0xFF, 0xFE, 0xFF, 0xC0, 0x05, 0x57, 0x03, 0xC0,
    0x00, 0x00, 0x00, 0x08, 0x00, 0x02, 0x00, 0x00, 0x00, 0x00, 0x00, 0x00, 0x00, 0x01, 0x00, 0x00,
    0x03, 0xC0, 0xFF, 0xC0, 0x00, 0x00, 0x05, 0x94, 0xFF, 0xFE, 0xFF, 0xFE, 0x05, 0x57, 0x00, 0x01,
    0x00, 0x00, 0x00, 0x00, 0x00, 0x00, 0x00, 0x00, 0x00, 0x00, 0x00, 0x00, 0x00, 0x00, 0x00, 0x44,
    0x04, 0x00, 0x00, 0x00, 0x00, 0x00, 0x00, 0x00, 0x00, 0x00, 0x00, 0x00, 0x02, 0x00, 0x00, 0x00,
    0x04, 0x00, 0x00, 0x00, 0x03, 0x00, 0x00, 0x00, 0x03, 0x00, 0x00, 0x00, 0x04, 0x00, 0x00, 0x00,
    0x03, 0x80, 0x00, 0x00, 0x03, 0x80, 0x00, 0x00, 0x05, 0x00, 0x00, 0x00, 0x04, 0x80, 0x00, 0x00,
    0x03, 0x80, 0x00, 0x00, 0x04, 0x00, 0x00, 0x00, 0x03, 0x80, 0x00, 0x00, 0x03, 0x40, 0x00, 0x00,
    0x04, 0x00, 0x00, 0x00, 0x05, 0x00, 0x00, 0x00, 0x04, 0x00, 0x00, 0x00, 0x04, 0x00, 0x00, 0x00,
    0x05, 0x94, 0x00, 0x00, 0x04, 0x80, 0x00, 0x00, 0x05, 0x00, 0x00, 0x00, 0x03, 0x80, 0x00, 0x00,
    0x04, 0x80, 0x00, 0x00, 0x04, 0x00, 0x00, 0x00, 0x04, 0x00, 0x00, 0x00, 0x03, 0x00, 0x00, 0x00,
    0x03, 0x00, 0x00, 0x00, 0x03, 0xC0, 0x00, 0x00, 0x03, 0xC0, 0x00, 0x00, 0x03, 0xC0, 0x00, 0x00,
    0x03, 0x00, 0x00, 0x00, 0x04, 0x00, 0xFF, 0xFE, 0x03, 0x80, 0x00, 0x00, 0x03, 0x80, 0x00, 0x00,
    0x03, 0x80, 0x00, 0x00, 0x02, 0x80, 0x00, 0x00, 0x02, 0x80, 0x00, 0x00, 0x04, 0x80, 0x00, 0x00,
    0x03, 0x00, 0x00, 0x00, 0x04, 0x80, 0x00, 0x00, 0x03, 0x80, 0x00, 0x00, 0x04, 0x00, 0x00, 0x00,
    0x04, 0x00, 0x00, 0x00, 0x04, 0x00, 0x00, 0x00, 0x04, 0x00, 0x00, 0x00, 0x04, 0x00, 0x00, 0x00,
    0x04, 0x00, 0x00, 0x00, 0x04, 0x00, 0x00, 0x00, 0x04, 0x00, 0x00, 0x00, 0x04, 0x80, 0x00, 0x00,
    0x04, 0x00, 0x00, 0x00, 0x03, 0xE0, 0x00, 0x00, 0x05, 0x00, 0x00, 0x00, 0x04, 0x00, 0x00, 0x00,
    0x03, 0x00, 0x00, 0x00, 0x03, 0x00, 0x00, 0x00, 0x02, 0x00, 0x00, 0x00, 0x04, 0x00, 0x00, 0x00,
    0x03, 0xE0, 0x00, 0x00, 0x04, 0x80, 0x00, 0x00, 0x05, 0x00, 0x00, 0x00, 0x03, 0x00, 0x00, 0x00,
    0x04, 0x00, 0x00, 0x00, 0x04, 0x00, 0x00, 0x00, 0x02, 0xCE, 0x00, 0x00, 0x02, 0xE6, 0x00, 0x00,
    0x00, 0x00, 0x00, 0x00, 0x00, 0x0A, 0x00, 0x14, 0x00, 0x1E, 0x00, 0xDE, 0x01, 0x54, 0x02, 0x0E,
    0x02, 0x86, 0x03, 0x00, 0x03, 0x98, 0x04, 0x68, 0x05, 0x10, 0x05, 0x8C, 0x06, 0x26, 0x06, 0xAE,
    0x07, 0x40, 0x07, 0xC4, 0x08, 0x10, 0x08, 0x56, 0x09, 0x58, 0x0B, 0x2C, 0x0B, 0xCE, 0x0C, 0x7A,
    0x0D, 0x34, 0x0D, 0x9A, 0x0E, 0x64, 0x0F, 0x2A, 0x0F, 0xCE, 0x10, 0x40, 0x10, 0xC4, 0x11, 0x3A,
    0x11, 0xCE, 0x12, 0x3A, 0x13, 0x00, 0x13, 0x9A, 0x14, 0x24, 0x14, 0xAE, 0x14, 0xD6, 0x14, 0xFE,
    0x16, 0x20, 0x16, 0x88, 0x16, 0xE8, 0x17, 0x36, 0x17, 0xBA, 0x18, 0x22, 0x18, 0x70, 0x19, 0x02,
    0x19, 0x80, 0x19, 0xDA, 0x1A, 0x5A, 0x1A, 0xC0, 0x1B, 0x24, 0x1B, 0xB8, 0x1C, 0x80, 0x1D, 0x76,
    0x1D, 0xC4, 0x1E, 0x4A, 0x1E, 0x66, 0x1E, 0xC8, 0x1E, 0xF2, 0x1F, 0x7C, 0x20, 0x04, 0x20, 0xF8,
    0x21, 0x2E, 0x21, 0x88, 0x21, 0xE8, 0x22, 0xC2, 0x24, 0x0A, 0x00, 0x00, 0x00, 0x01, 0x00, 0x00,
    0x00, 0x44, 0x01, 0x54, 0x00, 0x0E, 0x00, 0x00, 0x00, 0x00, 0x00, 0x02, 0x00, 0x00, 0x00, 0x00,
    0x00, 0x00, 0x00, 0x00, 0x00, 0x00, 0x00, 0x00, 0x00, 0x00, 0x00, 0x00, 0x00, 0x00, 0x00, 0x0E,
    0x00, 0xAE, 0x00, 0x01, 0x00, 0x00, 0x00, 0x00, 0x00, 0x01, 0x00, 0x08, 0x00, 0x00, 0x00, 0x01,
    0x00, 0x00, 0x00, 0x00, 0x00, 0x02, 0x00, 0x07, 0x00, 0x69, 0x00, 0x01, 0x00, 0x00, 0x00, 0x00,
    0x00, 0x03, 0x00, 0x08, 0x00, 0x39, 0x00, 0x01, 0x00, 0x00, 0x00, 0x00, 0x00, 0x04, 0x00, 0x08,
    0x00, 0x7E, 0x00, 0x01, 0x00, 0x00, 0x00, 0x00, 0x00, 0x05, 0x00, 0x0B, 0x00, 0x18, 0x00, 0x01,
    0x00, 0x00, 0x00, 0x00, 0x00, 0x06, 0x00, 0x08, 0x00, 0x51, 0x00, 0x01, 0x00, 0x00, 0x00, 0x00,
    0x00, 0x0A, 0x00, 0x1A, 0x00, 0x96, 0x00, 0x03, 0x00, 0x01, 0x04, 0x09, 0x00, 0x01, 0x00, 0x10,
    0x00, 0x08, 0x00, 0x03, 0x00, 0x01, 0x04, 0x09, 0x00, 0x02, 0x00, 0x0E, 0x00, 0x70, 0x00, 0x03,
    0x00, 0x01, 0x04, 0x09, 0x00, 0x03, 0x00, 0x10, 0x00, 0x41, 0x00, 0x03, 0x00, 0x01, 0x04, 0x09,
    0x00, 0x04, 0x00, 0x10, 0x00, 0x86, 0x00, 0x03, 0x00, 0x01, 0x04, 0x09, 0x00, 0x05, 0x00, 0x16,
    0x00, 0x23, 0x00, 0x03, 0x00, 0x01, 0x04, 0x09, 0x00, 0x06, 0x00, 0x10, 0x00, 0x59, 0x00, 0x03,
    0x00, 0x01, 0x04, 0x09, 0x00, 0x0A, 0x00, 0x34, 0x00, 0xB0, 0x55, 0x49, 0x2D, 0x49, 0x63, 0x6F,
    0x6E, 0x73, 0x00, 0x55, 0x00, 0x49, 0x00, 0x2D, 0x00, 0x49, 0x00, 0x63, 0x00, 0x6F, 0x00, 0x6E,
    0x00, 0x73, 0x56, 0x65, 0x72, 0x73, 0x69, 0x6F, 0x6E, 0x20, 0x31, 0x2E, 0x30, 0x00, 0x56, 0x00,
    0x65, 0x00, 0x72, 0x00, 0x73, 0x00, 0x69, 0x00, 0x6F, 0x00, 0x6E, 0x00, 0x20, 0x00, 0x31, 0x00,
    0x2E, 0x00, 0x30, 0x55, 0x49, 0x2D, 0x49, 0x63, 0x6F, 0x6E, 0x73, 0x00, 0x55, 0x00, 0x49, 0x00,
    0x2D, 0x00, 0x49, 0x00, 0x63, 0x00, 0x6F, 0x00, 0x6E, 0x00, 0x73, 0x55, 0x49, 0x2D, 0x49, 0x63,
    0x6F, 0x6E, 0x73, 0x00, 0x55, 0x00, 0x49, 0x00, 0x2D, 0x00, 0x49, 0x00, 0x63, 0x00, 0x6F, 0x00,
    0x6E, 0x00, 0x73, 0x52, 0x65, 0x67, 0x75, 0x6C, 0x61, 0x72, 0x00, 0x52, 0x00, 0x65, 0x00, 0x67,
    0x00, 0x75, 0x00, 0x6C, 0x00, 0x61, 0x00, 0x72, 0x55, 0x49, 0x2D, 0x49, 0x63, 0x6F, 0x6E, 0x73,
    0x00, 0x55, 0x00, 0x49, 0x00, 0x2D, 0x00, 0x49, 0x00, 0x63, 0x00, 0x6F, 0x00, 0x6E, 0x00, 0x73,
    0x46, 0x6F, 0x6E, 0x74, 0x20, 0x67, 0x65, 0x6E, 0x65, 0x72, 0x61, 0x74, 0x65, 0x64, 0x20, 0x62,
    0x79, 0x20, 0x49, 0x63, 0x6F, 0x4D, 0x6F, 0x6F, 0x6E, 0x2E, 0x00, 0x46, 0x00, 0x6F, 0x00, 0x6E,
    0x00, 0x74, 0x00, 0x20, 0x00, 0x67, 0x00, 0x65, 0x00, 0x6E, 0x00, 0x65, 0x00, 0x72, 0x00, 0x61,
    0x00, 0x74, 0x00, 0x65, 0x00, 0x64, 0x00, 0x20, 0x00, 0x62, 0x00, 0x79, 0x00, 0x20, 0x00, 0x49,
    0x00, 0x63, 0x00, 0x6F, 0x00, 0x4D, 0x00, 0x6F, 0x00, 0x6F, 0x00, 0x6E, 0x00, 0x2E, 0x00, 0x00,
    0x00, 0x03, 0x00, 0x00, 0x00, 0x00, 0x00, 0x00, 0x00, 0x00, 0x00, 0x00, 0x00, 0x00, 0x00, 0x00,
    0x00, 0x00, 0x00, 0x00, 0x00, 0x00, 0x00, 0x00, 0x00, 0x00, 0x00, 0x00, 0x00, 0x00, 0x00, 0x00,
};
inline constexpr std::size_t gui_icons_ttf_size = sizeof(gui_icons_ttf);
